bank,quarter,call_type,call_date,qa_exchange_id,question_text
JPM,2022-Q1,earnings,2022-04-13,1,"Thank you. Morning, Jeremy. Was wondering about the net interest income outlook, I know it sounds like we'll get more at Investor Day, but it's very similar to what you gave in mid-February and obviously rate expectations have advanced since then. Could you give us a little bit of color and what kind of assumptions are underlying the net interest income ex Markets outlook?"
JPM,2022-Q1,earnings,2022-04-13,2,"Okay. And as my follow up, could you give us some thoughts about the markets related NII? What things should we think about there, whether it's seasonality or how it's affected by rising rates?"
JPM,2022-Q1,earnings,2022-04-13,4,"Hi. Thanks. Good morning. Jeremy, just wanted to follow up on your comments about capital and being able to provide room for organic growth. With 5.2% SLR, 11.9% CET1 versus your longer-term targets, can you talk about what that means in terms of the buyback potential from here? And do any of the RWA inflation items come back off that you just saw in the first quarter? Thanks."
JPM,2022-Q1,earnings,2022-04-13,5,"And just a follow up there too, is there anything you need to consider structurally in terms of like adding preferreds to help bridge the gap or is it just going to be enough to organically build back with possibly just utilizing less buybacks to allow things to just grow back?"
JPM,2022-Q1,earnings,2022-04-13,8,"I had a question for Jamie. In your annual letter, you mentioned how you expect to achieve double-digit market share over time in payments. And what I wanted to understand is if you could unpack that a little bit because when I look at payments, you've got a lot of different sleeves. For example, in consumer credit card, you're at 20%, 25%. In treasury, I think you're at 7%. So could you give us a sense as to where you think you are in this total payments category you're talking about, what you're expecting in terms of drivers to get to double-digit and what kind of timeframe you're thinking about there? Thanks."
JPM,2022-Q1,earnings,2022-04-13,9,"Okay. And getting to double digits is over the same kind of timeframe, the same pace going from 4% to 7%? Or you think you can accelerate that? Because I see what's..."
JPM,2022-Q1,earnings,2022-04-13,10,"Okay. And then just the follow up here is on the NII outlook where you indicated the curve suggests the plus side, and is it a couple of billion. And I guess the question I have is, historically you've been looking to reinvest that benefit from rising rates. You did that last cycle as well. What I'm hearing is that maybe you don't want to size it for us right now today because you plan on investing it and explaining that at Investor Day. Is that a fair take away?"
JPM,2022-Q1,earnings,2022-04-13,13,"...wanted to start off with a question on QT. In the past, you've spoke about the linkage between Fed balance sheet reduction and deposit outflow expectation for yourselves and the industry. And with the Fed just outlining a more aggressive glide path for balance sheet reduction, how should we be thinking about deposit outflow risk? Any views on how betas may differ versus last cycle given a more aggressive pace of Fed tightening?"
JPM,2022-Q1,earnings,2022-04-13,14,"No, that's really helpful color. Thanks for allowing us to nerd out with you guys on that. Just one more topic or follow up, I should say. Jamie, just in the shareholder letter, you had spoken about how the market is underestimating the number of Fed hikes that might be needed to curb inflation. What's your expectation around the level of Fed tightening? I know it's difficult to make such predictions, but maybe if you could just help us understand given your own rate outlook how that's informing how you're managing excess liquidity, given the significant capacity that you have to redeploy some of those proceeds into higher yielding securities."
JPM,2022-Q1,earnings,2022-04-13,15,And any appetite to deploy the excess liquidity?
JPM,2022-Q1,earnings,2022-04-13,17,"Hi. Thank you. I wonder if you could talk through the changes in the macro assumptions to capture that downside risk in CECL assumptions. What I want to get to is where we came from, where we're at now, and then we can impose our thoughts on each quarter as we go..."
JPM,2022-Q1,earnings,2022-04-13,18,Yeah. The 10% is what I wanted because your guess is better than my guess. So I appreciate that.
JPM,2022-Q1,earnings,2022-04-13,19,"Okay. We'll have a pinky bet. So I think you might have just answered, but I want to make sure I ask it explicitly. The follow up I have on credit, and I know it's in much better shape and it depends on the go forward, but are you seeing any stresses in the levered parts of the debt markets, meaning levered loans, high-yield, CLO, private credit? Anything in there that makes you turn a side eye?"
JPM,2022-Q1,earnings,2022-04-13,20,That doesn’t sound so bad.
JPM,2022-Q1,earnings,2022-04-13,21,"Maybe the last quickie on credit is just with everybody having a job and there's wage inflation and excess cash, are there any buckets of the income that you're seeing the early-stage delinquencies picking up?"
JPM,2022-Q1,earnings,2022-04-13,22,Okay. Thank you for all that.
JPM,2022-Q1,earnings,2022-04-13,24,"Can we follow up on your comments about building up the reserves? I think you said it was $902 million that you guys built up, and it was due to high inflation and the war in the Ukraine. How much was it due to inflation? And when you made that comment, is it because you're concerned about the lower end consumer spending more money for fuel and food that may lead to greater delinquencies down the road? And how much was it due to the Ukraine situation?"
JPM,2022-Q1,earnings,2022-04-13,25,"Understood. And then as a follow up, Jeremy, if we look at the AOCI number that you gave us, and you were very clear about it, it's going to accrete back into the capital as those securities mature, two things. Is there anything you can do, assuming if the long end of the curve continues to rise and probably giving you maybe a bigger hit on AOCI as we go forward, is there anything you can do to mitigate that, whether to shrink that, the available-for-sale portfolio, which looks like it was $313 billion at the end of this period? Or do you just have to grow the revenue, as you pointed out, as another way of growing your capital?"
JPM,2022-Q1,earnings,2022-04-13,27,"Hi. I have a question for both Jeremy and Jamie. Jeremy, I guess the SLR 5.2% close to the minimum, you explained that. But the since quarter end, AOCI probably has gotten worse and I'm guessing your SLR might be very – even closer to that minimum. So I understand your central case, it's fine. Your outlook is good. But at what point do you say – do you stop buybacks? Or do you think you'll buy back maybe half of the $30 billion authorization or does JPMorgan even put on asset caps given just the amazing asset growth over the last three months? So that's my question for Jeremy. The bigger picture is for you, Jamie. Your CEO letter, the takeaway was in the eyes of the beholder like, oh, Jamie is really worried about a recession this year. No, he's not. So the first question certainly ties into the second. So, Jeremy, plan for buybacks, stopping at asset caps. And then, Jamie, your view of the broader economies and that feeds into your expectations for capital growth. Thank you."
JPM,2022-Q1,earnings,2022-04-13,28,"Are you allowed to say what you're planning to do in the near-term like just – like if you're kind of like half the level last year, do you think you can keep that or does it slow down or you're not giving guidance now –"
JPM,2022-Q1,earnings,2022-04-13,31,"Yeah, no, I mean, if you read your CEO letter, that's great. You're the Chief Worry Officer. You're the Chief Risk Manager. You're bringing up all the things that keep you up at night which is great. But you can read it one way and say, hey, Jamie and JPMorgan thinks there's going to be a recession this year. And you can read it another way saying, hey, things are fine but these are some tail risks. So, do you think – and I'll repeat what Glenn said. Your view's better than mine, and I'm not going to accept anything else. You have a lot people, a lot of resources. Do you think the US is going to have a recession this year based on everything you know?"
JPM,2022-Q1,earnings,2022-04-13,33,"Good morning. I was hoping you guys could comment on there's some articles on the nickel exposure and how the losses could have been significant if the trades hadn't been canceled and some of the actions that were taken. And just as a follow up, you guys have talked about kind of looking at that business and reevaluating just how you think about some of the outsize risks, and maybe you could update us on that process."
JPM,2022-Q1,earnings,2022-04-13,34,"And then I guess, I mean, more broadly speaking, given what we just saw where it was probably a several standard deviation event and kind of, as you mentioned, markets might do more of these unusual things like, does it make you step back and look at other portfolios, other businesses and try to reduce..."
JPM,2022-Q1,earnings,2022-04-13,35,"And then just separately, you mentioned earlier that you weren't looking to deploy large amounts of your liquidity. And I guess the question is you might get the rate benefit just from Fed funds going up, but is there an opportunity to accelerate that benefit just by moving from cash into shorter-term treasuries? We've obviously had a big move in..."
JPM,2022-Q1,earnings,2022-04-13,37,"Hey. Good morning. Maybe you could just talk about how you're thinking about the trajectory of loan growth from here, where you're seeing the biggest pockets of strength. And specifically to cards, is this significant year-over-year growth driven more by slowing pay downs? Or is that increasing demand, or a combination of both? Thanks."
JPM,2022-Q1,earnings,2022-04-13,38,"Okay. And then maybe just skipping over to trading, clearly a stronger quarter, must have finished off strongly in March. So any confirmation of that? And how do we – if you're expecting more volatility around Fed and QT, should we be thinking that this could be a better than normalization year? How are you thinking about trading, I guess, going forward?"
JPM,2022-Q1,earnings,2022-04-13,39,Yeah. I could try.
JPM,2022-Q1,earnings,2022-04-13,41,"Good morning. I guess just one more question on the macro outlook. I guess we can debate whether or not we get into a recession over the next year. But, Jamie, would love to hear your thoughts around as we think about just the medium term, do you see a better CapEx cycle for the US economy? We've heard a lot about reshoring, labor productivity, how companies are dealing with it. Just given the lens you have in terms of large corporates, middle market customers, do you see some pent-up demand for CapEx spending that's going to be a big driver of growth, maybe not for the next six months but as we think about the medium term next few years?"
JPM,2022-Q1,earnings,2022-04-13,42,"And just on that front, like have you seen any improvement in supply chains and how big a setback was the Russian war to supply chain improvements?"
JPM,2022-Q1,earnings,2022-04-13,43,Got it. And just one follow up around you launched the UK digital bank last month. Any early wins in terms of how that's playing out? Any perspective on what the markers are as you think about how that strategy plays out? I'm sure you're going to talk about that at Investor Day but just wondering any early thoughts.
JPM,2022-Q1,earnings,2022-04-13,45,Hi. Good morning. My questions have been asked and answered. I'll see you guys at Investor Day.
JPM,2022-Q2,earnings,2022-07-14,1,"Hey. Good morning, Jeremy. Hey, good morning, Jamie. Wanted to start off with a question on capital targets. I don't believe you provided an update on your firm wide CET1 target of 12.5% to 13%. And given the new higher SCB, future increases in your GSIB surcharge to 4.5%, your regulatory minimum is slated to increase beyond 13% by 2024, which is also beyond the horizon reflected on slide 3. And just given that high regulatory minimum, elevated SCB volatility in recent years, what do you believe is an appropriate capital target for you to manage to from here over the long term?"
JPM,2022-Q2,earnings,2022-07-14,2,"Fair enough. And just for my follow up on the loan growth outlook, loan growth continues to surprise positively. Certainly, the tone, Jeremy, that you conveyed was quite constructive despite the challenging macro backdrop. But with companies citing higher inventory levels, declining personal savings rates, growing inflationary pressures, whole list of potential headwinds that could negatively impact loan growth from here, I was hoping you could just speak to the outlook for loan growth across some of the different businesses. And what do you see as a sustainable run rate of loan growth over the medium term?"
JPM,2022-Q2,earnings,2022-07-14,3,Thanks so much for taking my questions.
JPM,2022-Q2,earnings,2022-07-14,4,"Hi. Thanks very much. I wonder if you could just talk to how you balance it all, meaning JPMorgan is always growth-minded. You underwrite for returns over the cycle. I get that. But given some of the potential bad stuff going on in the world that you've noted in some of the articles you've been in and at the conference, is there any point where that rougher outlook has you tightening the underwriting box to build capital and liquidity faster? Or do you think you can get there just through what you've laid out today on the buyback pause?"
JPM,2022-Q2,earnings,2022-07-14,5,"Well, I appreciate that. And did you all consider a CECL reserve and increasing the probability to the core scenario in this quarter? And just curious on how you thought about that. Thanks."
JPM,2022-Q2,earnings,2022-07-14,7,"Hi. Good morning. Jeremy, just wondering if you could talk about the deposit trends you're seeing, the differences between commercial deposits, wealth management and retail in terms of flows and repricing pressures."
JPM,2022-Q2,earnings,2022-07-14,8,"Okay. And then as a follow up, in terms of the updated NII outlook, you had talked about an exit rate in the fourth quarter of about $66 billion at Investor Day. Just kind of wondering what that looks like and what kind of fading benefit from rate hikes you have assumed in your outlook."
JPM,2022-Q2,earnings,2022-07-14,9,Just deposit betas Yeah.
JPM,2022-Q2,earnings,2022-07-14,12,"Jamie, you mentioned just on the SCB earlier that you intended to reduce it by reducing the things that caused it to rise. Could you give us a sense as to what you saw in the results that you got that drove that SCB up? Because I talk to folks that say it's a black box, so it would be helpful to understand what you see as what the drivers were to that SCB increase."
JPM,2022-Q2,earnings,2022-07-14,13,Got it. And then...
JPM,2022-Q2,earnings,2022-07-14,14,No. I hear you on all that. And the mortgage comment you made earlier was about shrinking mortgage growth rates or shrinking the balances of mortgages that you have on the book...
JPM,2022-Q2,earnings,2022-07-14,15,"Yeah. And would you reduce the buffer? I mean in the past, Jamie, you've talked about, hey, as these required capital ratios increase relative to the risk in your business staying more consistent, then you've said before that you may operate with less of a buffer. Could you unpack that a little bit?"
JPM,2022-Q2,earnings,2022-07-14,17,"Hey. Good morning. Maybe just on expenses, if I kind of look at the first half with this slowdown in investment banking, I think your annualized is less than $76 billion, but you're still targeting $77 billion. Is that implication of just higher investment spend in the second half? Or just uncertainty around getting the pipeline completed or not and just assuming it might get done until we know better?"
JPM,2022-Q2,earnings,2022-07-14,18,"Okay. Great. And then just maybe on credit. It continues to look, I guess, very good, whether it's on the consumer side or commercial side. We don't really see it. But are you starting to see any initial cracks in credit or strains in the system?"
JPM,2022-Q2,earnings,2022-07-14,19,Right. So prime is still holding up quite well. Thanks.
JPM,2022-Q2,earnings,2022-07-14,20,"Yeah, hey, guys. Good morning. Just a follow up on the points about managing the balance sheet and capital and RWAs. How do you think about your ability to manage that RWA output and dimensionalizing how, if at all, it might impact either the net income outcome or the ROTCE outcome as you look forward?"
JPM,2022-Q2,earnings,2022-07-14,21,"Got it. Okay. That's a fair point. And then just second one on cards. Card revenue rate continues to slip even with the NII benefit. Obviously, you've got the denominator increase in there too and spend versus lend. Can you just help us understand the dynamics underneath Card revenue rate and where you expect it to go from here? Thanks."
JPM,2022-Q2,earnings,2022-07-14,24,"Could you help me reconcile your words with your actions? After Investor Day, Jamie, you said a hurricane is on the horizon. But today, you're holding firm with your $77 billion expense guidance for 2022. I mean, it's like you're acting like there's sunny skies ahead, you're out buying kayaks, surfboards, wave runners just before the storm. So is it tough times or not?"
JPM,2022-Q2,earnings,2022-07-14,25,"So clearly, running the company for next 5 to 10 years, if we have a recession in the next 5 to 10 months, how does technology help you manage through that better, whether it's credit losses, managing for less credit losses, expenses, more flexibility, or revenues maybe gaining market share? What's the benefit of all these technology investments if we have a recession over the next..."
JPM,2022-Q2,earnings,2022-07-14,27,"Yeah. I think the only other thing is just Market revenues are a lot weaker, right? I mean the Market outlook is worse, and so we know you had structural spending. So when all else equal that'd be a little bit less then."
JPM,2022-Q2,earnings,2022-07-14,29,"Thank you. Good morning, guys. Jeremy, you touched on the deposit commentary a short while ago. Can you elaborate on QT and the impact that you've seen? Now, granted, I know June was not full QT of $95 billion a month, but can you guys give us a flavor? And I think, Jamie, you mentioned that if I heard it correctly, that maybe $300 billion to $400 billion of deposits could outflow over time, I'm assuming due to QT. But can you guys elaborate what you saw in June? Is it tracking the way you think it's going to be? And any further outlook for what the deposits could be over the next 12 months due to QT?"
JPM,2022-Q2,earnings,2022-07-14,30,"Very good. And then as a follow up, I don't believe you guys disclosed the outstandings in the bridge book, but two questions. And, Jamie, you've been very clear about this in the last 10 years, how you've de-risked that balance sheet and you mentioned that already today. Can you just give us some color on how different it is today from 2008-2009 just so investors know that it is meaningfully different? And second, what caused the write-down in the bridge book this quarter?"
JPM,2022-Q2,earnings,2022-07-14,32,"Hi. Just had a few follow-up questions. The first is on balance sheet management .Jeremy, the illustrative path that you set forth on slide 3, does that include RWA mitigation? And as we think about the $58 billion-plus in updated NII guide, what kind of deposit growth does that assume? You noted that part of the SCB mitigation is to drive out non-operating deposits. Just wanted to understand what the assumption was there as well, please."
JPM,2022-Q2,earnings,2022-07-14,33,"Got it. And my follow up question is for Jamie. Jamie, we've heard your caution about the economy, and I think there's a bigger debate on how the US consumer is going to be impacted in light or in contact with the downturn. The statistics that Jeremy laid out imply a pretty healthy starting point for the consumer that you bank, and the reserve build for loan growth in Card and the less than 2% loss rate in Card lead us to believe that your consumer is still okay. As you think about the various scenarios and you think about the realistic range of outcomes, how does the US consumer perform, because it feels like that's the big wild card. And we've seen the journal term, a job flow or recession. I just wanted to get your thoughts there."
JPM,2022-Q2,earnings,2022-07-14,34,Thanks for that.
JPM,2022-Q2,earnings,2022-07-14,35,"Good morning. I guess just a couple of follow-ups, Jeremy. In terms of the markets have gone very quickly from pricing in a ton of rate hikes to potentially pricing in rate cuts next year. Just talk to us, like how that's informing your ALCO balance sheet management as you think about hedging, downside risk from lower rates start 12 to 18 months out. Like should we expect you to add duration or do anything synthetic to protect against lower rates?"
JPM,2022-Q2,earnings,2022-07-14,36,"That's helpful. And just one follow up on credit. I heard your comments on the consumer. If we enter some version of a mild recession, like if you had to pick one or two areas, where do you think losses would be driven by? Is it on the commercial side? Is it CRE? How do you expect that downturn to kind of play out?"
JPM,2022-Q2,earnings,2022-07-14,38,"Hi. Sorry about that. I somehow got disconnected. Sorry if I missed this, but if we think about provisioning or reserving for a moderate recession, what's the best guess on how much that might be? I think for COVID it was around $14 billion ex CECL, but obviously you alluded to the consumer being better, and the loan mix has changed. There's lots of puts and takes, but how would you frame kind of total reserve builds..."
JPM,2022-Q2,earnings,2022-07-14,39,"Okay. And then separately, you've got about $14 billion of losses in OCI. Obviously, most of that flows back to capital as the bonds mature. What's kind of some good rule of thumb in terms of how quickly that comes back if rates stabilize here?"
JPM,2022-Q3,earnings,2022-10-14,1,"Hi. Thanks a lot. Good morning. I just wanted to follow up on the NII and the deposit side to Jamie's comments there. Obviously, one of the toughest uncertainties is to understand how we think about flows and mix and beta, so just starting to see it, it looks like, in terms of deposit costs starting to increase. So, how do you think about it now in this new environment where we might go to 4.5%, maybe higher, in terms of how betas might act over the course of this cycle as compared to any prior cycles and previous thoughts? Thanks."
JPM,2022-Q3,earnings,2022-10-14,2,"Got it. Okay. And then just the second follow-up on Jamie's points about, like, okay, if things do look worse ahead, looking ahead you might have to build a little bit more, understandable, over the next couple of years. Can you just help us understand just where you are in your scenario now as scenarios build? And just today still looks great, tomorrow there's some more uncertainty. So, how do we just get to start to understand how quickly and how you get your handle on that magnitude of ACL delta, and how do you think about it versus either, I don't know, pandemic peak or day one CECL? It's very hard for all of us to see this, of course."
JPM,2022-Q3,earnings,2022-10-14,6,"Good morning. I guess just following up, Jamie, so appreciate CECL and the model-based approach. I think you were quoted in the press talking about the potential for a recession in the next six to nine months. Would appreciate any perspective in terms of, are you beginning to see cracks, either in commercial real estate, consumer where it feels like the economic pain from inflation, higher rates is beginning to filter through to your clients. Would appreciate any insights there."
JPM,2022-Q3,earnings,2022-10-14,7,"And just tied to that, I think the other thing that investors from the outside worry about is interconnectedness of the system, be it the UK gilts market, LBOs. How much are you worried about that part of the business in terms of having a meaningful impact in terms of a capital shock at some point over the next year, just given all the QT happening around the world?"
JPM,2022-Q3,earnings,2022-10-14,9,"Hey. Good morning. Hey, Jeremy. At the Investor Day, you noted that expense growth in 2023 would slow from this year's level and might be slightly higher than consensus expectations at the time. So, is that – now that you get closer to next year, does that still hold? And if the economy does get worse than expected, is there some levers to pull? Or is it just still investing heavily, regardless?"
JPM,2022-Q3,earnings,2022-10-14,11,"Right. And maybe on that front, leverage loans write – were there any leverage loan write-downs this quarter? And is that – and how do you – is that market beginning to clear? Or are there still overhangs?"
JPM,2022-Q3,earnings,2022-10-14,13,"Hi. Good morning. Jeremy, wanted to ask about your EaR disclosures, what we call your rate sensitivity disclosures. They look a little different than peers. And when we look at the sensitivity to 100 basis points of higher rates beyond the forward curve, it looks like you're liability sensitive. Can you give us some context of maybe the limitations of that disclosure and how we should put that in context of the assumptions behind it?"
JPM,2022-Q3,earnings,2022-10-14,14,"And just to follow up on Jamie's comments about not annualizing the fourth quarter, is that where the risks lie to annualizing the fourth quarter? What are some of the puts and takes – you said it might be down a little bit from that fourth quarter annualized."
JPM,2022-Q3,earnings,2022-10-14,16,"Well, good morning. I agree with Ebrahim that your presentation this morning was quite crisp and impactful. So, I'm going to ask the question that I think has been sort of the key debate to the stock all year. So, at Investor Day in May, you mentioned a ROTCE target of 17% and that was before we found out that the SCB would be higher in June. As we think about your capital build going faster than expected and you think about the revenue power that shows through in this firm, plus or minus what may happen with CECL, do you think you can achieve 17% ROTCE next year?"
JPM,2022-Q3,earnings,2022-10-14,17,"Thank you for that, Jamie. And this is a super-micro question as a follow-up for Jeremy. Why would Markets NII be zero next quarter, and should we expect that to be zero next year?"
JPM,2022-Q3,earnings,2022-10-14,19,"Hi. Jamie, once again, I'm trying to reconcile your actions with your words. You've said publicly, you mentioned the hurricane, you mentioned a recession, you mentioned look out, and there are all sorts of risks. I don't think anyone disagrees with that. On the other hand, your reserves- to-loans are still well below CECL day one, so your actions with the reserving don't seem to reflect your more pessimistic comments about the economy. So, how do I reconcile the two?"
JPM,2022-Q3,earnings,2022-10-14,21,"Yeah, I just understood it as the lifetime losses on the loans as opposed to that..."
JPM,2022-Q3,earnings,2022-10-14,22,"So, let's just cut to the chase. Where are you versus three months ago? I mean, is it – you certainly got headlines with the hurricane comment and all that. And it's – look, like as you said, you have debt tightening, QT, tighter capital rules for banks, you have like the trifecta of tightening by the Fed, and then you have wars and everything else, so I don't think anyone, and the stock market supports your view about all the risks out there. But are things better, worse, or the same as they were three months ago?"
JPM,2022-Q3,earnings,2022-10-14,24,"Yeah. Last follow-up. I know you invest through cycles. You've always done that, you're consistent, but I mean your headcount increase is probably going to be the highest in the industry. I mean head count from 266,000 to 288,000; your CIB, you're adding headcount. And if you did expect weakness in nine months from now, wouldn't you wait to hire people? Maybe get them a little cheaper?"
JPM,2022-Q3,earnings,2022-10-14,27,"Hi. A couple of questions. One, just on the investment spend, could you give us a sense as to the areas that you're leaning in the most as we should be thinking about into next year? Because you've obviously done a lot this year with regards to technology advancement, companies that you're buying to enhance your digital capabilities and international expansion, in particular, on the consumer side. So, just thinking through, is this a continuation on those themes or is there something else we should be looking for?"
JPM,2022-Q3,earnings,2022-10-14,28,"And the inflation that drives some of that cost structure, you can deal with through just efficiencies elsewhere, is that fair?"
JPM,2022-Q3,earnings,2022-10-14,29,"Okay. And then separately on the bond restructuring that you did this quarter and the comments around, look, we don't need to hold stuff we don't need to hold, we don't want to hold, would that – that kind of suggests to me that there'll be more bond restructuring as we go through the next quarter. Is there any reason why you didn't clean the whole thing up this quarter?"
JPM,2022-Q3,earnings,2022-10-14,31,"Okay. Thank you. This is Glenn. So, look, from time to time, weird things happen in the market. We get these losses like Archegos and now this UK pension LDI issue. So, my question for you is besides that, do you have risk in the derivatives book? And is the done? It's more of when you meet with risk committee, are there pockets of leverage that you're considering on these big market moves, whether it be the dollar or rates where we are not thinking of like a – or do you view the LDI issue as an isolated event?"
JPM,2022-Q3,earnings,2022-10-14,32,"Would the dollar qualify as one of those super-strong moves that could put people offsides? And if so, how do you make sure you protect JPMorgan against that?"
JPM,2022-Q3,earnings,2022-10-14,34,Thank you both. Appreciate it.
JPM,2022-Q3,earnings,2022-10-14,35,"Thank you. Good morning, Jeremy, and good morning, Jamie. You guys have been talking about the system, the liquidity with – Jamie, you referenced QT, also the fragility of the system. Can you share with us what are the metrics you guys are looking at to see if the system does have a problem on liquidity? Just this week you probably saw that the Swiss National Bank upped its reserve currency swap lines to $6.3 billion. So, what are some of the things you guys focus in on to see if there's going to be maybe more – some liquidity issues that could lead to greater problems?"
JPM,2022-Q3,earnings,2022-10-14,36,"Very good. And then in terms of the Investment Banking and Capital Markets businesses, can you guys give us any color into pipelines? How they stood at the end of the third quarter, and as you're going into the fourth quarter, what you're seeing in terms of those business lines?"
JPM,2022-Q3,earnings,2022-10-14,38,"Can you guys talk about the outlook for loan growth the next few quarters? And besides some of the obvious areas like leverage lending and correspondent mortgage you already talked about, any areas that you're tightening around the edges?"
JPM,2022-Q3,earnings,2022-10-14,39,"And I guess when we read the headlines about home prices going down in some markets and car prices starting to roll, I mean why doesn't that drive some tightening in those businesses?"
JPM,2022-Q3,earnings,2022-10-14,41,"Yeah. I'm just curious in your guidance on NII where you kind of implied fourth quarter would be peak run rate. Next year, do you factor in any impact from a possible treasury buyback program which could redirect liquidity out of the money market system into the banking system, and, therefore, keep your deposit betas lower? Do you think about that at all as a possibility?"
JPM,2022-Q4,earnings,2023-01-13,1,"Hi. Good morning, Jeremy. I wanted to ask about the NII outlook slide 10. The range of outcomes on deposit costs is quite wide, as you mentioned. It looks like 1.5% to 2% demonstrated there. Does the $74 billion NII line up with kind of the midpoint of that? Maybe you could give some color about kind of the drivers of the $74 billion and where that lines up on this range of deposit cost outcomes."
JPM,2022-Q4,earnings,2023-01-13,2,"Okay. Thanks. And on buybacks, how will you think about approaching buybacks and putting it in that mix of capital decisions that you have and any thoughts on kind of the size or quantifying the potential buybacks?"
JPM,2022-Q4,earnings,2023-01-13,4,"Hi. Good morning. Jeremy, my first question is just, as you can imagine, following up on the NII line of questioning, appreciate that there is a significant amount of uncertainty in this year's NII forecast in particular. But to follow up with John's question, I'm wondering if you could give us sort of more specific guardrails with regards to what you're expecting for deposit attrition and deposit beta in terms of the terminal deposit beta. I think the feedback I'm getting very early from investors is that they appreciate the headwinds that's occurring for NII this year. At the same time, you have been consistently beating what seemed like conservative NII expectations for 2022, including printing a giant $20.3 billion number in the fourth quarter. So that's why I think the more specific guardrails could be very helpful as investors try to figure out what their own expectations are versus that."
JPM,2022-Q4,earnings,2023-01-13,5,"And my follow-up is exactly in that line of questioning. Let's zoom out for a second here – to your point, Jamie, the returns are still good. You mentioned that your outlook already captures a mild recession, and I'm going to re-ask the question I asked in the third quarter. As you think about 2023, do you think JPMorgan can hit that 17% ROTCE that you laid out in Investor Day even with the headwind in NII and the headwind in the provision?"
JPM,2022-Q4,earnings,2023-01-13,7,"Good morning. I guess maybe, Jeremy, just following up on the credit assumptions underlying – if you could give us a sense of what's assumed in that reserve ratio at the end of the year, be it in terms of the unemployment rate, and your outlook around just a lot of chatter around commercial real estate, the struggles to reprice in the current rate backdrop. Are you concerned about that? Are you seeing pain points in CRE customers given what's happening with cap rates and then just overall backlog today?"
JPM,2022-Q4,earnings,2023-01-13,8,"Noted. And I guess just as a follow-up – you've managed RWA growth pretty well – when you look at loan growth year-over-year versus RWA, stayed relatively flat. As we think about just managing capital, how should we think about the evolution of RWA? Are there still opportunities to optimize that going into whatever the Fed comes out with on Basel? Thank you."
JPM,2022-Q4,earnings,2023-01-13,10,"Hi. Thank you. I'm curious – I want to talk leveraged loans for a second. You've done a good job avoiding some of these – putting on these – loans for the better half of the last half year. So good call on your part. Things have gotten a lot cheaper. However, bank balance sheets, not yours, are still kind of mucky-ed up with a lot of the back book. I'm curious to see if things have gotten cheap enough. Do you consider yourself back in? And how important is this in general for activity levels to pick back up to have available funding from the big banks?"
JPM,2022-Q4,earnings,2023-01-13,11,"Interesting. So maybe a bid-ask thing, more so. Okay. Maybe, Jamie, while we have you, in the last annual letter, you talked about low competitive moats and intense competition from all angles, not just fintech. And I was just trying to think out loud. Is that better or worse, that competitive landscape, in a much higher rate backdrop? Maybe I'll just leave it at that to see where you go with it."
JPM,2022-Q4,earnings,2023-01-13,14,"Jeremy, you mentioned in your Payments business that if you took out the equity investment write-downs, the growth was over 50%. Can you share with us on the equity write-downs, obviously, private equity is going through some challenging times and I'm assuming..."
JPM,2022-Q4,earnings,2023-01-13,15,"Oh, I got it. Okay. I thought there was a write-down there. Okay."
JPM,2022-Q4,earnings,2023-01-13,16,"Very good. Thank you, Jamie. Sticking just with private equity for a moment, can you share with us where the risks are in the private equity markets to JPMorgan – when you think about it from your loan book? Or is it really just in equity investments? And maybe expand upon that."
JPM,2022-Q4,earnings,2023-01-13,17,"That's correct, Jeremy. And just in terms of any lending, obviously, so many of these companies have seen their valuations come down considerably. Is there any elevated risk lending to some of these companies considering the struggles they're having?"
JPM,2022-Q4,earnings,2023-01-13,18,"Great. And then as a follow-up question, you guys did a good job building up that loan loss reserve this quarter. Two questions to that. First, the Shared National Credit exam results are always released in February. Does the reserve buildup take some of that into account? And second, how much of the reserve build was more of a management overlay versus your base case, the quantitative part of the decision making for building up the reserve?"
JPM,2022-Q4,earnings,2023-01-13,19,"Oh. And the Shared National – yeah, go ahead."
JPM,2022-Q4,earnings,2023-01-13,21,"Hi. Thanks. Good morning. Just wondering if you can help us understand the ongoing efforts on your mitigation for the RWAs in advance of all the points you've made already about the pending capital regime. Can you help us understand what type of effects that has, if any, on parts of the income statement, whether it's NII or the Trading business?"
JPM,2022-Q4,earnings,2023-01-13,22,"Okay. And then on the – one follow-up. Just coming back to the reserving process. Can you just help us understand relative to the 5% peak in 3Q that you gave for your unemployment rate quarterly average and that 3.9% average baseline, where does this fourth quarter reserve get you to? And just does that rule of thumb that you kind of gave us last quarter still stand in terms of scenario analysis on potential builds ahead of this mild recession?"
JPM,2022-Q4,earnings,2023-01-13,23,"Yeah, I hear you. The challenge this time is that we're going to have the income statement effect way ahead of that charge-off. So, we're all trying to just fit for that. But I appreciate that. Thanks, Jamie."
JPM,2022-Q4,earnings,2023-01-13,24,Exactly. Right.
JPM,2022-Q4,earnings,2023-01-13,26,"I wanted to understand a little bit about how you're thinking about managing the expense line as you go through this year. I know we talked already about how it's hard to predict NII, obviously Markets has pushes and pulls. Can you help us understand how you're thinking about delivering operating leverage, where the elements of the expense base are needing to be invested in so you really can't touch, and where there are opportunities to potentially peel back such that if you get a weaker rev line you can still deliver positive operating leverage?"
JPM,2022-Q4,earnings,2023-01-13,27,"Okay. And part of the reason for asking is one of the debate points on JPMorgan's stock has been around the capital charges, the capital margin, will capital be a bigger burden for you to bear as we go through the next couple of years. As you deliver on the positive operating leverage side, it gives you room to absorb some more capital, obviously, and still hit those IRR and ROTCE targets on incremental investments. Maybe you could help us understand what level of capital increase you could absorb given the operating leverage you're expecting to generate. And maybe that's an unfair question today and it's a better question for Investor Day, but that's kind of the debate that's out there on the stock."
JPM,2022-Q4,earnings,2023-01-13,29,"Hi. Yeah. I recognize you're evolving your business model and you're spending money to make more money and that your track record last decade was strong there. But as it relates to the Frank acquisition that's been in the news, I'm just wondering what that says about the financial discipline for the 15 deals that you pursued, the $7 billion of investing each year, and the one-fifth increase in expenses over three years to your guide of $81 billion in 2023. So, it's really a question about financial discipline. And I know you can't go into details on the Frank deal, and, look, you earn the purchase price in two days. Okay. So, I get that. And if there's fraud – you can't do anything about fraud, but still it diverts management resources and attention. So, maybe, just in the specifics, as it relates to the acquisition strategy, like who sources them? Who negotiates them? Who does the due diligence? Who runs it? And ultimately who is accountable for all these 15 different deals? And when you're having investments going across business lines, which is a strength of you guys, but who is ultimately accountable when these investments don't go the way you want to? And, Jamie, you recognized a couple years ago at Investor Day, you said, look, sometimes you're going to waste money as you're innovating and you're growing. But ultimately who is accountable when an investment doesn't go right, like the Frank deal or another deal or some of the other $81 billion that you expect to spend this year?"
JPM,2022-Q4,earnings,2023-01-13,30,"Let me follow up on that. So, that relates to the inorganic growth. As it relates to the organic growth, such as in the Payments business, which I know is a focus – that cuts across a lot of different business lines. So, as you invest more in Payments, which can be a 20 or 30 P/E business, which could be great if you got there – who is responsible for that sort of organic investment that cuts across? Sometimes the way you aggregate the data, it's Consumer, it's to the Investment Bank, it could be Asset Management, it could be Commercial, it could be everything in the Payments. Who's responsible for those?"
JPM,2022-Q4,earnings,2023-01-13,31,"And then last follow-up to my first start, the general comment. I mean, this is the third year in a row of about $5 billion of expense growth. And you have slide 11 there, but I mean, that's a lot of certain front-loaded expenses for less certain back-ended benefits. How's your comfort level that you're going to see those back-ended benefits, relative to the past?"
JPM,2022-Q4,earnings,2023-01-13,33,"Hi. Good morning. So, wanted to start off with a question on the outlook for Trading and the Investment Banking businesses. Just, Jeremy, given the strong pipelines you cited, was hoping you can provide some additional color just in terms of what you're hearing from corporate clients, especially in the context of the mild recession scenario you outlined, when you would expect to see some inflection in Investment Banking activity. And similar question on the Trading side – you're facing difficult comps in the coming year, we still have QT, rate volatility proxy is still elevated. Do you anticipate a significant moderation in Trading activity or not?"
JPM,2022-Q4,earnings,2023-01-13,34,"That's really helpful color. And just for my follow-up on finalization of Basel III, sorry Jeremy, I couldn't help myself here. But in Barr's December speech, he strongly hinted at capital requirements moving higher for you and peers. You also alluded in your comments, or in a response to one of the questions, that the finalization of Basel III can potentially be very punitive. Given the absence of the proposal, I was really just hoping you could speak to how you're scenario planning for the eventual finalization and any additional detail you can offer on the areas of mitigation. I think the one issue or area of confusion is that one of the biggest sources of RWA inflation is op risk, which can't really be mitigated. So, what are the actions that you can take to really offset some of those potential headwinds?"
JPM,2022-Q4,earnings,2023-01-13,37,"Good morning. How are you guys thinking about managing the securities book given the outlook of lower deposits? Obviously, the yield curve is quite inverted depending on what part you're looking at or most parts, frankly. And then at the same time, the securities book is cash flowing a lot less than it was a couple years ago, just given the rate environment."
JPM,2022-Q4,earnings,2023-01-13,38,"I guess a bigger picture question – we've seen such a drop in really 5, 10-year part of the curve and even further out. And banks aren't really buying; instead they're selling. And I guess I was wondering if you had thoughts on who's buying and what's driving the rates so much lower than most people think they should be at."
JPM,2022-Q4,earnings,2023-01-13,40,"Hi. Good morning. Thanks for taking my questions. So, the first one on credit quality, thanks for giving us commentary on the shape of NCOs, I guess, specifically for credit cards topping out at the end of this year. Could you give us a bit more color on how reserve builds should shape out this year, I guess, with respect to CECL? I'm guessing they should top out quite soon. That's my first question."
JPM,2022-Q4,earnings,2023-01-13,41,This is assuming all your macro assumptions are unchanged and so forth.
JPM,2022-Q4,earnings,2023-01-13,42,"Sure. Okay. Let's drill down into NII then. I just want to square a few comments you made there, Jeremy. So, if I heard you correctly, I think you are sort of talking about sequential increases in NII, so I guess looking towards like $20 billion plus for 1Q, maybe even 2Q. So, I guess we're hitting about $40 billion for 1H and then a sharp drop-off as, say, deposit costs increase and maybe we get a few Fed Fund rate cuts as well. Is that the way we should be thinking about it?"
JPM,2022-Q4,earnings,2023-01-13,43,"Right. Got you. Yeah. No, no, no, sure. Absolutely. That makes sense. That's great. Thanks for that."
JPM,2023-Q1,earnings,2023-04-14,2,"So, Jamie, I was actually hoping to get your perspective on how you see the recent developments with SVB impacting the regulatory landscape for the big banks. In your letter you spent a fair amount of time highlighting the consequences of overly stringent capital requirements, the risk of steering more activities to the less regulated nonbanks. But what are some of the changes that you're scenario planning for – whether it's higher capital, increase in FDIC assessment fees? And along those same lines, how you're thinking about the buyback given continued strong capital build, but a lot of macro uncertainty at the moment."
JPM,2023-Q1,earnings,2023-04-14,3,"Got it. And just in terms of appetite for the buyback, just given some of the..."
JPM,2023-Q1,earnings,2023-04-14,4,...elevated macro uncertainties.
JPM,2023-Q1,earnings,2023-04-14,5,That's great. I'll hop back into the queue. Thanks so much for taking my questions.
JPM,2023-Q1,earnings,2023-04-14,6,"Hey, thanks. Good morning. Hey, Jeremy, I was just wondering if you can just give us a little bit more detail on those lower funding expectation points that you made, just in terms of is it because of what you can offer the client that might allow you to kind of keep that beta lower? And maybe you can just kind of wrap it into what your overall beta expectations are in that revised update? Thank you."
JPM,2023-Q1,earnings,2023-04-14,7,"Yeah, and as a follow-up on the point about rate expectations coming now in, and potentially getting cut sooner – how do you take a look at what that might mean just for the broader economy? Do you think it's more just because inflation's coming down? Do you think it's because the Fed's just got to react to an even tougher economy and still some of those storm clouds that might be out there? Just kind of your general thinking about the other read-throughs of what lower rates quicker will mean for the broader economy."
JPM,2023-Q1,earnings,2023-04-14,9,"Hi, thanks. Jeremy, wanted to follow up again on the drivers of the NII revision and the lower rates paid assumption. You mentioned the Fed cuts coming sooner and positive feedback on the customer offers. What about the March events? Do the bank failures there that happened in March – in your view, do they slow the reprice intensity because folks are moving other than price reasons? Or they intensify it industry-wide because smaller banks have to reprice to keep their deposits? How do those events influence your view of the reprice?"
JPM,2023-Q1,earnings,2023-04-14,10,"Okay. And then I wanted to ask Jamie – there's a narrative out there that the industry could see a credit crunch – banks are going to stop lending, even Jay Powell mentioned that as a risk. Do you see that in terms of anything you look at in terms of lending and is that a reaction that makes sense – that banks might be retrenching a lot here? Do you worry about that for the economy in terms of credit crunch? Thanks."
JPM,2023-Q1,earnings,2023-04-14,11,Hi. Good morning. My first question is you mentioned that your reserve build was driven mostly by worse economic assumptions. I'm wondering if you could update us on what unemployment rate you're assuming in your reserve.
JPM,2023-Q1,earnings,2023-04-14,12,"So, as you think about all of what you've just told us – so $81 billion of NII this year, and who knows when medium-term is going to happen of mid-70s, the clear strength of the franchise producing 23% ROTCE in a quarter where your CET1 is 13.8% and a reserve that already reflects 5.8% unemployment. As we think about recession and what JPMorgan can earn in a recession, do you think you can hit 17% ROTCE even in 2024 – assuming we do have a recession in 2024 as everybody is expecting – given all these revenue dynamics and how prepared you are on the reserve?"
JPM,2023-Q1,earnings,2023-04-14,14,"No, fair – all fair points. And maybe just a follow-up on John's question on the lending environment. You talked about the industry likely pulling back. Are you changing your underwriting standards in any way? Just trying to think through is there potential for some market share gains given your strength of capital and liquidity? Or how you're thinking about the loan environment?"
JPM,2023-Q1,earnings,2023-04-14,17,"In your comments about your CET1 ratio, obviously it came in strong at 13.8%. You've got the GSIB buffer obviously going up next year, and we have the stress test coming this summer or in June – the results – which maybe will lead to banks, including yours, having a higher Stress Capital Buffer. Where should we think about that CET1 ratio being by the end of the year, do you think?"
JPM,2023-Q1,earnings,2023-04-14,18,"Sure. And then just as a follow-up, if I heard you correctly, can you give us a little more color – I think you mentioned in building the loan loss reserve this quarter you identified some one-off credits? I don't know if that's how you said it – there's some larger credits. Were they commercial real estate oriented? Were they commercial? Any more color there?"
JPM,2023-Q1,earnings,2023-04-14,19,Leverage loan-type items or just regular Corporate credits?
JPM,2023-Q1,earnings,2023-04-14,22,"Hi, good morning. I guess, maybe one question, Jeremy. You reminded us of the relatively low office exposure for JPM. But, obviously, you're big players in the CRE market. Just give us a sense of when you look at the two pressure points on CRE, one, how much is oversupply – and that probably goes beyond office into apartments – how much of a issue is oversupply in the market as we think about the next few years going into a weakening economy? And how much of a risk is higher for longer rates in that if the central banks can't cut rates in the next year or two, we will see a ton of more pain because of the re-fi wall that's coming up?"
JPM,2023-Q1,earnings,2023-04-14,23,"And just as a follow up, I think the other risk from higher for longer rates, I think, is this – the ability of the economy, the financial markets to sustain a 5% less Fed fund for a long period of time? Like, what are the other areas you're watching if duration mismatch and bank balance sheets being one, CRE market being one, are you worrying – worried about non-banks that have grown exponentially over the last decade in terms of risks at the non-banks if rates don't get cut? And if you can talk to the transmission mechanism of that coming back and hitting banks given the leverage that banks provide to the non-banks."
JPM,2023-Q1,earnings,2023-04-14,25,"Hey Jeremy, you mentioned a degree of reintermediation to the lending markets. You said capital markets activity has gone to bank lending, and I'm just wondering, as part of your $7 billion increased NII guide, are you assuming better loan spreads? And on the topic of loan pricing, why aren't your credit card yields going higher than where they are today? Thanks."
JPM,2023-Q1,earnings,2023-04-14,26,"All right. And then one for you, Jamie. I guess taking the 10,000 foot level, I guess, when you look at asset liability management, or ALM – you could call this nightmare on ALM street, and you've seen some big problems at banks, and I guess how would you evaluate yourself, I guess, with this $7 billion higher NII guide? It probably is good, but to what degree are you willing to sacrifice JPM shareholder money to help rescue problem banks that did not get their asset liability management correctly?"
JPM,2023-Q1,earnings,2023-04-14,27,"Hey Jamie, your CEO letter said the banking crisis isn't over. So, what do you mean by that? Or was that dated two weeks later? Are you talking contagion or what?"
JPM,2023-Q1,earnings,2023-04-14,30,I do want to unpack the question here on the possibility of higher for longer rates and how that impacts you in your non-Markets NII...
JPM,2023-Q1,earnings,2023-04-14,32,"Okay. So I just wanted to unpack the higher for longer rate possibility as to how it impacts your NII because your NII guide is assuming the forward curve, if I understand correctly. So, in the event that you get that higher for longer, just how much does that impact NII ex. Markets because I'm trying to triangulate here about – maybe you lose some deposits, but if we have higher for longer, shouldn't we expect the trajectory goes up from this quarter as opposed to down? Is that – that's the question."
JPM,2023-Q1,earnings,2023-04-14,33,"Yeah. Got it. Okay, that's super helpful to understand how you think through that. And then the follow-up is just on the buybacks. So do I take your comments to mean that you're on pause now? And if that's the case, what would be the driver of restarting?"
JPM,2023-Q1,earnings,2023-04-14,34,Yeah. And then can you give us any sense of what Basel IV endgame means to you in your RWAs? How much should we be baking in for those?
JPM,2023-Q1,earnings,2023-04-14,36,This is based on the current rule set.
JPM,2023-Q1,earnings,2023-04-14,37,"I like the NII from loans better than the gain on sale, so I'll prefer the former not the latter. But thanks, appreciate it."
JPM,2023-Q1,earnings,2023-04-14,38,"Thank you. So you talked about in your letter about regulators avoiding the knee-jerk reaction, which you addressed earlier. I'm curious on your thoughts around how customers have reacted and should react. Now my point, my question is – consumers can move excess cash balances if they want more insurance. They can do that in a lot of different ways: move it, treasuries, money market, extra accounts, whatever. The issue, the question I have for you is on the corporate side. Have you seen big changes in how corporate treasurers or CFOs are adapting their cash balances and working capital – and should they need to? And I appreciate your Warren Buffett comments."
JPM,2023-Q1,earnings,2023-04-14,39,"Interesting. Just follow-up, the other thing that caught my eye in the letter is you mentioned that you're exploring new capital optimization strategies including partnerships and securitizations. What's different than what you've already been doing for the last 30 years?"
JPM,2023-Q1,earnings,2023-04-14,41,"Good morning. You guys talked about one of the drivers of the higher net interest income guide this year is due to likely higher credit card balances. And I was just wondering if you could flush out what changed there on the outlook today versus three months ago. And I guess, is it a good or bad thing that those balances will be higher than you thought?"
JPM,2023-Q1,earnings,2023-04-14,42,"Okay. And then just separately to squeeze in – you guys took some securities losses again this quarter. And in the past you've talked about really just going security-by-security looking for, kind of, pricing opportunities. Is that kind of what drove it again this quarter, or is there some kind of broader, overarching…"
JPM,2023-Q2,earnings,2023-07-14,1,"Thanks. Good morning. Hey, Jeremy, you talked about NII guidance up. Clearly, Fed Funds futures are up so it makes some sense. But maybe I guess first, could you kind of discuss – I guess comment on deposit behavior broadly around betas and mix and what you're seeing there so far? It seems to be coming in a little better than expected. And then secondly, and probably more importantly, can you help us think about the implications of higher-for-longer rates on the outlook for NII next year and beyond? I guess the intermediate term outlook that you guys had talked about?"
JPM,2023-Q2,earnings,2023-07-14,2,"Okay. But I guess just one follow-up on that. Just if we don't get rate cuts till middle of next year or later, does that sort of give some confidence to the outlook for next year or are you still worried about significant reprice?"
JPM,2023-Q2,earnings,2023-07-14,4,"Hi. Good morning. Jeremy, I'm just laughing to myself because I said to you at Investor Day – do you have any more NII rabbits to pull out of the hat, and I guess you do. So I guess, I want to ask a broader question really here. And maybe, Jamie, I'd like to get your thoughts. So you earned 23% ROTCE on 13.8% CET1, and we hear you loud and clear that you're more normalized NII generation is not $87 billion. That being said, and fully taking into account the potential haircut from Basel III Endgame, is it possible that your natural ROTCE is maybe above that 17% through-the-cycle rate when rates aren't zero? Because when you first introduced that ROTCE target, we were in a different world from a rate scenario and everybody's talking about even if the Fed cuts, the natural sort of bottom in Fed funds is not going to be zero. So any input on that would be great."
JPM,2023-Q2,earnings,2023-07-14,5,"And so my follow-up question there. Maybe, Jeremy, could you remind us what unemployment rate is embedded in your ACL ratio as of the second quarter?"
JPM,2023-Q2,earnings,2023-07-14,7,"Hi. Good morning. Jeremy, wanted to ask about capital in the wake of the Barr speech. We don't have the details yet, but just kind of wanted to ask about options that you have and strategies for mitigation both on RWA and potentially on the GSIB front as well as you contemplate what you heard recently."
JPM,2023-Q2,earnings,2023-07-14,8,"Okay. That's helpful. And with a number of years for this to phase in and you generating capital at a high level even if the ROTCE comes down a bit, how should we think about your pace of building capital for these new changes versus doing your everyday course of investing and buybacks and things like that over the next couple years?"
JPM,2023-Q2,earnings,2023-07-14,9,Okay. And there's some room for buybacks?
JPM,2023-Q2,earnings,2023-07-14,11,"Yeah. No, just do buybacks play a role in the next couple years strategically? Do you episodically buy back?"
JPM,2023-Q2,earnings,2023-07-14,13,Thanks. Good morning. I just wanted to ask a little bit about how you're feeling about the trade-off between like the commercial economy and what might come through in terms of future loan growth versus the kind of green shoots that people are talking about in the Investment Banking pipeline and just how it feels in terms of like re-opening of markets and the trade-off between getting some more of those fees in versus what's happening on the loan demand side. Thanks.
JPM,2023-Q2,earnings,2023-07-14,14,"That makes sense. And as a follow-up to that, on the Consumer side you mentioned that consumers continue to spend albeit a little more slowly, and you mentioned that consumers are also using their excess deposits a little bit more as well. Can you just elaborate a little bit more on just your feeling about the state of the consumer? And is that Card growth continue to be driven by people needing to revolve as opposed to wanting to have more in their deposits? Just kind of want the trade-off on that side too?"
JPM,2023-Q2,earnings,2023-07-14,16,"Good morning, Jeremy. Good morning, Jamie. Jeremy, can you give us your view on how you're measuring the treasury functions and the asset liability of your balance sheet as we go forward versus the way you guys were positioning and managing it a year ago in view of the fact that it looks like maybe we're approaching the terminal rate on Fed funds rates?"
JPM,2023-Q2,earnings,2023-07-14,17,"Very good. And then as a follow-up, you mentioned in giving us the read-through on the Commercial Banking segment of the business that you had some reserve building tied to some office real estate and also some downgrades in the Middle Market area. Can you go a little deeper? What are you guys seeing in this area, both Commercial Real Estate but also the C&I loans? What's happening in that segment as well?"
JPM,2023-Q2,earnings,2023-07-14,19,"Good morning. I guess just first question, following up on the outlook for the economy. Like, we've all been worried about the recession for a year and there's a debate about the lagged effects of the Fed rate hike cycle. When you think about – Jeremy, I think you mentioned your unemployment outlook relatively similar today versus a quarter ago – how worried should we be in terms of the credit cycle 6 to 12 months from now? Or are you leaning towards concluding that maybe U.S. businesses, consumers have absorbed the rate cycle a lot better than we expected a year ago?"
JPM,2023-Q2,earnings,2023-07-14,20,"Got it. And just a follow-up on the upcoming Basel reforms, two questions. You've talked about the impact to the U.S. economy, like others have said the same. At this point, is that falling on deaf ears? And secondly, maybe, Jeremy, if you can touch upon just structural changes that you expect to make in the Capital Markets business because of FRTB. Thank you."
JPM,2023-Q2,earnings,2023-07-14,23,"Hi. I had another question on Vice Chair Barr's speech from this week. To the extent that capital ratios do go up 20% for you and perhaps others, to what degree would you think about changing your business model in terms of remixing where you do business, repricing or simply removing activities that you used to do? It's kind of ironic, or maybe it's not ironic, that Apollo hits an all-time stock price high at the same week of the speech. So how much business leaves JPMorgan or the industry if capital ratios do go up as much as potentially proposed?"
JPM,2023-Q2,earnings,2023-07-14,24,"Alright, and separate question. I appreciate the Investor Day – gives a little bit more color on the degree that your investments may or may not pan out; we are still all watching that closely. Having said that, you just increased revenue guidance by $10 billion for NII between this quarter and the first quarter without changing expense guidance by even $1. Aren't you tempted to spend a little bit more? Why not spend more if you're gaining share? And I'm not saying that you should; I'm just wondering like aren't you tempted to do so? You have $10 billion more revenues and you're not spending $1 more of expenses. Like, why not?"
JPM,2023-Q2,earnings,2023-07-14,25,"Wait, wait. Just to be clear. It's just the flip side of the question I asked for two years, going back to it."
JPM,2023-Q2,earnings,2023-07-14,26,And then last quick follow-up...
JPM,2023-Q2,earnings,2023-07-14,27,"And then one quick follow-up to that. Your efficiency ratio this quarter is the lowest we've seen in a long, long time and I guess you're saying don't extrapolate this efficiency ratio because NII will come down at some point. But when you just simply look at – you benchmark yourself against the low-cost providers, where do you think you're there now and where can you still go because if you extrapolate this quarter, you're getting closer?"
JPM,2023-Q2,earnings,2023-07-14,29,"Hey. Thanks for taking the question and apologies for the technical issues earlier. Wanted to ask on the deposit outlook – just with signs that recent liquidity drawdown has come predominantly out of RRP versus industry deposits, just wanted to get your thoughts on what expectations you have for deposit growth in the second half, both for you and even the broader industry, especially as Treasury issuance really begins to ramp in earnest."
JPM,2023-Q2,earnings,2023-07-14,30,"Helpful color, and just a follow-up on Card income. Revenues were muted in the quarter. I was hoping you could unpack just the sources of pressure. Maybe more specifically, how much of a drag is associated with FAS 91 versus some other factors."
JPM,2023-Q2,earnings,2023-07-14,31,Can you size the reward liability impact?
JPM,2023-Q2,earnings,2023-07-14,33,"Thank you. Just want to follow-up on this pricing power conversation because you've been consistent over time that you have a limited ability to sustain pricing power due to the competitive landscape. But I guess my question is if not now, when? Meaning, a lot has changed on the institutional side, the European bank side, the regional bank side and I would think that there’d be certain businesses that you have a greater ability and willingness to push price on. And then maybe you could tie that to your comments in the press release on what are the material – what are the real-world consequences for markets and end users that you're referring to when talking about material regulatory changes? Thanks a lot."
JPM,2023-Q2,earnings,2023-07-14,34,"Actually, I think you hit on it so I'll just do a follow-up on a related. So the notion of private credit doing large traditional investment-grade lending activity is maybe part of the competitive landscape that limits the ability to push price. In Jamie's letter, you talked about the downside – or my question is what's the downside if more of the mortgage credit asset-backed intermediation business is pushed out of the banking system?"
JPM,2023-Q2,earnings,2023-07-14,37,"I just wanted to unpack a little bit more the drivers of the change you outlined that's coming in the 10-Q, Jeremy, regarding the asset sensitivity going from liability-sensitive to asset-sensitive, at least that's the way I read it. I just wanted to understand what the drivers of that is."
JPM,2023-Q2,earnings,2023-07-14,38,So then…
JPM,2023-Q2,earnings,2023-07-14,39,"Okay. And so, is it fair for me to think about that change as a mark-to-market to where we are today? And when I think about your forward guide here, longer-term you're saying, look, deposit betas are accelerating. So as I go through the 10-Qs over the next four, five quarters, I should expect that that $2.5 billion should come down because deposit betas you're anticipating are going to be accelerating from here? I'm just trying to put those two things together."
JPM,2023-Q2,earnings,2023-07-14,40,"Right. But you were saying earlier deposit betas you do anticipate are going to be accelerating from here, and that's part of the outlook for NII longer-term to normalize in the mid-70s. Is that right?"
JPM,2023-Q2,earnings,2023-07-14,43,"Good morning. So I'm in your camp that eventually consumers will want more deposit rate sensitivity here. But I guess what would make you change your rates meaningfully? So the top two banks have about 50% consumer market share, loan-to-deposit ratios are low. Your outlook for loan growth, and I think others, is fairly sluggish, at least outside of Card. I get that it's common sense, and that's what we've seen historically. But there really is this kind of big divergence among big banks and everybody else where the big banks just don't need to pay that much for deposits for a slew of reasons. So what would make you change that?"
JPM,2023-Q2,earnings,2023-07-14,44,Yeah. I 100%...
JPM,2023-Q2,earnings,2023-07-14,45,"Yeah. I mean, again, I 100% agree, but we've never seen kind of loans-to-deposit ratios for banks like yours this low, so you could just let deposits run off at a modest amount for quite some time and make the decision not to pay up. I mean, I've seen the trade-off that eventually you'll..."
JPM,2023-Q2,earnings,2023-07-14,47,"Morning. Jeremy, on page 4 of your presentation, you show some liquidity metrics. And there's been a meaningful deterioration, or I shouldn't say deterioration, depletion of some of that excess liquidity, obviously for First Republic primarily. So my question is how quickly do you want to rebuild that liquidity because as I look out towards 2024, there's probably a half dozen variables that are going to make liquidity a premium event – to have excess liquidity? So that's my first question. What's your plans for replenishing that liquidity?"
JPM,2023-Q2,earnings,2023-07-14,48,"All right. So sort of wrapped into that as a follow-up, if you take your $87 billion forecast for NII this year, and that implies at least one quarter of maybe $22 billion of NII, and you take your eventual forecast of mid-$70 billion of NII at some point in the future, that would imply at least one quarter of $18 billion of NII so that's about an 18% drop. And if you hold the balance sheet steady, you're talking about a 30-basis point drop in your margin, your NIM, to get from $22 billion to $18 billion. I mean, what is driving – is it really the deposit or are you thinking in terms of interest reversals as credit deteriorates or is it rebuilding of liquidity? I'm just trying to get a better sense of the impact is."
JPM,2023-Q2,event,2023-05-01,2,"So congrats on the deal. You noted, Jeremy, $500 million boost to earnings from the acquisition. FRC generated close to $1 billion of earnings annualized in the most recent quarter. Your funding base is admittedly much lower cost. Just trying to understand why the accretion isn't greater. Any help you can provide just to quantify the benefit in terms of funding or interest expense savings versus legacy First Republic."
JPM,2023-Q2,event,2023-05-01,3,"Understood. And maybe just for my follow-up on the – because you alluded to deposit attrition. What attrition assumptions are you contemplating for First Republic, whether its loans, deposits, advisors as part of the accretion analysis? And what expense synergies can be realized just given the strong footprint overlap in terms of wealth deposit coverage that you alluded to?"
JPM,2023-Q2,event,2023-05-01,4,"All right. Looking forward to that update, Jeremy. Thanks so much for taking my questions."
JPM,2023-Q2,event,2023-05-01,5,"Yes, thank you. Jeremy, my first question is how much of the loss share agreement is contemplated in the CET1 impact at close? Is there anything else other than the risk weighted assets going down to 25% in terms of the loss share agreement impact? And assuming that most of the marks are interest rate-related, how are you going to share that net interest income purchase accounting accretion from the FDIC? Or how would that work going forward?"
JPM,2023-Q2,event,2023-05-01,6,"Got it. And if Jamie is in the room, I just wanted to ask, I know you mentioned it on the media call, but just in case your investors weren't on that. Is this sort of the end of the more acute liquidity issues? In other words, do you expect the resolution of First Republic to sort of be the big signpost that the acute liquidity issues that the industry suffered in March should be mostly behind the industry?"
JPM,2023-Q2,event,2023-05-01,9,"Jeremy and maybe Jamie as well. Obviously, you guys have experience in buying failed institutions – Washington Mutual obviously was the big one back in 2008-2009 – and I know this is very different than Washington Mutual. Then, of course, you bought Bear Stearns in a distress acquisition. Can you share with us what are the risks that you have identified based on your experience in doing those deals that you really have to focus in on to make this deal as good as it looks on paper?"
JPM,2023-Q2,event,2023-05-01,10,Very good. And then on the assumptions that with the deposits you're assuming – do you guys get to reprice those deposits from the get-go or do you have to wait until – if there are term deposits – do you have to wait until they mature and then you reprice them?
JPM,2023-Q2,event,2023-05-01,12,"Good morning. Jeremy, if I could follow up just in terms of the loan book. So, if you can help us, what's going to be the yield of these loans that are coming on when you mark-to-market? I am just trying to understand the NII contribution tied to the loan and the securities book as we go forward and back into your $500 million net income map."
JPM,2023-Q2,event,2023-05-01,13,"Got it. And I guess one just separate question, given the amount of time you had to spend with the regulators through this whole FRC transaction, it does feel like the industry is in need of consolidation. Would love to hear, Jamie, your thoughts or, Jamie, your comments around do you think the regulators are prepared for allowing some of the regional banks to consolidate and become a market solution if we get into more stress over the coming months and quarters?"
JPM,2023-Q2,event,2023-05-01,15,Hi. Just one specific question. What is the rate on the five-year loan from the FDIC?
JPM,2023-Q2,event,2023-05-01,16,"Okay. That's all part of the $500 million accretion – and the $500 million accretion is immediate accretion and assumes zero synergies, is that correct?"
JPM,2023-Q2,event,2023-05-01,17,"And Jamie, just I guess for the history books, your report in the media that you were kind of the ringleader to help stabilize First Republic, help move the industry past this phase. It didn't play out maybe exactly as planned, but certainly the loss to the FDIC is less than, I think, almost anybody had expected, no systemic risk exception, anything like that. So, just as you pull the lens back, how do you think about JPMorgan's involvement? How do you think about this resolution? How do you think about kind of the way things played out and the way things should have played out?"
JPM,2023-Q2,event,2023-05-01,18,And one last quick follow-up in terms of you said this part of the crisis is over. Have you seen that in the deposit flows? Like for a while you got an influx of deposits. Is that still stable like it was?
JPM,2023-Q2,event,2023-05-01,21,"Okay. Great. A couple of questions. One, when I think about First Republic, the loan book, it feels to me like a loan book that is priced differently from how you would go to market for those types of loans – I'm talking specifically around the mortgage and high net worth loans. And I'm trying to think through how to model this out. Should I expect that the loan portfolio that you have is more of a melting ice cube that you would be replacing with your own lending profile on your own standards and yields, et cetera, over time – and that would be maybe a multiyear fade and then rebuild? Part of the reason for asking the question is the $500 million net income accretion seemed a little light, and I'm trying to think through how to try to get there. Thanks."
JPM,2023-Q2,event,2023-05-01,22,"So then the follow-up on this is, when I'm thinking through the IRRs, what are you thinking about with regard to how are you going to take this client set and expand what business they're doing with you, with the former FRC. You're not going to keep the First Republic name, are you?"
JPM,2023-Q2,event,2023-05-01,23,Okay. Great. Thank you so much.
JPM,2023-Q2,event,2023-05-01,24,And so this is a multi-year repositioning of the client activity with the folks that you are bringing in from First Republic. Is that a fair way of thinking about it?
JPM,2023-Q2,event,2023-05-01,26,"Hi. First, a quick follow-up on the advisor base. So, FRC had attracted a bunch of advisors over the last couple of years on some of these deals. I don't know if you can share with us how much of them were on deals, but my bigger question is, did the deal stay in place, did they have change of controls? Sometimes..."
JPM,2023-Q2,event,2023-05-01,27,"Okay. So we should feel good then about the retention going forward, even though your assumptions are conservative. I would assume that they want to keep those deals, so."
JPM,2023-Q2,event,2023-05-01,28,"If advisors are listening, I agree with all that except the second-best research. Just kidding. Question for you. I find it interesting that the deposit cap wasn't a function in this and there seem to be plenty of other bidders, or at least a few other bidders, that were not over the deposit caps. So was it truly about minimizing the cost to the DIF?"
JPM,2023-Q2,event,2023-05-01,30,"Thank you. Good morning, everybody. Jeremy, can you maybe walk through, just at a top level, you don't have to get too deep in the weeds, but how you arrive at the $2.6 billion after-tax gain. It can just be a little difficult from the outside to get from the sort of the implied asset discount down to the tangible book value impact."
JPM,2023-Q2,event,2023-05-01,31,"Okay. Perfect. Thank you very much. And then I guess, Jamie, while we've got you – certainly hear what you're saying on the strength of the industry, but we do have a situation where over the course of eight weeks, like 3 of the top 30 banks in the country failed, deposits flowed to you all and a handful of the other largest banks and to look for the sort of solution to one of the biggest ones, the government looked to you guys. Do you think, as we look forward, sort of the rest of the industry is going to have to be constructed more like a JPMorgan, just higher capital, better liquidity just sort of all-around for people to have the same level of confidence sort of uniformly across the industry."
JPM,2023-Q2,event,2023-05-01,32,"Okay. All right. Well, thank you very much. I appreciate it."
JPM,2023-Q3,earnings,2023-10-13,1,"Hi, good morning. Jeremy, I was wondering if you could give us a little more color in what you're seeing so far on deposit reprice and migration. What's been better than expected so far on that front? And how do you see higher-for-longer rates potentially impacting deposit reprice pressure?"
JPM,2023-Q3,earnings,2023-10-13,2,"And just as a follow up, it seems like you’ve done some securities repositioning the last couple quarters. How are you positioning the balance sheet in terms of cash and the securities portfolio, given your outlook for rates?"
JPM,2023-Q3,earnings,2023-10-13,5,"Hi. Jeremy, I was hoping to just inquire about the capital markets outlook. You cited improved activity levels in September. But given persistently higher rates, geopolitical tensions, and just poor performance of recent IPOs, how are you thinking about the outlook over the near to medium term? And how are you thinking about just the timing of an inflection activity?"
JPM,2023-Q3,earnings,2023-10-13,6,"Thanks for the color. Just for my follow up, on some of the regulatory commentary you provided. Certainly, a lot of helpful color in the slides, so thank you for that. If the proposal were to go through as written, what proportion of the inflation do you believe can be mitigated over time? And was also hoping you could provide some context as to the quantum of how you think CECL inclusion could potentially impact the SCB and CCAR."
JPM,2023-Q3,earnings,2023-10-13,7,"Very helpful color, Jeremy. Thanks for taking my question."
JPM,2023-Q3,earnings,2023-10-13,8,"Hey. Good morning. Just first question, Jeremy, on credit. I think you mentioned some of the reserves release was tied to the change in the central scenario. So just talk to us and remind us what the central scenario is today, what changed? And then in terms of fundamentally on credit, like where are you seeing softness either on the Consumer or the Commercial side?"
JPM,2023-Q3,earnings,2023-10-13,9,"That's helpful. And just going back to the details you laid out on Basel Endgame, maybe on the philosophical side I think Jamie was speaking last month, said that we don't expect any changes but at the same time, you make everything that makes sense in terms of the pushback. Is it all falling on deaf ears from a shareholder perspective? Are we resigned to the fact that we are going to see more towards the worst-case outcome play out or is there some level of sort of meeting in the middle of the road as this thing gets finalized?"
JPM,2023-Q3,earnings,2023-10-13,11,"Yeah, no. I got that. I got the trillion dollars. Yup, thanks."
JPM,2023-Q3,earnings,2023-10-13,14,Want to dig in on the NII side. So you raised the 2023 NII ex. Markets guidance by $2 billion for this year. So I know your comments in the press release suggest JPMorgan's over earning. So I just want to triangulate there. What does normalized NII look like? And do we get to normalized next year or later on?
JPM,2023-Q3,earnings,2023-10-13,16,"And then on the loan growth side, industry loan growth has slowed significantly this year. What demand are you seeing for loan growth across the different categories? And I know it might be too early to talk about next year, but directionally, how should we think about loan growth given where we are in the cycle and the higher capital requirements coming?"
JPM,2023-Q3,earnings,2023-10-13,19,"Jeremy, you guys have put up a really strong ROTCE number of 22% for the quarter. And when you dive into your different segments, what really jumps out at us is the 40% ex-First Republic ROE in Consumer & Community Banking. I know you and Jamie have talked about your over-earning on credit. We get that. But in view of all of these fintechs and all of these other nonbank competitors that we're all supposed to pick away at everybody's market share, you guys have put up great numbers here. What's the drivers behind an ROE? Even when you take that credit over-earning out, what's driving this business' profitability at such high levels?"
JPM,2023-Q3,earnings,2023-10-13,20,"Very good. And then as a follow up, which ties into your answer on the deposit margin and consumer and your earlier comments you and Jamie about the internal debate inside JPMorgan about the migration of rates going higher on the funding side. Your non-interest-bearing deposits I think are around 28% of total deposits which is slightly above the 26% you guys had back in 2018 or 2019 or pre-pandemic. Is this expectation that you're going to see more of the non-interest-bearing deposits go into interest-bearing? Or, is it just the repricing of interest- bearing deposits that have some of your folks inside JPMorgan a little more cautious on that net interest income number?"
JPM,2023-Q3,earnings,2023-10-13,22,"Hi. Good morning. Jeremy, my first question is for you, again sort of maybe re-asking the question in a different way. Your new guide for net interest income for this year would imply an exit run rate of $22.9 billion in the fourth quarter. As we think about the dynamics in higher-for- longer, on one hand, your fixed rate assets will continue to reprice. On the other, you even asked a lot about the deposit dynamics that could continue to creep higher. How do we think about those puts and takes as we think about that relative to that exit rate of $22.9 billion in the fourth quarter?"
JPM,2023-Q3,earnings,2023-10-13,23,"Thank you. And my second question is on maybe zooming out on the Basel III Endgame impacts. It's clearly complex, overly complex, and I completely agree with you that it is unnecessary at this point and very backward looking. I guess, what is not complex is the fact that you generated 75 basis points of CET1 this quarter while your RWAs are down. And I guess my question here is, is that I understand that we're in the public advocacy process. I hear you loud and clear in terms of how this could have harm in terms of pricing for Main Street and dislocating the pipes in American capital markets. But for JPMorgan, does this change your natural return profile of 17%? Jamie, I know you lingered a little bit on 14% when you were at Barclays in September. But at the end of the day, it feels like for the portfolio managers that own JPMorgan through the cycle, does Basel III Endgame really harm your natural earnings power and returns?"
JPM,2023-Q3,earnings,2023-10-13,25,"Hi. Thank you. So I very much appreciate the comments in the release on the big picture things, what's going on in the world and their potential impact on markets, on food markets, global trade, everything that you mentioned, and sadly agree about the most dangerous time in decades. The question I have is, does it surprise you that markets are hanging in, that you, yourself, have green shoots or still green shoots type of mindset about banking while that's going on? And then maybe more importantly, if you believe what obviously what you wrote, what are you doing about it? How do you manage yourself conservatively? How do you prepare for tougher times?"
JPM,2023-Q3,earnings,2023-10-13,26,"Thank you for all that, all good."
JPM,2023-Q3,earnings,2023-10-13,27,"Hi. I understand the NII strategy benefited from First Republic, asset sensitivity, CD strategy, money in motion, and I'm curious to how much is the NII increase and the deposit benefits a function of the 67 million digital banking customers? Do you have more digital banking customers than branch customers now? If you can just refresh that. And then a more general question. I guess I have the first one for Jeremy and the second one for Jamie. You have record tech spend. What's the benefit of having record tech spend, if you can kind of mark-to-market your thoughts there as it relates to AI, as it relates to maybe wasted spending, your outlook for next year? And does it really help to be the biggest tech spender in the banking industry?"
JPM,2023-Q3,earnings,2023-10-13,28,"As it relates to AI specifically, which is the talk of the town, I guess the consensus among people outside the banking industry is that banks will not win that battle, including JPMorgan. You won't control the front end. What are you doing with AI to make a difference now, or is this just simply a moon shot?"
JPM,2023-Q3,earnings,2023-10-13,29,"And then lastly, I think you had made a mention at a conference about investment spend or tech spend over the next year. Where do you stand on that?"
JPM,2023-Q3,earnings,2023-10-13,31,"Hey. Good morning. Jeremy, do you think there's any receptivity among regulators regarding the double counting not only of operational risk but I think you alluded to this earlier in the Markets business, but there's clearly double counting in market risk in the trading book. Is there any receptivity?"
JPM,2023-Q3,earnings,2023-10-13,32,"Okay. And then if it weren't to change, and you talked about the potential negative impact on liquidity in the Markets business specifically, is that a JPM pulling out of certain businesses type event? Or is it more a comment that there'd be fewer providers of liquidity as less scaled players exit, and maybe that's almost equal a market share gain opportunity for JPMorgan in a smaller business?"
JPM,2023-Q3,earnings,2023-10-13,34,"Hi, good morning. You talked about increased investment spend in some areas in response to an earlier question. But just how do you think about cost control overall, looking at the medium term? The outlook for revenue is obviously pressured at least on net interest income. Fees might help, but the backdrop is for potentially declining revenue or at least flattish revenue for a couple or few years. So, I know you always say you want to invest for the cycle, and it's really paid off over time, but how are you thinking about cost control the next few years?"
JPM,2023-Q3,earnings,2023-10-13,35,"Yeah. Fair enough. And if I could just squeeze in on First Republic, obviously the contribution there is coming in multiples higher-than- expected. How do you think about the puts and takes in terms of, I think there's probably some run-off of loans still to come, but also opportunities to deepen the relationships there?"
JPM,2023-Q4,earnings,2024-01-12,1,Good morning. Thanks for all the comments on the net interest income. Any updates on that medium term outlook that you've put out there?
JPM,2023-Q4,earnings,2024-01-12,2,"Okay. And then just separately, you bought back couple of billion dollars of stock this quarter. What's your thought process on buybacks given the strong capital generation, but also some uncertainty on regulatory proposals?"
JPM,2023-Q4,earnings,2024-01-12,4,"Thanks. Jeremy, could you give a little more color on what's baked into the loan loss reserve in terms of kind of weighted average assumptions and how any change in macro outlook played into the dynamics of the reserve builds and releases this quarter?"
JPM,2023-Q4,earnings,2024-01-12,5,"Okay. And then, just to follow up on the NII, could you give us some sensitivity to that outlook when you flex the amount of Fed cuts? Like what's the impact of a few Fed cuts and how much does it matter like for the first two versus if you're thinking four, five, six? I know it's complicated, but maybe a little bit of color on like how sensitive you are to a couple of cuts might be helpful."
JPM,2023-Q4,earnings,2024-01-12,7,"Hey. Good morning. Maybe just to follow up in a different way on the NII question, just in deposits, can you, Jeremy, discuss your assumptions on the reprice and migration thoughts? And then, layering in if we do get six cuts, does that start to change the dynamic around growth in deposits? How are you thinking about all that?"
JPM,2023-Q4,earnings,2024-01-12,9,"Hey. Good morning. I guess maybe one question looking at your statement, and I think Jamie is quoted as saying as he sees the consumer as resilient and the market expecting a soft landing. I would love to hear – I'm not sure Jamie's on the call – but maybe, Jeremy, I would love to hear your thoughts around do you believe that the outlook for a soft landing has increased? Is the market pricing in correctly? Or when you look at your customer base, are you still worried about the lagged effects of the rate hikes?"
JPM,2023-Q4,earnings,2024-01-12,10,"And maybe just taking that a step further, there has been concern around whether we see some of the CRE pain filter into multi-family apartments. You all have a pretty large multi-family exposure, high quality. But just give us a sense of, one, are you seeing any bleed-through of what we've seen in office in other areas of commercial real estate or any particular parts of C&I lending? Thank you."
JPM,2023-Q4,earnings,2024-01-12,12,"Hi. Good morning. My first question is a follow-up on Matt's with regarding the buyback. You printed 15% CET1 in the quarter. On a net basis, net of RWA growth, your net income produces 51 basis points every quarter. Again, that's net of RWA growth. I'm wondering what guideposts you're looking for, Jeremy, in terms of that buyback increasing from that $2 billion a quarter. Do we need to wait for Basel III finalization, which seems like it could be quite delayed? Or will having clarity in the June D-FAST results – you mentioned the SCB – sort of be enough that you could reconsider this pace over the medium term?"
JPM,2023-Q4,earnings,2024-01-12,13,"Thanks. And just as a follow-up, the $90 billion in expenses for 2024, does that contemplate a significant increase or the comeback of investment banking that everybody seems to be expecting for 2024?"
JPM,2023-Q4,earnings,2024-01-12,15,"Hi. So, you're guiding to $90 billion of expenses, that's up $7 billion year-over-year. Seems like quite a big increase. And if you could just give some color on that. I know we've been through this before two years ago with the big increase in expenses and without a lot of visibility. So, if you could just upfront give us visibility, how much of that is due to incentive pay, how much is that due to tech, how much is that due to AI and what are the expected returns to get from that $7 billion pick-up? Thanks."
JPM,2023-Q4,earnings,2024-01-12,17,"Yeah. Can you just talk about the impact of AI on your technology approach? And I know I’ve asked you this before and you said you're spending it, you're being careful, you want to see a return on your dollars. But how much difference can this make? How big is your tech budget last year? How much should it be this year? How much could AI make a difference? Just a little more meat on the tech bones."
JPM,2023-Q4,earnings,2024-01-12,20,"Jeremy, coming back to your outlook and forecast for net interest income for the upcoming year with the six Fed fund rate cuts that you guys are assuming, can you give us a little insight why you're assuming six cuts? Is it your customers are telling you that their businesses are weaker or is it your just economic outlook, the forward curve? Can you give us something behind why you're assuming so many rate cuts?"
JPM,2023-Q4,earnings,2024-01-12,21,"Okay, very good. And then, as a follow-up, obviously, you pointed out also in the outlook you're going to have some deposit attrition. You had some, of course, in 2023. Can you guys give us some insights on the impact QT is having on the deposit base for your organization? And second, are you surprised that QT hasn't been more disruptive to the liquidity in the markets?"
JPM,2023-Q4,earnings,2024-01-12,23,"Hey. Good morning. Thanks for taking my questions. There has been a lot of talk about capital markets rebound. You noted you're starting the year with a healthy pipeline. Could you give us some more color on what you're seeing there and how the rate in – how the change in the rate environment is changing the conversations that you're having across M&A, ECM and DCM?"
JPM,2023-Q4,earnings,2024-01-12,24,"Great. And on the flip side, in C&I, you spoke about lower revolver utilization, more muted demand. What would it take for that to rebound? Do you think it accelerates from here if rates come down or is there room for this to slow even further if the capital markets open up even more?"
JPM,2023-Q4,earnings,2024-01-12,26,"Hi. Thank you. So, I want to get your perspective on private credit overall. The industry saw a lot of growth, but it's only so big relative to the banking market. I think there's been a lot of share shift in direct lending and middle market lending. But now, you're starting to see more in asset-backed finance and you're seeing them raise a lot of money in infrastructure and energy. So, my question to you is, how big of a trend is this? How much do you think about it as cyclical versus secular? And most importantly, how does JPMorgan adapt and participate?"
JPM,2023-Q4,earnings,2024-01-12,27,Anything specific on asset-backed? It's an important part of your business too. Do you see it following the same path as direct lending has?
JPM,2023-Q4,earnings,2024-01-12,29,"Thank you. I have a question about the role that First Republic plays in your NII forecast. I'm assuming, because you'll have a full year in 2024 of First Republic that their contribution of NII will be up, let's say, from $3.7 billion this year to $5 billion to $6 billion next year. But given that you're forecasting six rate cuts, is that a detractor to your assumptions of NII from First Republic? Or – I mean, you have that FDIC note, and then you also have a significant amount of adjustable rate mortgages that I assume are repricing upwards. So, if you're talking about rate cuts, that would hurt your NII forecast from First Republic, I'm guessing. But if rates stay higher for longer, wouldn't First Republic be a much bigger contributor? So, talk about the sensitivities of First Republic there."
JPM,2023-Q4,earnings,2024-01-12,30,"Just to make sure I understood what you're saying, so you have NII ex. Markets going from $94 billion to $88 billion. Within that, would the contribution from First Republic be down as well or up?"
JPM,2024-Q1,earnings,2024-04-12,2,"So, a couple of questions here. Just, one, Jamie, could you talk through the decision to raise the dividend kind of mid-cycle, it felt like, pre- CCAR? And also, help us understand how you're thinking about where that payout ratio, that dividend payout ratio, range should be. Because over the past several years, it's been somewhere between 24% and 32%. And so, is this suggesting we could be towards the higher-end of that range or even expanding above that? And then I also just wanted to understand the buyback and the keeping of the CET1 at 15% here. The minimum is 11.9%. I know it's – we have to wait for Basel III Endgame re-proposal to come through and all that, but should we be expecting that, hey, we're going to hold 15% CET1 until we know all these rules? Thanks."
JPM,2024-Q1,earnings,2024-04-12,3,Excellent. Thank you so much.
JPM,2024-Q1,earnings,2024-04-12,4,"Okay. Thank you so much, and appreciate it. Looking forward to seeing you at Investor Day on May 20th."
JPM,2024-Q1,earnings,2024-04-12,5,"Hey. Good morning. Jeremy, can you speak to the trends you're seeing with respect to deposit migration in the quarter, if there's been any change? Have you seen that migration start to slow or not?"
JPM,2024-Q1,earnings,2024-04-12,6,"Okay. And just a follow-up on that and just sort of bigger picture on NII. Is that sort of the biggest driver of your outlook? Is it migration? Is it the forward curve? Is it balances? It sounds like it's migration, but just I'd be curious to hear your thoughts on the biggest drivers of upside or downside."
JPM,2024-Q1,earnings,2024-04-12,7,Right. Okay. Great. Thanks for the color.
JPM,2024-Q1,earnings,2024-04-12,8,"Thanks. Jeremy, you had mentioned at a conference earlier this year that the Street might need to build in more reserve growth – for the Card growth, you've had more reserve build. We didn't see that this quarter. Is that just kind of seasonal? And would you still expect the kind of growth math to play out in terms of Card growth and reserve build needs?"
JPM,2024-Q1,earnings,2024-04-12,9,"Okay. Got it. And then just to follow up to make it super clear on the idea of the Markets NII, that outlook being revised down by $1 billion but revenue neutral. I guess, the obvious thing is, there, there's typically an offset in fee income and you don't guide to that. But the idea would be the way you're structuring trades, the way the balance sheet is evolving, there’s some offset that you'd expect in Markets fees from the lower Markets NII, correct?"
JPM,2024-Q1,earnings,2024-04-12,11,"Hey. Good morning. I guess, just in terms of, Jeremy, when you think about the outlook for the economy, I would appreciate your thoughts on the health of the customer base, both commercial and consumer. And when we think about higher-for-longer, maybe the economy is too strong so we don't get any rate cuts, are you seeing that when you talk to your customers and the feedback you're getting from your bankers where the momentum is picking up? And I appreciate all the macro risks that Jamie has pointed out, but I'm just getting – trying to get to a sense of what your view is in terms of the most likely outcome based on what you're seeing today from the customers."
JPM,2024-Q1,earnings,2024-04-12,12,"That's helpful. And just tied to that, as we look at commercial real estate both for J.P. and for the economy overall, is higher rates alone enough to create more vulnerability than issues beyond office CRE? Like, how would you characterize the health of the CRE market? Thank you."
JPM,2024-Q1,earnings,2024-04-12,13,Helpful. Thank you so much.
JPM,2024-Q1,earnings,2024-04-12,14,"Hi. Good morning. Given that your response to Betsy's question is that 15% CET1 today prepares you for Basel III Endgame as written, you earn 22% on – without the FDIC assessment. Ahead of Investor Day, I guess, six weeks from now or a week from now, as we think about that 17% through-the-cycle target, if you're at the right capital level per you guys, where are you over-earning today?"
JPM,2024-Q1,earnings,2024-04-12,15,"Got it. And just as a follow-up question, you mentioned that the current curve that you set your NII outlook upon is stale. I guess, does it matter that – it seems like the market down pricing, and obviously no June cut, no September cut and a toss-up in December, which should matter for this year. As we think about that $90 billion, if we price rate cuts out totally, does that matter much given it seems like June is the only one that would..."
JPM,2024-Q1,earnings,2024-04-12,17,"Thanks. Good morning. Jeremy, I was wondering if you could expand a little bit on one of your prepared comments. When you talked about, we'll have hopes and expectations for the Investment Banking pipeline that continued to move along, we obviously saw the good movement in ECM and DCM and the lag in Advisory. Can you just talk about that? You mentioned like potential cautiousness around the election. Just what are you hearing from both the corporate side and the sponsor side with – as it relates to M&A on like go-no-go type of feel and conversation levels? And then, what are you thinking we need to have to kickstart just another good level of IPO activity in the ECM markets? Thanks."
JPM,2024-Q1,earnings,2024-04-12,18,"Got it. And I guess, I'll just stick on the theme of capital markets, and not surprising at all to see a little bit tougher comp in FICC. I think you guys have kind of indicated that maybe a flattish fee pool is a reasonable place, and I know that's impossible to guide on. But just, maybe talk to some of the dynamics in terms of activity across the Fixed Income and Equities business. And do you feel like this is the type of environment where, given that lingering uncertainty about rates, clients are either more engaged or less engaged in terms of how they're positioning portfolios? Thanks."
JPM,2024-Q1,earnings,2024-04-12,19,"Hi. Jamie, I'm just trying to reconcile some of your concerns in your CEO letter. I'm sure the 60 pages – I can see you put a lot of effort into that, and it's appreciated. But you talked about scenarios, tail risk, macro risk, geopolitical risk and all that over several years, if not weeks or months. I get it. On the other hand, the firm is investing so much more outside the U.S., whether it's commercial or some digital banking, consumer or wholesale payments. So, I'm just trying to reconcile kind of your actions with your words. And specifically, how is global Wholesale Payments going? You mentioned you're in 60 countries. You do business a lot more. How is that business in particular doing? Thanks."
JPM,2024-Q1,earnings,2024-04-12,20,"Just as a follow up to that then, why is it doing great in terms of Wholesale Payments, given such the – the dislocations in the world from wars to supply chain changes, everything else? Why is Wholesale Payments doing great?"
JPM,2024-Q1,earnings,2024-04-12,22,"Thank you. Your commentary with Ken's questions were great and clear on Investment Banking for the near term in this year. I have a bigger picture question in terms of, you're always so good in spelling out where you're over-earning. Do you feel like you're under-earning on the Investment Banking side? And I just use some of your own numbers from the past of like, the market has added like $40 trillion of equity market cap and $40 trillion of fixed income market cap last 10 years, yet the wallet is like 20% plus below the 10-year average. So, is there just a bigger upside and it's just a matter of when, not if."
JPM,2024-Q1,earnings,2024-04-12,23,"Cool. Maybe one other follow-up. You're always investing. You clearly get paid in growth across the franchise as you do. But relative to a lot of other banks that have been keeping the expenses a lot closer to flat, do you envision environment, or maybe I should rephrase that, what type of environment would have J.P. Morgan pull back on this tremendous investment spending wave that you've been going through?"
JPM,2024-Q1,earnings,2024-04-12,24,Awesome. Thank you.
JPM,2024-Q1,earnings,2024-04-12,25,"Good morning. You mentioned one use of capital is to lean into the trading businesses with your balance sheet. And we just see the trading assets going up Q2, which is probably seasonal, but also up a lot year-over-year, but not necessarily translate into higher revenues. And I know they don't like match up necessarily each quarter, but maybe just elaborate like how you're leaning into the trading with the balance sheet and how you expect that to benefit you over time."
JPM,2024-Q1,earnings,2024-04-12,26,"Got it. And then just separately, within the Consumer Card businesses, you highlighted volumes were up 9% year-over-year. Obviously, still a very strong piece. Any trends within that that are worth noting in terms of changes in spend category? Either overall or among certain segments? Thank you."
JPM,2024-Q1,earnings,2024-04-12,27,Okay. That's helpful. Thank you very much.
JPM,2024-Q1,earnings,2024-04-12,29,"Good. Thanks. Notwithstanding your guys' outlook for uncertainty, and of course Jamie talked about it in his shareholder letter and addressed it also on this call when he was here earlier. Can you guys share or can you share with us the color on what's going on in the corporate lending market in terms of spreads seem to be getting tighter? It's not reflecting, I don't think, a real fear out there in the global geopolitical world. And any color just on what you guys are seeing in the leveraged loan market as well?"
JPM,2024-Q1,earnings,2024-04-12,30,"Thank you. And I guess, as a tie-in to that question and answer, we've read and seen so much about the private credit growth in this country by private credit companies. Can you give us some color on what you're seeing there, both as a competitor, but also as a client of JPMorgan? How you balance the two out, where you may see them bidding on business that you'd like but at the same time you're supporting their business?"
JPM,2024-Q1,earnings,2024-04-12,31,Appreciate the color. Thank you.
JPM,2024-Q1,earnings,2024-04-12,32,"Good morning. A couple of questions on the First Republic acquisition. Some of us obviously thought that would be a homerun, and I'm glad to see that Jamie Dimon validated that in his annual letter. When you look at the first quarter, it annualizes out to $2.7 billion, $2.8 billion, above the $2 billion that Jamie published in the letter. I know you don't want to extrapolate that. But can you remind us what sort of cost savings you still have in that, because this quarter did see expenses come down to $800 million down from $900 million? And then, secondly, is there an offset to that where the accretion becomes less and less and that's why you don't want to extrapolate the $2.7 billion, $2.8 billion? So, that's my first question."
JPM,2024-Q1,earnings,2024-04-12,33,"As a quick follow-up. Where are the next homeruns going to come from? And this is more strategic beyond just JPMorgan, but there are probably going to be more regional bank failures, whether it's this year or next year, and opportunities to pick those up. But what you're seeing is that, private equity and family offices are setting up to participate in this next round of bank failures. Mnuchin's buying of NYCB is clearly to create a platform for rollups of failed banks, and then there are other family offices that have filed shelf registrations for bank holding companies whose specific purpose is to buy failed banks. So, do you think that these opportunities are going to be competed away by private credit? And as part of that, do you think the regulators are going to view private credit as a different party and less attractive party versus bank takeovers of failed banks? So, that's my question."
JPM,2024-Q2,earnings,2024-07-12,2,"So, wanted to start off with a question on capital just given some indications that the Fed is considering favorable revisions to both Basel III Endgame and the GSIB surcharge calculations, which I know you've been pushing for some time. As you evaluate just different capital scenarios, are these revisions material enough where they could support a higher normalized ROTCE at the Firm versus the 17% target? And if so, just how that might impact or inform your appetite for buybacks going forward?"
JPM,2024-Q2,earnings,2024-07-12,3,"No need to apologize, Jeremy. That was a really helpful perspective. Maybe just for my follow-up on NII, you've been very consistent just in flagging the risk related to NII overearning, especially in light of potential deposit attrition as well as repricing headwinds. In the second quarter, we did see at least some moderation in repricing pressures, deposit balances were also more resilient in with a seasonally weak quarter for deposit growth. So, just given the evidence that some deposit pressures appear to be abating, do you see the potential for NII normalizing higher? And where do you think that level could ultimately be in terms of stabilization?"
JPM,2024-Q2,earnings,2024-07-12,4,"Understood, Jeremy. Thanks so much for taking my questions."
JPM,2024-Q2,earnings,2024-07-12,5,"Hi, good morning. Thanks for taking my question. Jeremy, can you give an update on the stress capital buffer? You noted obviously that you think there is an error in the Fed's calculation due to OCI. Can you just give us a sense of what the dialogue with the Fed looks like? Is there a process to modify the SCB higher and if you could give us a sense of what that process looks like?"
JPM,2024-Q2,earnings,2024-07-12,6,"Okay, got it. That's helpful. Just following up on capital returns on Steve's question, I think you highlighted in response it's a matter of when, not if, and obviously, Jamie’s not there, you can’t speak for Jamie, but seems to have shown limited enthusiasm for a special dividend or buybacks at current valuations. Can you just give us a sense of how you’re thinking about the various options? Any updated thoughts on a special dividend? And can you do other things like, for example, have a material increase in your dividend payout, sort of a step function increase, where keep that flat and grow into that, grow your earnings into that over time? Can you just maybe give us a sense of how you're thinking about what options you have available to deploy that capital?"
JPM,2024-Q2,earnings,2024-07-12,7,"Okay, great. Thanks a lot."
JPM,2024-Q2,earnings,2024-07-12,8,"Thanks a lot. Good morning, Jeremy. Jeremy, great to see the progress on Investment Banking fees up sequentially and 50% year-over-year, and I saw you on the tape earlier just talking about still regulatory concerns a little bit in the advisory space and we clearly didn't see the debt pull-forward play through because your DCM was great again. I'm just wondering just where you feel the environment is relative to the potential and just where the dialogue is across the three main bucket areas in terms of, like how does this feel in terms of a current environment versus a potential environment that we could still see ahead. Thanks."
JPM,2024-Q2,earnings,2024-07-12,9,"Great. Thank you for all that, Jeremy. And just one on the Consumer side, just anything you're noticing in terms of people just have been waiting for this delinquency stabilization on the Credit Card side. Obviously, your loss rates are coming in as you expected, and we did see 30 days pretty flat and 90 days come down a little bit. Is that seasonal? Is it just a good rate of change trend? Any thoughts there? Thanks."
JPM,2024-Q2,earnings,2024-07-12,11,"Hi, thanks very much. So, Jeremy, the discussions so far around private credit and you all, your recent comments have been the ability to add on balance sheet and compete when you need to compete on the private credit front. And I do think that most of the discussion has been about the direct lending component. So, I'm curious if you're showing more progress and activity on that front. And then, very importantly, do you see the same trend happening on the asset-backed finance side because that's a bigger part of the world and it's a bigger part of your business? So, I'd appreciate your thoughts there. Thanks."
JPM,2024-Q2,earnings,2024-07-12,12,"No. That's great for you if you're not hearing much about it, so we can leave it at that. Maybe just one quick follow-up in terms of your just overall posturing. You were patient and smart when rates were low, waited to deploy, worked out great, we know that story. Now, it seems like you have tons of excess liquidity and you're being patient and rates are high, and I'm curious on how you think about what kind of triggers, what kind of things you're looking for in the market to know if and when you would extend duration."
JPM,2024-Q2,earnings,2024-07-12,13,Super helpful. Thanks so much for that.
JPM,2024-Q2,earnings,2024-07-12,14,"Good morning. I was just wondering if you can elaborate on essentially the math behind the ROTCE being too high at 20% and more normalized at 17%. Obviously, you've pointed to overearning on NII. And I guess, the question is, is that all of it to go from 20% to 17%? And if so, is that all consumer deposit costs or are there a few other components that you could help frame for us?"
JPM,2024-Q2,earnings,2024-07-12,15,"Yeah, that was a really helpful chart. Just the one follow-up, on the yield curve effects, I guess, what do you mean by that because right now the yield curve is inverted, maybe you're still breathing in the impact of that. But kind of longer term, you'd expect little bit of steepness of the curve, which I would think would help. But what did you mean by that? Thank you."
JPM,2024-Q2,earnings,2024-07-12,16,Got it. Okay. Thank you for the details.
JPM,2024-Q2,earnings,2024-07-12,17,"Hi. Jeremy, you said it's too early to end the overearning narrative and you highlighted higher deposit costs and the impact of lower rates and lower NII and DCM pull-forward and credit costs going higher. Anything I'm missing in that list? And what would cause you to end the overearning narrative?"
JPM,2024-Q2,earnings,2024-07-12,18,"Your 17% through the cycle ROTCE expectation, what is the CET1 ratio that you assume for that?"
JPM,2024-Q2,earnings,2024-07-12,19,"Let me just zoom out for one more question on the return target. I mean, when I asked Jamie at the 2013 Investor Day, would it make sense to have 13.5% capital, he was basically telling me to take a hike, right? And now, you have 15.3% capital and you're saying, well, we might want to have a lot more capital here. I mean, at some point, if you're spending $17 billion a year to improve the company, if you're gaining share with digital banking, if you're automating the back office, if you're moving ahead with AI, if you're doing all these things that I think you say others aren't doing, why wouldn't those returns go higher over time or do you just assume you'll be competing those benefits away? Thanks."
JPM,2024-Q2,earnings,2024-07-12,22,"So, I did want to ask one drill-down question on 2Q, and it's related to the dollar amount of buybacks that you did do. I think in the press release, right, in the slide deck, it's $4.9 billion common stock net repurchases. So, the question here is, what's the governor for you on how much to do every quarter? And, I mean, I understand it's a function of, okay, how much do we organically grow. But even with that, so you get the organic growth, which you had some nice movement there. But you do the organic growth and then is it how much do we earn and we want to buy back our earnings or how should we be thinking about what that repurchase volume should be looking like over time? And I remember over at Investor Day the whole debate around I don't want to buy back my stock, but we are, right? So, I get this question from investors quite a bit of how should we be thinking about how you think about what the right amount is to be doing here."
JPM,2024-Q2,earnings,2024-07-12,25,"Jeremy, I know you touched on deposits earlier in the call in response to a question. I noticed on the average balances the non-interest- bearing deposits were relatively stable quarter-to-quarter versus prior quarters when they’ve steadily declined. And this is one of the areas, of course, investors are focused on in terms of the future of the net interest margin for you and your peers. Can you elaborate, if you can, what you’re seeing in that non-interest-bearing deposit account? I know this is average and not period, and the end number may actually be lower. But what are you guys seeing here?"
JPM,2024-Q2,earnings,2024-07-12,26,"Very good. And as a follow-up, you've been very clear about the Consumer Credit Card charge-offs and delinquency levels, and we all know about the Commercial Real Estate Office. And you always talk about overearning on net interest income, of course. One of the great credit quality stories for everyone, including yourselves, is the C&I portfolio, how strong it's been in this elevated rate environment? And I know your numbers are still quite low, but in the Corporate and Investment Bank, you had about a $500 million pickup in non-accrual loans. Can you share with us what are you seeing in C&I? Are there any early signs of cracks or anything? And, again, I know your numbers are still good, but I'm just trying to look forward to see if there's something here over the next 12 months or so."
JPM,2024-Q2,earnings,2024-07-12,27,Great. Appreciate the insights as always. Thank you.
JPM,2024-Q2,earnings,2024-07-12,28,"Hi, good morning. I just had one clean-up question, Jeremy. The consensus provision for 2024 is $10.7 billion. Could you maybe clarify for once and for all sort of Jamie's comments at an industry conference earlier and try to sort of triangulate if that $10.7 billion provision is appropriate for the growth level that you are planning for in Card?"
JPM,2024-Q2,earnings,2024-07-12,30,"Oh, hey, good morning. Maybe just one last question on sort of deploying excess capital. It seems like the two primary ways to do that organically would be through the trading book or the loan book. So, maybe two questions there. One, trading assets were up 20% year-over- year. Is that you leaning into it or just a function of demand? And is there further opportunities to grow that? And then, secondly, outside of Card, loan demand has been quite weak and any thoughts from you on if you're seeing any change in demand or how you're thinking about loan demand going forward? Thanks."
JPM,2024-Q3,earnings,2024-10-11,1,"Hey, good morning. So, Jeremy, as you highlighted, full year NII guidance implies a sizable drop in Q4 NII ex. Markets about 6%. So, can you just maybe discuss what are the largest drivers of the sequential decline including any initial thoughts on deposit behavior and pricing since the 50 basis point cut? And since it's related, I'll just throw out my follow-up question. I realize the forward curve is moving around a lot, but since Dan brought it up a month ago, can you frame how you're thinking about the NII trajectory for 2025? Thanks."
JPM,2024-Q3,earnings,2024-10-11,2,All right. Thanks a lot.
JPM,2024-Q3,earnings,2024-10-11,3,"Hi. Good morning. So Jeremy, how are you? So I do want to ask on expenses, just in light of some of the comments that Daniel had made recently, just noting that consensus expense forecast for next year looked a little bit too light. I believe at the time it was just below $94 billion. If we adjust for the one-timers this year, that would suggest a core expense base that's just below $90 billion, so pretty healthy step-up in expenses. I know you've always had a strong commitment and discipline around investment. Just want to better understand where those incremental dollars are being deployed and just which investments are being prioritized in particular looking out to next year."
JPM,2024-Q3,earnings,2024-10-11,4,"Thank you both for the color. Just a quick follow-up for me, just drilling down into NII. It appears you redeployed a fair amount of cash or excess reserves at the Fed into securities. We saw the yield expand, which was encouraging, despite the pressure at both the long end and SOFR contraction in the quarter. I was hoping you could just speak to your appetite to extend duration in this environment. I know that you've had some aversion to that in the past. But do you anticipate redeploying additional excess liquidity just amid the expectation for deeper rate cuts?"
JPM,2024-Q3,earnings,2024-10-11,5,"Well said. Well, thank you so much for taking my questions."
JPM,2024-Q3,earnings,2024-10-11,6,"My first question, and thank you very much for answering all the NII questions so far, Jeremy, is just I guess another follow-up. As you can imagine, once Daniel said what he said on stage in September, everyone is trying to figure out the over/under for net interest income next year. So maybe a two-part first question, the second being inspired by what Jamie just said. Number one, NII is expected to be down 6% sequentially in fourth quarter. I think year-over-year in 2025, consensus has it down 4% from your new level. So it sounds like consensus still has room to come down, and based on the forward curve, Jeremy, it could be a little bit worse year-over-year than the fourth quarter sequential rate. But that being said, as Jamie noted, we have no idea what the curve is going to look like. Right? It's gyrated so much. And so as we think about the curve, is it better for JPMorgan to have more cuts in the short end but steepness or less cuts but a little bit of a flatter curve?"
JPM,2024-Q3,earnings,2024-10-11,7,"And if I can ask my second question, and, Jamie, I completely understand your frustration. And to be fair, your long-term shareholders really don't care about whether it's $87 billion or $85 billion. Right? They care about your return on equity. To that end, I mean, it's insane how much capital you generate each quarter, 72 basis points this quarter. And so, beyond the standard boilerplate questions you're going to get on buyback and organic growth, yada, yada, dividend increases, how should we think about JPMorgan deploying this capital? I mean, the world is generally your oyster, right? You're dominant already, and you could use this capital to further enhance your business. And again, beyond that boilerplate conversation that you always get every quarter, how should your shareholders think about how you're thinking about the opportunities to deploy this capital?"
JPM,2024-Q3,earnings,2024-10-11,9,"Hi. Thanks very much. And so glad Jamie didn't say what he was about to say because that's the answer to this question. So we've seen a couple more banks entering partnerships with alternative managers. We've seen limited loan growth for a few years now, market-related also; limited flows into fixed income funds, yet plenty of growth in private credit in general. And you're one of the best asset managers on the planet, but in my view, less dominant in all things private credit. So maybe you could talk about what things you're working on and why that's too narrow of a view of your ability to serve all parts of clients’ lending needs, not just the public markets and public lending side. Thanks."
JPM,2024-Q3,earnings,2024-10-11,11,"Good morning, Jeremy, and good morning, Jamie. Jeremy, when you guys look at your current capital ratios, they are obviously very healthy. Can you guys give us some color on the new Basel III? We don't know what the specifics are, but as Vice Chair Barr touched on some of the specifics, it looks like capital requirements for yourself and your peers will come down a fair amount from the original proposal. How are you guys thinking about that? Do you have any insights on how much it may fall from the original proposal to where you are today?"
JPM,2024-Q3,earnings,2024-10-11,12,"Very good. And then as a follow-up, in view of this excess capital and your comments a moment ago about direct lending, you look at your current cash and marketable securities on a risk-weighted asset basis, you put it in your presentation of course, $1.5 trillion. Average loans is $1.3 trillion. When the dust settles, you know what your capital requirements are. Can you frame out for us, levering up the excess capital with more loans, is that a path that might be considered over the next two or three years relative to where you are on a mix basis? I know you're going to grow your loans, but I'm talking about the mix."
JPM,2024-Q3,earnings,2024-10-11,14,"Good morning. So lower rates was supposed to drive a pick-up in loan growth and conversion of some of these investment banking pipelines. Obviously, we just had one cut and it's early. But any beginning signs of this in terms of the interest in borrowing more, and again, conversion of the banking pipelines?"
JPM,2024-Q3,earnings,2024-10-11,15,"And then specifically in the debit and credit card spend that you guys break out, you had nice growth year-over-year, up 6%, flat quarter-over- quarter, I know there's a lot of seasonality 2Q to 3Q. I think last year, it was up about 1%. But are you seeing any kind of changes in the consumer spend either the mix or some signs of a slowdown later in the quarter? Thank you."
JPM,2024-Q3,earnings,2024-10-11,17,"Hey. Jamie, I think I've seen you comment on government this year more than any other time in your career. And the August 2 op-ed, Washington Post, Davos you're talking about government. I think it was this week or last week on Bloomberg, you're saying bank mergers should be allowed. Your bus tour in August, you were asked, which is my question now, under what circumstances would you leave for government service and your answer then was “I love what I do.” We get it you love what you do. But under what circumstances would you consider government service? It seems like you'd be more likely to go now than in the past just based on the numerous comments that you've made. Is that right, wrong, what's your thinking?"
JPM,2024-Q3,earnings,2024-10-11,18,"So if you were asked by the next administration to serve the country, would you be open to considering it?"
JPM,2024-Q3,earnings,2024-10-11,19,"Let me take the flip side of that question for those of you who are worried about you leaving. The other side of the question is we were on these calls the last couple of years. You're saying the stock is over-valued, and I think that's what you're saying. You're saying the stock market is over-valued and therefore all stocks are over-valued. And on the one hand, you guys, you highlight on this call AI, tech, market share gains, high returns, high capital. So, do you think in some ways when we think about the value of your price, and your ability to do buybacks, you're thinking more about an old school model for valuing your stock as opposed to a new school model that might put you in the category of more tech-oriented firms, especially as it relates to your progress with AI."
JPM,2024-Q3,earnings,2024-10-11,20,"Yeah, good morning. I guess just wanted to follow-up. You talked about private credit and the disruption to bank lending. Another area I would appreciate if you can address is we've been hearing a lot about the likes of Jane Street and other market makers potentially disrupting fixed income trading. Is that a real risk? And is there an opportunity for a firm like JPMorgan to actually compete on the private venue side on market making beyond traditional sort of FICC activity?"
JPM,2024-Q3,earnings,2024-10-11,21,"Got it. And just one quick one. And, Jeremy, you, I think, mentioned QT stopping at some point. We saw the repo sort of market spike at the end of September. Give us your perspective on just the risk of market liquidity shock as we move into year-end and do you have a view on how quickly Fed should recalibrate QT or actually stop QT to prevent some loss? Thanks."
JPM,2024-Q3,earnings,2024-10-11,26,"Oh, yes. Thank you. So one for Jeremy, one for Jamie. Jeremy and Jamie, Sorry about the NII question I'm going to have, but it is more than half your revenue so I kind of care about it. But when I'm thinking about the trough and then the build-up, QT ending, deposit growth, I mean, that's part of the calculation for improvement as we go into 2025. Right? I should embed that outlook. Is that right? And that's embedded in how you're thinking about it. I know we don't have a number for you for NII for 2025 but it is in there. Right?"
JPM,2024-Q3,earnings,2024-10-11,28,And so Daniel's comments in September were on NII in total or NII ex. Markets? Could you just clarify that?
JPM,2024-Q3,earnings,2024-10-11,29,"Okay. Then one for Jamie. Jamie, we did talk already quite a bit about the capital that you have, capital in store. Just wanted to understand how you're thinking about that opportunity set that's in front of you with regard to using it for potentially portfolio acquisitions. I realize that depositories are not on the docket, but we all know there's portfolios out there that might be looking for a home. And could you give us a sense as to how interested you might be in acquiring assets at this stage?"
JPM,2024-Q3,earnings,2024-10-11,30,What about loans? The Apple card…
JPM,2024-Q3,earnings,2024-10-11,32,I'm just wondering about private label credit card for example. Is that something that would help clients?
JPM,2024-Q3,earnings,2024-10-11,34,"Hey. Good morning. I'm not going to ask about a specific NII in 2025, but I did want to delve into the how to think about your deposit margin in volume dynamics in the CCB over the next few years. You have seen a decent amount of pressure in the deposit margin, 2.6%, down about 30 basis points as deposit balances have come down, so it put some pressure on deposit NII. But deposit margins are still well above where they were when rates were at levels that are consistent with where the forward curve now has been going. So I guess how do we think about both volumes and margin dynamics if rates do come down, say, to the level that are consistent with the forward curve? I know the forward curve is likely going to be long, but that's the reference point we have. And conversely, volume offset. You mentioned, Jeremy, the retail deposits becoming a tailwind. But, I guess, how much of a tailwind could they be, especially as you are expecting to gain quite a bit of market share in retail deposits? So just give us a sense of sort of the push and pull of these dynamics that really help drive the deposit, the value of the deposit franchise."
JPM,2024-Q3,earnings,2024-10-11,35,"Okay. That's helpful. So it sounds like you're a little bit above that, but there's still some pressure. But you're not dramatically above those levels."
JPM,2024-Q3,earnings,2024-10-11,36,Yes. Got it. Okay. That's helpful. Thanks a lot. That's all I got.
JPM,2024-Q4,earnings,2025-01-15,1,"Hi. Good morning. Jeremy, I wanted to ask about capital, and I know you get this question a lot about the kind of high-class dilemma of your growing capital base and your perspective of that as earnings in store. So, I guess, what's the framework for thinking about the opportunity cost of sitting on the growing base of capital and how high you might let that go versus your patience in waiting for more attractive deployment opportunities?"
JPM,2024-Q4,earnings,2025-01-15,4,"Okay. Thanks, Jeremy. And then just as a follow-up, when we think about the investment spend agenda this year, how does it differ from, say, last year or last couple of years across lines of business in this kind of certainty of return spectrum you've talked about? And then what kind of efficiencies are baked into the outlook as well? Thanks."
JPM,2024-Q4,earnings,2025-01-15,5,Very helpful. Thank you.
JPM,2024-Q4,earnings,2025-01-15,6,"Hi. Simple and then more difficult, I guess. Jamie, who's your successor? And then the second question is, I know I asked the question at Investor Day, why not stay as CEO a little bit longer? I think what I'm hearing from investors now, it goes up and down, but I think investors would like you to stay. So, why say you're going to stay less than five years? You're finally getting what you wanted, 15 years, your spaghetti chart about the regulatory structure and the unpredictability of capital requirements and regulatory costs, and it seems like you're finally getting what you've been playing for. So, why not stay around a bit longer if investors want you to do so? And what would you do otherwise anyway? You don't play golf. You aren't going to be Treasury Secretary. Seems like your work is your hobby, right? So how much longer would you stay around?"
JPM,2024-Q4,earnings,2025-01-15,7,Who's your successor?
JPM,2024-Q4,earnings,2025-01-15,8,"So, you'll stay around maybe for a few more years base case right now?"
JPM,2024-Q4,earnings,2025-01-15,10,"Hey. Good morning. Maybe just on regulation, we have a new administration coming in. We have a new, soon-to-be, I guess, a new head of regulation at the Fed. So, maybe just talk about, again, what areas of the regulatory structure, if it were to change, would be most impactful for you. And is there any areas where you think capital requirements could actually go down? Or is this more of a story of requirements just simply stop going up? Thanks."
JPM,2024-Q4,earnings,2025-01-15,11,"Yeah. No, that makes sense. And maybe just as a follow-up, just on loan growth. Have you – since the election, it seems like CEO confidence, business confidence has increased. So, are you starting to see any improvement in demand on lending? Just any thoughts there would be great."
JPM,2024-Q4,earnings,2025-01-15,13,"Yes. Hi, good morning. Wanted to follow up on the questions on capital and maybe ask about some of, Jeremy, the crosscurrents in terms of the denominator. So, if we look at the third quarter regulatory data for your G-SIB surcharge score, that would imply that your score would put you in a range of a 5% G-SIB. So, obviously, from what we understand, if you print that – somewhere near that score at the end of this year, then your G-SIB surcharge goes up by – to 5% or by 50 basis points two years and one day from now. At the same time, around the holidays, we did get the press release from both the Federal Reserve and the lawsuit from the banks. In terms of the transparency, it looks like the transparency is going to be focused on perhaps being improved as soon as this year's stress test. So, as we think about the definition of excess, right, because part of this is like 15.7% is clearly a huge number. So, as we think about your returns going forward, the definition of excess also continues to shift. So, how should we think about those crosscurrents in terms of two big components, clearly, one is your G-SIB surcharge and the other is your stress capital buffer?"
JPM,2024-Q4,earnings,2025-01-15,14,"And just a follow-up question – a follow-up to John's line of questioning. As a placeholder, as we think about what you said, trying to arrest the growth of CET1, for now, should we just assume that anything that you don't need for organic growth and your dividend obligations in terms of that 15.7% will be bought back by the company as we think about? I know you don't want to predict the buyback, but is that sort of just a placeholder for now as we think about what can return back to shareholders in the form of repurchase?"
JPM,2024-Q4,earnings,2025-01-15,15,"Good morning. It seems like you guys have backed off the view that you're materially over-earning on net interest income. And is this all because of the higher rate environment that's expected now? Or is it also partly a different view on deposit pricing, specifically on the consumer side, which I think you had assumed it would reprice a bit more than we've seen?"
JPM,2024-Q4,earnings,2025-01-15,16,"Okay. And then just separately, a strategic question. There's been some reports about you further expanding the Consumer Banking business globally. And I guess I just want to push on that where we really haven't seen other banks do it in a successful way. Obviously, your approach is kind of coming from a position of strength, leading digitally. But I guess I'm just wondering like is it worth it? Is there enough upside to justify maybe some of the increased regulatory and execution risk of doing global consumer banking?"
JPM,2024-Q4,earnings,2025-01-15,19,"Guys, can you hear me okay? All right. Just want to make sure you can hear me. So this has been a great call. First, congratulations on a great quarter. It's been a great call with a lot of robust questions here. You're like, what else is there to ask? Here's my question. As we think about the NII outlook and you highlighted the NIM pressure, but loan – but basically, balance is increasing here, right? Maybe you could just speak to – could you help me understand the order of the drivers? Is it QT going away, deposits going up, punch it into securities? Is it loan growth inflecting? Is there any place in the franchise where you see loan growth opportunities for inflection this coming year? And then lastly, as I think about your comments around you've got the green market share number one, you've got the yellow, you've got the red, places maybe we can't see. Could you help us understand where those yellows and reds are – where they are? Are they just scattered, everybody – every single business has one? Or are there some that have more than others and, therefore, more opportunities? And is it more balance sheet or fee- generative? That's kind of what I'd like to just discuss if you have a minute. Thanks."
JPM,2024-Q4,earnings,2025-01-15,21,"Good morning. I guess just two questions. In terms of areas of vulnerability, so I heard you, Jeremy, on the lending side, but lots of crosscurrents. Like, if we anchor to the fact that you have a new administration that's taking place or take office with a focus on domestic CapEx. Even if we don't get any rates cut, when you look through your customer base where do you see areas of vulnerability, be it because of tariffs, be it because of just lack of any additional relief from the Fed? Yeah, would love to hear just from a credit quality perspective what no rate cuts might mean."
JPM,2024-Q4,earnings,2025-01-15,22,"And I guess – thanks for that. Just sticking with that, as far as QT is concerned, when you talk to experts, like no one knows where the right level for the Fed to end is. I'm just wondering if you have any thoughts there on when Fed should end the pressure on the system, and what it may imply for deposit growth?"
JPM,2024-Q4,earnings,2025-01-15,25,"...you mentioned in your comments about the overall Firmwide deposits have stabilized in the second half. You could see some growth and you're very – I think you said you started to see maybe some of that in the consumer checking deposits. We noticed in the industry data from the regulators, household checking deposits pre-pandemic for the industry were running about $1 trillion. Now, they have remained elevated post-pandemic at $4 trillion. Can you – based on what you're seeing in your customer base, what can you attribute the strength to in this consumer checking account deposits?"
JPM,2024-Q4,earnings,2025-01-15,26,"Very good. And then as a follow-up, circling back about the capital levels, you guys have been very clear about where you want them to be. Can you share the pros and cons from JPMorgan's perspective? Not so much from an investor, but we understand, of course, you can do a share repurchase. Obviously, you can do non-depository acquisitions with the excess capital. But what are the pros and cons of a special dividend to reduce that excess capital if you continue with these incredible profitability levels of 20% return on tangible common equity? You're growing your income and capital very nicely every year. But what are those pros and cons, again, from JPMorgan's perspective?"
JPM,2024-Q4,earnings,2025-01-15,27,"Sounds good. Thank you, gentlemen."
JPM,2025-Q1,earnings,2025-04-11,1,"Good morning, Jeremy. Wondering if you could start by just kind of amplifying just the macro commentary that you started off on. And given the uncertainty in the world that you referenced, just how are you seeing the activity change across the customer base from consumers to wholesale? And can you just talk through how that's also just informing any changes in your – some of your growth and reserving expectations? Thanks."
JPM,2025-Q1,earnings,2025-04-11,2,"Yeah. And just one question on the NII ex. Markets holding at $90 billion. Can you just walk us through the puts and takes of just what's the new curve you're using, which also is subject to change every day and what might have been some of the positive offsets to if you put in more expected cuts than you had before? Thanks."
JPM,2025-Q1,earnings,2025-04-11,3,"Yes. Good morning. This question is for Jamie. Jamie, you were on the media today talking about potential economic turbulence. But Jeremy also mentioned that banking should be – the banking system should be a source of strength in this turbulence. The equity market always seems to think about the banks as weaker players given how they trade the stocks more on sentiment and fear rather than the math of – the ability of banks to absorb provisions going forward, if we do fall into a slower economic downturn. So, I guess, just the question here is, can you double-click on how you think this is going to impact the economy going forward and maybe double-click on Jeremy's statement that the banking system should be a source of strength?"
JPM,2025-Q1,earnings,2025-04-11,4,"Got it. And a second follow-up question. And I don't disagree with you guys on equity market performance of bank stocks. It's just that the mindset of portfolio managers is they always go back to sort of the lowest common denominator of fundamental performance versus thinking about resilience. And to that point, the second question is on the reserve. Jeremy, you mentioned a weighted-average unemployment rate of 5.8%. I think that's above where economists are thinking we could peak even in a recession scenario. How should we think about any incremental builds from here? And what you are going – obviously, deterioration in the outlook, but what more do you need to see in terms of how you make decisions about further builds from here?"
JPM,2025-Q1,earnings,2025-04-11,6,"Hi, good morning. Jeremy, on that same topic, no change to the full year credit Card net charge-off forecast. How do we square that with the rising recession risk? Is it because you already have a couple of months of delinquencies kind of baked in the cake and this is more an issue for next year, or just too early to call?"
JPM,2025-Q1,earnings,2025-04-11,8,"Yeah. Okay. Okay, yeah, that's what we were kind of thinking. And then..."
JPM,2025-Q1,earnings,2025-04-11,9,"Okay. Got it. And then just on capital, how does this type of macro uncertainty impact your thinking around conserving capital as opposed to deploying it through your investment agenda and buybacks as the stock gets cheaper? Or just, are you still looking to arrest the increase or does this kind of change it?"
JPM,2025-Q1,earnings,2025-04-11,11,Good morning. Just wanted to drill down on the credit card spend. Any comments in terms of changing patterns on the consumer card spend? There's been headlines in travel kind of going down. Just talk about some of the puts and takes in that up 7% year-over-year.
JPM,2025-Q1,earnings,2025-04-11,12,"Okay. That's helpful color. And then just separately, if we look at the delinquencies for the Home Lending, the increase both quarter-on-quarter and year-over-year, is that just some of the noise from the First Republic deal as you take the marks upfront and then those portfolios essentially re-season from an accounting point of view? Or is there something else going on there?"
JPM,2025-Q1,earnings,2025-04-11,14,"Hi. Good morning and thanks for taking my questions. Wanted to start off with one on the proposed SLR changes and just the impact of rate volatility. The Treasury is committed to providing relief to the banks under the SLR just to help mitigate some of the volatility in the 10-year. But given the geopolitical concerns, weakening global demand for treasuries, how does it inform your appetite just for purchasing U.S. Treasuries if those reforms are implemented and just how you're managing rate risk maybe more holistically across the Firm, just in light of some the recent volatility?"
JPM,2025-Q1,earnings,2025-04-11,15,"Thank you both for that perspective. And just for my follow-up, did want to ask on the Markets outlook. So, admittedly, less surprising to hear some of the cautious IB commentary in light of the uncertainty. But was hoping you could just speak to the Markets businesses which have been performing extraordinarily well of late and just given the combination of elevated volatility, but also some indications that clients are taking down risk, how you expect that business to perform over the coming quarters."
JPM,2025-Q1,earnings,2025-04-11,17,"Thank you. Hi, Jeremy and Jamie. Can you guys share with us – if you take a look at the non-traditional lenders, private credit lenders, they've been very active in grabbing market share from the traditional commercial banks over the last two or three years, particularly since the initial Basel III Endgame proposal came out in July of 2023, which is no longer applicable. But are you guys seeing any opportunities where customers may re-intermediate back into the banks like your bank because of this volatility?"
JPM,2025-Q1,earnings,2025-04-11,18,"Very good. Thank you. And then as a follow-up, you both just talked about the potential changes to the different regulatory outcomes for you and your peers, whether it's SLR or the G-SIB buffer, et cetera. Can you opine for us your views? Are you more confident with the new administration, the new personnel, whether it's Treasury Secretary Bessent or others, the nominees for different regulatory heads that there will be a better chance of real regulatory reform, they see it the way you guys do versus the prior administration?"
JPM,2025-Q1,earnings,2025-04-11,20,"Thank you. Good morning. I guess just wanted to follow up on the macro uncertainty. I think when you talk to investors, we've gone from enthusiasm for a pro-business administration to a lot of headwinds. And I think Jamie mentioned you'll have companies take down guidance, et cetera, potentially over the coming weeks. I'm just wondering what is it you think we need to see before this uncertainty abates, or the 90-day pause that we saw with some of the other countries on tariffs. Is that enough? Or I'm just wondering when you talk to clients, corporate CEOs, what are they looking for from the administration that would inject confidence to get back anywhere close to where we were maybe 60 or 90 days ago?"
JPM,2025-Q1,earnings,2025-04-11,21,"Got it. I guess as a follow up, I think there's a lot of concern also in the treasury markets. We've seen the 10-year move from 3.99% to 4.50% in a matter of a week. Just your comfort level on terms of the functioning of the treasury market. Do you see the Fed stepping in, pausing QT, maybe even initiating some treasury purchases? Just any color would be great."
JPM,2025-Q1,earnings,2025-04-11,24,"Hey, good morning. Jeremy, just on – with four – three to four cuts sort of mostly in the back half, June to December, how do you think about the trajectory of NII this year? Is there a little more pressure towards the end of the year into 2026? Just trying to think of that around that trajectory and jumping off point into next year."
JPM,2025-Q1,earnings,2025-04-11,26,Right. And maybe just to...
JPM,2025-Q1,earnings,2025-04-11,27,"Right. And maybe just on that point on volumes and deposits, obviously, this kind of volatility tends to drive – as corporates and investors go to cash, tends to drive higher deposits. Did you see that trend in March and particularly in April? What are the trends like in the deposit side of the equation?"
JPM,2025-Q1,earnings,2025-04-11,28,Right. Okay. Thanks for taking my questions.
JPM,2025-Q1,earnings,2025-04-11,29,"Thanks. Good morning, Jamie. Good morning, Jeremy. Two questions. One for Jamie, just to kick off."
JPM,2025-Q1,earnings,2025-04-11,30,"Jamie, you've been through many cycles. And I think we're all interested in understanding how you think this next cycle is likely to progress. And I'm wondering, is there anything that you've seen in the past that looks like this, or that you would suggest if any slowdown coming forward, is it more likely to be similar to what kind of prior cycle you've seen?"
JPM,2025-Q1,earnings,2025-04-11,31,"Excellent. Okay. No, thank you for that. And then..."
JPM,2025-Q1,earnings,2025-04-11,32,"Okay. Thank you so much for that. And yes, looking forward to the next four months and clarity coming. So then one for Jeremy. Question on the wholesale loans. I'm going into this because I noticed your average loan growth, I think it was running at about 2% year-on-year. And then end of period loans was up 5% and wholesale loans was up 7%. So I'm just wondering if there was some line drawdowns at quarter end. And it's a broader question on just liquidity. Do you see your customers looking for more liquidity? Are they drawing down lines? And maybe if you could speak to liquidity in the front end of the market, that would be helpful, too. Thank you."
JPM,2025-Q1,earnings,2025-04-11,34,"...money markets, Fed funds, the front end seemed to suggest..."
JPM,2025-Q1,earnings,2025-04-11,36,"Hey, Jamie, you just said on this call, there's a ""Deep recognition of flaws"" by the new regulatory regime. And can you put – you or Jeremy, put some meat on the bones as far as what's been an ideal scenario? You keep the safety and soundness of the system, but you rid all – as much red tape and bureaucracy as possible. How much could expenses potentially decline? I assume you pass on some of that to customers and you'd keep some of that, and the regulators would save money. So, some meat on the bones about the potential concrete savings from deregulation. But before that, the negative, which you highlight in the press release and the Chairman Letter about trade wars, Jamie, you went from trade wars ""Get over it"" to this week say, ""Do something."" So just as far as the tariff journey, what were you initially expecting to what happened and do you really think next earnings call we'll be through most of the uncertainty? Thanks."
JPM,2025-Q1,earnings,2025-04-11,37,"No, and you also mentioned hundreds of billions of dollars of extra lending if you reduce the CET1 ratio, I guess, back down by one-fifth."
JPM,2025-Q1,earnings,2025-04-11,38,One short...
JPM,2025-Q1,earnings,2025-04-11,39,"One short follow-up. Just first quarter, you mentioned good credit, good trading, good EPS beat. I'm not sure anyone cares. They're worried more about the things we're talking about here. But in terms of the risk of being an international company, an international U.S. company during trade wars. And I know JPMorgan is a firm that likes to partner with countries as well as communities and customers. So how do you think about that risk? How should we think about that risk? And hopefully, your voice is being heard to speed things along to whatever can be done, getting it done because you could be in the crosshairs at some point."
JPM,2025-Q1,earnings,2025-04-11,41,"Hi. Just one follow-up on this whole risk management/regulatory front. I see, I hear and I agree: flawed regulatory system, could be better. We've had massive volatility. The market plumbing has held in okay so far and you and others have had borderline spectacular trading results. So, has something changed? Are the systems better? Are they better able to handle your risk management, your people, the diversity of your platform better? Or are there still environments where not all volatility is good? Just curious to get your big picture thoughts. Thanks."
JPM,2025-Q1,earnings,2025-04-11,42,That's a great point. Thanks for that. Appreciate it.
JPM,2025-Q1,earnings,2025-04-11,43,"Okay. Good morning. Thanks for taking my question. Most of my questions have been asked and answered, but I guess I'll ask about costs since nobody has asked it. But I guess how should we think about the cost structure and any sort of cost optimization efforts, if you do see a revenue slowdown, but not necessarily a severe downturn? I think you do have, in the $95 billion guidance, you do have a good amount of growth penciled in for investing in bankers and branches and tech and marketing. And I guess, do you – does it make sense or under what conditions would it make sense for you to maybe pull back on some of these investments? Or do you think that's just completely shortsighted unless we see a real significant downturn in the economy."
JPM,2025-Q1,earnings,2025-04-11,44,Okay. That's very clear. Very helpful. Thank you.
JPM,2025-Q2,earnings,2025-07-15,1,"Great. Good morning. Thanks for the question. Jamie, relative to three months ago, there's a lot of optimism..."
JPM,2025-Q2,earnings,2025-07-15,2,Great. Thanks for having me.
JPM,2025-Q2,earnings,2025-07-15,3,"Great. Thanks so much. Relative to three months ago, there's a lot of optimism on financial deregulation and really going to break in the bank's favor. I'm interested if you agree, number one, with this optimism and anything specifically you could point to? And secondarily, on capital. I'm interested in what's on or off the table in terms of uses of capital? What do you need to see from the macro, regulatory? And how should we be thinking about the timing? Thank you."
JPM,2025-Q2,earnings,2025-07-15,4,"I appreciate all the color. If could ask kind of a follow-up, the inorganic comments. I'm interested in capital allocation between your businesses, where you think – if that were to present an opportunity, which businesses would most likely be the use of that capital? Thanks."
JPM,2025-Q2,earnings,2025-07-15,5,"Great. Thanks, again."
JPM,2025-Q2,earnings,2025-07-15,7,"So, two questions. First on the RWA utilization via organic, as you described. I wanted to understand in wholesale lending where you highlighted, the CIB was a driver of much of this. Could you speak to the drivers of those drivers? In other words, is it private credit? Is it M&A financing? Is it inventory? What are you seeing in the market here that you're delivering on that's raising that lending profile?"
JPM,2025-Q2,earnings,2025-07-15,8,"Okay. Oh, great. All right. Thank you. And then, Jamie, there's been a lot of discussion around stablecoin, how stablecoin is going to be impacting banks? And I believe you have an opinion on this. Would love to hear if you could highlight how JPM is thinking about utilizing, leveraging, competing with stablecoin, and how the JPMD deposit token feeds into all of this as well? Thank you."
JPM,2025-Q2,earnings,2025-07-15,9,"Okay. Super. And then, separately on the topic of open banking, I think that's on hold right now with the CFPB, on hold right now. But just wanted to understand, does this hold period gave you an opportunity to change how you're pricing for your open banking and fintech relationships here?"
JPM,2025-Q2,earnings,2025-07-15,10,Excellent. Okay. Thank you so much for that.
JPM,2025-Q2,earnings,2025-07-15,11,"Hey, good morning, everyone. I wanted to start, Jeremy, going back to your comments on inorganic things being on the table in terms of use of excess capital. So when I look at the company, so you're the largest U.S. bank by assets, you're also the largest in terms of the data you see every day. And you may or may not have seen that Apple's looking at possibly, there’s chatter, getting into the AI game more by looking at a company such as a Perplexity. Just thinking out loud here, would it make sense for JPMorgan to consider acquiring an LLM, right? The last two quarters of buybacks are about the last valuation round for Perplexity, right. I'm thinking of you guys, you could become the LLM for the financial services industry. What are your thoughts on this?"
JPM,2025-Q2,earnings,2025-07-15,12,"Yeah, yeah. Okay. And then going back, Jamie, to your answer to Betsy's question on the tokenized deposit. I get it how that makes sense in terms of the customers that are inside your walled garden, but it doesn't help them much in terms of dealing with customers outside of your garden. What's holding up you guys and the other banks getting together to issue something joint – similar somewhat to what you've done with Zelle, and prevent these stablecoin companies like Circle coming in offering a more convenient solution to your customers?"
JPM,2025-Q2,earnings,2025-07-15,13,Without an answer.
JPM,2025-Q2,earnings,2025-07-15,15,"Good morning. This almost sounds like a fintech and AI call. But maybe just switching gears, I think, Jamie, your comments in the press release. Give us a sense like when we think about middle market businesses in the U.S., what's the state of play there when we think about interest rates, tariffs, consumer spending slowing? Should we be concerned in terms of credit quality outlook looking out 6, 9, 12 months? Just what's your take based on all the data that you all look at?"
JPM,2025-Q2,earnings,2025-07-15,18,"And I was just wondering in terms of your sense of just the state of play, the health of the balance sheets of these customers and also if you can expand that into the consumer, any areas of stress from a credit quality perspective that you are beginning to get more concerned today versus three or six months ago?"
JPM,2025-Q2,earnings,2025-07-15,19,"That was helpful, and would you say the same about commercial?"
JPM,2025-Q2,earnings,2025-07-15,20,Helpful. Thank you.
JPM,2025-Q2,earnings,2025-07-15,21,"Hi, good morning. Jeremy, quick follow-up on the consumer credit, broader comments taken there. But in terms of the NPAs, the non-accruals in consumers seem to have a bit of a jump. Is there something technical there? Maybe just talk to that."
JPM,2025-Q2,earnings,2025-07-15,22,"Okay. Great. And I wanted to ask for some more color on retail deposits, maybe in the context of Marianne's presentation from Investor Day. Could you remind us of what's given you incremental confidence in seeing some improvement in deposit margin and kind of producing that mid- to upper-single digit deposit growth that Marianne talked about?"
JPM,2025-Q2,earnings,2025-07-15,24,"Hi. Hey, Jeremy, can you talk about why commercial loan growth was much stronger in the second quarter and any strength by geography? And Jamie, can you address what regulators could do to potentially have banks lend more in the future, consistent with what the Treasury Secretary said is his goal? Thanks."
JPM,2025-Q2,earnings,2025-07-15,25,You didn't mention the cost to make a loan. Is there a potential for streamlining there?
JPM,2025-Q2,earnings,2025-07-15,26,"And last one, when you say inorganic growth, would you buy a private credit firm? Is that something you'd at least consider?"
JPM,2025-Q2,earnings,2025-07-15,27,"Actually I can’t leave on that comment. Peak private credit, I can't leave on those three words. What do you mean by peak private credit?"
JPM,2025-Q2,earnings,2025-07-15,28,"Sorry, Jeremy?"
JPM,2025-Q2,earnings,2025-07-15,30,"Hey, good morning. Jamie and Jeremy, you've talked about simplifying the regulatory construct. And it seems like based on the progress so far, we'll mostly get there, particularly with Basel III Endgame and G-SIB, which impacts you so much. And to that end, if we do get a more simplified regulatory construct that addresses both the capital and liquidity constraints, does that move up JPMorgan's natural ROTCE? You talked, 17% through-the-cycle a lot. Obviously, perhaps we would optimize the denominator. Why wouldn't that be additive to your natural ROTCE? Or does this get passed back on to your clients in terms of pricing?"
JPM,2025-Q2,earnings,2025-07-15,31,"Yeah, for sure. And I think that's a big discussion point with investors in terms of talking about actually the EPS gains rather than just ROTCE improvement. And the second question I had is, you mentioned and clearly we saw it in the numbers, a late in the quarter pickup in activity levels. And I'm wondering as we think about sentiment and what this means for the second half, is it – did activity levels pick up because it felt like we were taking extreme outcomes from tariff policy off the table? Is it the tax bill certainty? I guess, I'm just wondering, has some of the issues that prevented activity levels or really stunted it in April and early May, have those fully been taken out of your clients' thinking as we think about the second half of the year and activity levels continuing from here?"
JPM,2025-Q2,earnings,2025-07-15,33,"Hey, good morning. Thanks for taking the questions. Maybe just on – Jeremy, if I look at your 10-Q and 10-K rate sensitivity disclosures, it looks like you guys have done a lot to reduce your asset sensitivity to the short end of the curve. So, can you talk about what you've been doing to change the positioning of the balance sheet, whether extending duration or hedges? And is there more you can do to desensitize the balance sheet before rate cuts begin to kick in as, I guess, the markets expect later this year? Thanks."
JPM,2025-Q2,earnings,2025-07-15,35,"Okay. Thanks. And maybe just one more on the regulatory front. I think regulators look at reducing the SLR as a way to encourage banks or open up an avenue to expand your balance sheets into lower risk assets. Do you see that, is it really just a supply issue or how do you think about the demand-supply dynamic, and is there really opportunities for you to grow? I would imagine, I guess, with an SLR not being constrained, maybe it's better return in lower margin areas. Just your thoughts."
JPM,2025-Q2,earnings,2025-07-15,36,All right. Thanks for the color.
JPM,2025-Q2,earnings,2025-07-15,37,"Thanks. Good morning. First question is, I just wanted to ask you about the recent Sapphire price changes and just what you're seeing in terms of initial response and just how that fits in strategically with the competitive landscape on card and your growth opportunity."
JPM,2025-Q2,earnings,2025-07-15,38,"Got it. It is quite a nice lounge. On the trading side, just wondering how much – the strong results this quarter, the quarter changed a lot from April to June. And I'm just wondering, how much you think that was environmental? Has it calmed down at all? And also, how much is just your ability to kind of use the balance sheet to boost results also, could that make it more sustainable regardless of what the environment is doing? Thanks a lot."
JPM,2025-Q2,earnings,2025-07-15,40,Good morning. Some regional banks...
JPM,2025-Q2,earnings,2025-07-15,42,"I just wanted to ask about any pressure from commercial and corporate customers to try to offset the tariff impact from regional banks that pointed to deposit pricing pressure on the commercial side, and if you're seeing any signs of that or more broadly speaking? Thank you."
JPM,2025-Q2,earnings,2025-07-15,44,"Hi, thanks. Just two quick follow ups. On the conversation about the noticeably upbeat robust pipelines, I know we've been here before and markets can giveth and taketh away, but there is a time value in there, meaning corporates and more importantly sponsors need to get stuff done. There is a ton of dry powder. So I'm curious if there's a higher level of confidence, meaning if the market doesn't take from us, is it really happening this time? We've been kind of waiting for these pipelines to come through in fuller force for a couple of years now. Does it feel more doable as long as the market doesn't take the rug out from under us?"
JPM,2025-Q2,earnings,2025-07-15,45,"I hear you. The follow-up on the capital conversation, obviously impressive to see big returns on even higher capital bases. But there's more to come, and I think trend is your friend on dereg. So the question is, you keep making a lot of money, your capital base keeps rising. You've talked about arresting the growth of CET1 in the past, but I guess my blunt question is, is there any valuation limitation towards that arresting of CET1?"
JPM,2025-Q2,earnings,2025-07-15,46,"I'm just curious if there's a valuation limitation to the thinking, meaning as valuation goes up, do you keep buying back stock?"
JPM,2025-Q2,earnings,2025-07-15,47,You always do. All right. Thank you.
JPM,2025-Q2,earnings,2025-07-15,48,"Hi, Jeremy. Hi, Jamie. I'd like to circle back to the return on tangible common equity topic that you guys have discussed. Obviously, you had a very strong number this quarter, 20% when you adjusted for the one-time effect. And you go back to your Investor Day and you pointed out 17% is what the targeted level is. And if you turn back the clock and go back to 2020, you had the same 17% goal for the ROTCE, but your CET1 ratio back then was – excuse me, guidance was 11.5% to 12%. So my question is, has the business for you folks changed so much that now it's just inherently a more profitable business? Or are there some one-time – not one-time items, but are there some tailwinds that are artificially – I hate to use that word, but are they inflating the ROTCE which is why you guys are very cautious about lifting that goal from 17%?"
JPM,2025-Q2,earnings,2025-07-15,49,"Jeremy, I'm glad you're still using HP 12C, that's good. Just as a follow-up..."
JPM,2025-Q2,earnings,2025-07-15,50,"Okay. As a quick follow-up for Jeremy, you touched on..."
JPM,2025-Q2,earnings,2025-07-15,51,"Just as a quick follow-up Jeremy, in the Markets comment that you made, you said that there were fewer opportunities in Securitized Products and Fixed Income Financing. Can you expand upon that or give us any color there? Thank you."
JPM,2025-Q2,earnings,2025-07-15,54,"Hey, good morning. Thanks for taking my question. Just one for me. I just want to follow-up on Ken's question about sales and trading. And I think you kind of addressed this, Jeremy, but I just – you’ve had another strong quarter there on the back of a pretty exceptional Q1 on the back of a really strong 2024. I mean, how are you thinking about how much of this really is the result of an exceptional trading environment versus something that's more durable and presumably less volatility, good for investment banking. But do you see – would you see some sort of normalization in sales and trading as a result? Or do you think there's still opportunities to grow certain businesses and take share? I'm just curious how much – how you think about what's exceptional versus what's more durable here."
JPM,2025-Q2,earnings,2025-07-15,56,"Yeah. Good morning and thanks. Kind of an old school bank analyst question. After a long time of kind of bemoaning slow C&I loan growth, you had this extraordinary growth this quarter, $33 billion in average and more than 6% quarter-over-quarter. But then, when we look at the P&L in the Commercial & Investment bank, net interest income is down 2% and lending income is down 4%. And I know there's hedges and other complicated things, but it just kind of doesn't compute that you'd have such strong loan growth and not have revenue growth associated with that."
JPM,2025-Q3,earnings,2025-10-14,1,"Thank you. Good morning. Thanks for the initial outlook on the 2026 NII. Jeremy, I wanted to ask about the retail deposit assumptions that were embedded in that. At Investor Day, you had discussed an expectation for deposits to grow 3% year-over-year by the fourth quarter and I think accelerating to 6% next year. Looks like they were flat this quarter. So, just wanted to see if you're still expecting those kind of previously expected growth rates of 3% and 6%."
JPM,2025-Q3,earnings,2025-10-14,2,"Got it. That's helpful. And maybe just sticking with that 2026 initial outlook, what are some of the other key assumptions in there, particularly around commercial deposits and maybe loan growth and rates?"
JPM,2025-Q3,earnings,2025-10-14,4,"Hi. Thanks very much. Wanted to drill down a little bit more on credit, and you gave us enough, I think, on the consumer side. You've noted the idiosyncratic names on the broadly syndicated side. So, maybe if we could step back and say, you're a big player in obviously everything, broadly syndicated loans, high-yield markets and increasingly on the private debt side. So, my question is both of demand and credit fundamentals. What are you seeing in terms of drivers of client demand there on the lending side, wholesale front? And then importantly, are you seeing differentiated credit fundamentals across public and private markets, because there's been a lot of discussion about that lately and I feel like you're like in the best position to help us?"
JPM,2025-Q3,earnings,2025-10-14,5,Okay. I appreciate that. Thank you.
JPM,2025-Q3,earnings,2025-10-14,6,"Hi. Good morning. One follow-up on that is on the reserve build, I know that you mentioned largely due to Card loan growth. But could you give us a sense as to how you're thinking about the reserve that you have against the commercial book, especially given what you just mentioned around the mix of the portfolio is different today than it was prior cycle? I'm thinking prior cycle means pre-COVID, but let me know if it's a different timeframe that you're thinking about?"
JPM,2025-Q3,earnings,2025-10-14,8,"Okay, perfect. Thank you. And then, just the follow-up is on how you're thinking about your excess capital utilization. I know yesterday, you had the press release on leaning into industries that are critical for U.S. security, et cetera. And maybe you could speak a little bit to that incremental $500 billion, is it, that you're talking about supporting growth of..."
JPM,2025-Q3,earnings,2025-10-14,9,"...over the next 10 years relative to the potential for a dividend hike? I mean, you could do both, obviously. But I did just want to understand the press release yesterday in that context, as well as the opportunity set for a dividend hike. Thanks."
JPM,2025-Q3,earnings,2025-10-14,12,"Hey. Good morning. I guess maybe, Jeremy, a broader question like when we read the quote from Jamie in the press release, customers are resilient, but there's still massive amounts of uncertainty. I'm just wondering if, based on what you see, both commercial versus consumer, are things getting better as we look into 2026 or does it feel like we are at a tipping point where we could see a slump in unemployment over the coming months that then leads to concerns around a credit cycle? Just if there's a bias that you have on how things could play out, that would be helpful color."
JPM,2025-Q3,earnings,2025-10-14,13,"Got it. And I guess just one follow-up on your comments around expenses. I think there's a lot of discussion among shareholders whether AI and AI-driven productivity gains mean something for the banks as we look out over the next two to three years. You all have obviously talked about this at the Investor Day. I'm just trying to contextualize, when you talk about the expense growth outlook or just sort of preliminary indication for next year, how should bank shareholders think about AI-led productivity gains in terms of making a dent on the expense growth either next year or for the next few years?"
JPM,2025-Q3,earnings,2025-10-14,15,"Hi. If I could get an answer to this from both, you Jeremy, and Jamie. The question really is how much of a risk is the lending to the NDFIs? Just – I mean, because you guys are always out front, highlighting what could happen, whether it's cyber, or as you point, labor market or inflation. And I feel like you haven't really highlighted this as a potential risk area. Maybe that's because you don't perceive it as such. But you have Tricolor. You have First Brands. One area of your biggest growth, I think, has been NDFIs over the last year. So, I'm just trying to put this in some sort of context that as it relates to Tricolor, who bears the losses? End investors in the funds? Is it – do you put skin in the game and have your own investments? Are you an underwriter? Where are you exposed? So, I guess I'm asking JPMorgan specifically, but then, Jamie, more generally for the industry, is this something that's flashing yellow, that you are spending more time on? How should we think about that? Thank you."
JPM,2025-Q3,earnings,2025-10-14,16,"And so, just a short follow-up. After Tricolor – again, this is a real puny drop in the bucket for you guys. But have you gone back and looked at your processes and done anything different?"
JPM,2025-Q3,earnings,2025-10-14,18,"Hi, Jeremy and Jamie. Jeremy, obviously, you guys are in the residential mortgage lending market, big players, granted, Home Lending. When you look at the revenue relative to Banking & Wealth Management, obviously, it's not that big. But I got a question for you. This administration seems to be – when they come out with comments, they follow up on those comments with actions. And Secretary of the Treasury Bessent has pointed out, about a couple of months ago, that he thinks there's a housing emergency in this country. And so, the question for you guys is, what do you think they could do to lower the spread between mortgage rates and their corresponding Treasury yield, assuming the Treasury yields don't go down? But what do you think they can actively do to lower that spread, to lower mortgage rates, to get housing more active and refinancing activity, of course, would pick up with that?"
JPM,2025-Q3,earnings,2025-10-14,19,"Very good. Thank you. And then, as a follow-up, just speaking about regulators in general, there's obviously been a major change with this administration. Can you guys give us any color of what you're actually seeing on the ground? We're, what, nine months or so into this new administration with the new regulators. And then also, any color on when you think Basel III Endgame may come out and what you're hearing in terms of how it will compare to what the original proposal was in July of 2023? Thank you."
JPM,2025-Q3,earnings,2025-10-14,20,Thank you for the color. Appreciate it.
JPM,2025-Q3,earnings,2025-10-14,21,"Yes. Thank you. My first one is for you, Jeremy. Under the category no good deed goes unpunished, just wanted to ask a quick question on the expense outlook for 2026. You mentioned that $100 billion could be a little low and that you're in the middle of the planning cycle. That would imply 4% growth year-over-year. Is that the sort of new normal labor rate inflation that we should assume at this point?"
JPM,2025-Q3,earnings,2025-10-14,22,Definitely.
JPM,2025-Q3,earnings,2025-10-14,23,I'll make sure to send this – I'll make sure to send this transcript to my boss. But the second question is actually...
JPM,2025-Q3,earnings,2025-10-14,24,"...for you, Jamie. You have always had a differentiated way of thinking about risk. And a two-part question for you. Number one, I feel like we don't even know what the right questions are to ask when it comes to NDFI exposure and risk, which is such a broad category. And so, two-part question here. Number one, what would be the questions you think investors should ask when assessing NDFI exposure as it relates to future credit risk? And second, should investors be concerned about the SSFA accounting for RWAs in certain structures where you could lower the RWAs to NDFI exposures from 100% to something much lower?"
JPM,2025-Q3,earnings,2025-10-14,26,"Hey. Good morning. Maybe just on the Investment Banking environment, obviously, things have gotten better. Just curious, where you see the most strength in the pipeline, and as we get rate cuts coming, do you feel that we're starting to see more activity pick up – or the potential for more activity to pick up among financial sponsors? So, just curious your thoughts."
JPM,2025-Q3,earnings,2025-10-14,27,"Yeah. It's all fair. And then, maybe just to follow up on just the capital relief and how you're adjusting or at least starting to think about adjusting to that RWA growth that's picking up. Is there other aspects, whether it's in the Markets business or other marginal return activities before that you see opportunities to lean into growth to use up capital, because obviously IRRs on buybacks today at these levels are not great?"
JPM,2025-Q3,earnings,2025-10-14,28,Okay. Thanks for the color.
JPM,2025-Q3,earnings,2025-10-14,29,"Thank you. Good morning. So, I wanted to ask a question about just overall loan yields. I've noticed that they were up 3 basis points in the quarter. Obviously, rates hadn't been moving during the quarter. And now that we're starting to head back down, just wondering just what are the main drivers of still being able to actually see higher loan yields. Thanks."
JPM,2025-Q3,earnings,2025-10-14,30,"Okay. I'll follow up on that. And secondly, with the Sapphire refresh, just assume that we're starting to see some of the rewards amortization show in the Card fees line and in the Card revenue rate. So, I'm just wondering if you'd kind of walk us through that, now that that card's coming on and you mentioned good additions there. Just what do we have to think about in terms of what cart leads the horse in terms of Card revenue rate and eventual volume growth and related benefits? Thanks."
JPM,2025-Q3,earnings,2025-10-14,31,"Yeah. Yeah, that's exactly..."
JPM,2025-Q3,earnings,2025-10-14,33,"Oh, great. Thanks for sticking me in. Related to the 15% long-term national retail deposit market share, does your pricing need to be materially different from recent history? Or said another way, do you need to price a little bit more competitive to get that 4 points of improvement over time? Thanks."
JPM,2025-Q3,earnings,2025-10-14,34,Great. Thank you for the color. Appreciate it.
JPM,2025-Q4,earnings,2026-01-13,1,"Hi. Thanks very much. So, I want to ask on the stablecoin issue. This week, we're going to have some markings up and talk in Congress. I saw the ABA letter this week talking about the immediacy of the issue and whether or not they can close the loophole on interest on stablecoin. And I think they've estimated that – or Treasury estimated that it's like $6.6 trillion of bank deposits could be at risk if they don't close that loophole. So, my question is, it was written from the ABA standpoint, the community bank standpoint. Is there any reason why it wouldn't be all banks, you specifically? And then, how big of a deal for the banking system if they're not successful closing that hole, because it does put people at risk of not having insurance and all that stuff? So, I'll let you opine. Thanks."
JPM,2025-Q4,earnings,2026-01-13,2,"I appreciate that. I have a very short narrow follow-up. You noted the 1.7 million net-new checking accounts opened for the year. And deposit growth is small, but I also noted the 17% growth in client investment assets. Is that all of it or are there other things at play that's limiting deposit growth despite all this great checking account growth?"
JPM,2025-Q4,earnings,2026-01-13,3,All right. That was awesome. Thank you.
JPM,2025-Q4,earnings,2026-01-13,4,"Thanks. Hi. Good morning. Hey, Jeremy, you mentioned when you were talking about the expense outlook that there's obviously part of the investment cycle there. You mentioned that the revenue growth outlook in there also looks pretty good. I was just wondering – and we can see that in the volume-based parts of the growth. But I'm just wondering we have your NII outlook, we have your expenses. Just what parts of the fees are you expecting to be strong? You mentioned some deals pushed out in IB. If you can kind of just help us flavor – kind of understand like just where the biggest drivers of fee revenue growth are going to be as you look across the businesses to help us kind of fill in a little bit. Thank you."
JPM,2025-Q4,earnings,2026-01-13,5,"Excellent. Thank you for that, Jeremy. And to follow up, that balancing act also is – I think you guys have been more than fine not counting on positive operating leverage every year. How do you balance where your efficiency ratio versus your ROE outputs are, given that you're still in this really strong upper-teen zone that is obviously still generating tons of capital and allowing you to do a lot with the company?"
JPM,2025-Q4,earnings,2026-01-13,6,100%. Thanks a lot.
JPM,2025-Q4,earnings,2026-01-13,7,"Thanks. Good morning. I wanted to ask a little bit about the credit card business. I mean, I guess first, in terms of the Apple Card acquisition, maybe you could talk about the attraction of that business to you guys, both the actual book and also what you're hoping to get out of the co- brand partnership and the platform more broadly?"
JPM,2025-Q4,earnings,2026-01-13,8,"Okay. Thanks, Jeremy. And then, maybe you or Jamie could provide some thoughts on the idea of regulators putting caps on credit card APRs, just potential impacts on the industry and how you would think through strategic reactions as a big issuer."
JPM,2025-Q4,earnings,2026-01-13,10,"Hi. Good morning. Okay. So, just one follow-up to the last question is, does it impact how you're thinking about the co-brand cards you have, the rewards card? Because I think one of the media narratives here is that it would impact only revolvers, and I'm wondering if that's a view that you share or is this an impact on the entirety of the card book."
JPM,2025-Q4,earnings,2026-01-13,11,"And then, on the Apple Card, two years to bring on, Jeremy, you mentioned for good reason. Is this primarily a function of the technology that Apple Card was built on, right? Like so, as far as I'm aware, the current offering had a built-for-purpose technology stack, and I understand – I guess my question is for you. Are you building out a whole new technology to enable that same interface with the users of Apple Card or are you able to take – are you able to enhance your current system to enable the users to come on to your current system? Or is it under a whole new tech stack? Or are there other reasons why it's a two-year process?"
JPM,2025-Q4,earnings,2026-01-13,13,"Hi. Good morning. My first question is for Jamie. Jamie, investors are feeling quite optimistic about the fundamental macro opportunities for the banks in 2026, paired with deregulation, of course. And I think this weekend sort of shook their confidence given the social media post by – about credit card rate caps, and of course, additionally, the DOJ subpoenas to Chair Powell. And investors kept saying over the weekend, we can't wait to hear what Jamie has to say about the 2026 outlook. So, if you could start there in terms of how you're seeing the macro backdrop unveil in 2026 for the banking industry and how you're considering the risks, whether it's executive overreach or the geopolitical situation at the moment."
JPM,2025-Q4,earnings,2026-01-13,14,"Got it. And my follow-up question is for you, Jeremy. Underneath the $95 billion of NII ex. Markets for the year, could you give us a sense of what kind of balance sheet growth you think is underpinning that? And maybe some commentary on how you're thinking about deposit growth in 2026 relative to your earlier commentary about yield-seeking flows and how those statistics would compare to balance sheet growth of 8% in 2025 and average deposit growth of 5% in 2025."
JPM,2025-Q4,earnings,2026-01-13,16,"Good morning, Jeremy, and good morning, Jamie. Jeremy, thank you for the data around the NBFI portfolio. Can you share with us an expansion? You talked about the growth over the last seven years has been significant and the drivers of the growth are the market dynamics and regulatory pressures. Can you expand upon that to give us a little more color of what's behind that?"
JPM,2025-Q4,earnings,2026-01-13,17,"No, that was very helpful. Appreciate it. And as the follow-up question, you guys obviously have given us the guidance for NII with and without Markets. And when you go back to the Markets number in 2024, I think you guys put up about $1 billion in revenues. You show us 2025 at $3.3 billion. And market conditions, of course, will impact your guidance on the $8 billion. But what's the strategy of growing that business from where it was in 2024 to where we are today?"
JPM,2025-Q4,earnings,2026-01-13,19,"Hi. I think I get it, JPMorgan spends for growth. You're getting growth, up 7% year-over-year in the fourth quarter, and you're willing to sacrifice returns for more growth, I guess, because that increases SVA. But like it is a wow, the $9 billion increase in expenses, your guide year-over- year, and I get it that some of that is simply because revenues are likely to come in higher than expected. But if we could please have some more details on the rest? This is the first time we have a chance to address that $9 billion increase in expense guide. So, maybe some areas. Jeremy, as far as tech spending, I think you went up $17 billion to $18 billion last year, went up even more after you include the savings that you achieved and especially since you’re past peak modernization, where you expect tech spend to be in 2026? And as it relates to AI, what was your spend last year and where do you expect that to go and what sort of payoffs? And then, Jamie, since you're upping the bar, upping the stakes with the $9 billion of investments, the degree of your confidence that you're going to get the desired returns and outcomes from that? Thank you."
JPM,2025-Q4,earnings,2026-01-13,20,"All right. If I can just – I guess, as you know, for any analyst, it's trust, but verify, right? So, if I could just try one follow-up, just what do you think about your tech spending or AI spending for 2026?"
JPM,2025-Q4,earnings,2026-01-13,21,And you're spending more in...
JPM,2025-Q4,earnings,2026-01-13,22,And you're spending more in AI?
JPM,2025-Q4,earnings,2026-01-13,25,"Hey. Good morning. I guess maybe, Jeremy, a quick one to follow up on this whole credit card interest rates. I think you said, understandably, this would be very bad for the credit card industry and JPMorgan. Given that the President put out a timeline for Jan 20, is it fair for us to conclude there's been no communication from the administration to the banks or the industry on how they plan to implement this? And are you expecting anything over the coming days?"
JPM,2025-Q4,earnings,2026-01-13,26,"Got it. And just very quickly on capital. When we think about – there's more updates coming on G-SIB, Basel Endgame probably over the coming months. When you think about the right level of capital, just in your seat, do you think 200 basis points, 300 basis points of excess capital, wherever the regulatory minimum shakes out, is the right place to be, given all the risks that Jamie talked about, geopolitics, competitive landscape, et cetera? Or do you have a view on where, in a perfect world, you would want to operate the bank relative to where capital requirements shook out?"
JPM,2025-Q4,earnings,2026-01-13,27,"That was very comprehensive. Thank you, both."
JPM,2025-Q4,earnings,2026-01-13,28,"Hey. Good morning. I just want to ask about loan growth. Jeremy, as you pointed out, a lot of the growth has been driven by NDFI and cards. But we've seen three rate cuts in September, we have a few more expected. Deregulation is beginning to have an impact in areas like leveraged lending, with more to come. So, are you seeing any sort of – I guess, number one, are you seeing any early signs of a broadening out of demand across other categories like traditional C&I, mortgage or auto? And what are your expectations for 2026?"
JPM,2025-Q4,earnings,2026-01-13,30,"Okay. And maybe just a follow-up on credit. You had some more charge-offs this quarter that seemed a little elevated, but NPAs came down in commercial. So, just trying to think what's your view there. Do you feel like with rates coming down and the outlook pretty solid, do you feel like still steady Eddie? Any improvement or any concerns out there on the corporate credit side?"
JPM,2025-Q4,earnings,2026-01-13,33,"Oh, great. Good morning. Thanks for squeezing me in. Jeremy, my question is on consumer deposit competition as rates come down, and we talked about loan growth showing some signs of life. I'm interested in your thoughts on incremental competition by market, product, peer, more or less competitive, anything you could add. Thank you."
JPM,2025-Q4,earnings,2026-01-13,34,"Great. Thank you. And then, a follow-up on AWM, the flows and margins remain very, very good. I'm interested in your thoughts about sustainability and opportunities for the greatest pieces of growth in the medium-term. Thanks."
UBS,2022-Q1,earnings,2022-04-26,1,"Yes. Thank you very much for taking my question. And first of all, thank you for all your support, Kirt, and all the best in your future endeavors. So coming to the question, the first question is regarding wealth management. In regarding, in respect to Asia Pacific, can you talk a little bit about the ongoing trends - you mentioned continued slowdown, this lockdown, etcetera. Can you talk a little bit about the trends that you're seeing on the revenue line, unwinding, net new money flows, transactions? How should we think about that through the year? And in that context, you clearly talk about the offsets through the 1 billion NII. Can you talk about the deposit beta and how we should think about that progression on a relative basis? You mentioned second half mainly but also through the second quarter, if I may. The second question relates to more around the issue of cost. I just wanted to see if you could reiterate the guidance on cost ex-variable if that still stands considering the environment that you operate in terms of inflation? Thanks."
UBS,2022-Q1,earnings,2022-04-26,3,"Good morning. Two questions. Just staying on the same themes, I guess. And also echo the comments to Kirt as well all the best for the future. First question just on Asia deleveraging. I know you talked about Asia investors still being a bit in “wait-and-see” mode, but do you think the bulk of the deleveraging is now done? Just in here would you expect Asia GWM to turn the Asian part of GWM to turn back to loan growth? And then the second question on interest rate sensitivity. Previously you gave guidance based on the NII uplift on the forward curves; forward curves obviously continue to steepen. So, any additional commentary you can provide there based on 2022 and also 2023 in terms of implications for net interest income? Thank you."
UBS,2022-Q1,earnings,2022-04-26,5,"Thank you very much, and good morning. I think, of course, before the questions, well, Kirt, also from us well thank you very much for our partnership over the years and for bearing with us, you know, at times and all the best of luck in whatever the future brings. I've got two questions for you this morning. One is about the net new money because, of course, I'm sorry, net new fee-generating assets. We've got a very strong inflows this quarter. And I just wondered if you could give us a sense of kind of what's driving the inflows? I assume they are kind of much more advisor led from the perspective of the channel, you know, whether they're existing accounts or new accounts. Could you just kind of give us a sense, you know, where the – how the 19 billion got generated. And my second question I supposed is on the – going back to the NII. Because you've given us the $1 billion guidance, and you kind of slightly avoided the topic of the deposit betas and whether by any chance that number - or what would have to happen for that number to be slightly higher, particularly when we look at your kind of 100 basis points kind of parallel shift disclosure? Thanks very much."
UBS,2022-Q1,earnings,2022-04-26,6,"Thanks very much for that actually. Thank you. And then, can I just follow up on the – on the alternative side, when you – when you see, because, of course, you've also see – you've also kind of shown almost 8 billion of the commitments. How do you assess your kind of capabilities, internal versus partnerships within your broad alternatives business?"
UBS,2022-Q1,earnings,2022-04-26,8,"Yes. Good morning. And also from my side, Kirt, thank you very much for the help over the years and all the best going forward. I have two questions, please. The first relates to Russia and Russian clients. I was wondering if you could tell us how much of your invested assets actually relate to Russian clients. I saw what you write on page 4 of the Q1 report, the 0.7%. But I'm not sure if that captures all the Russian clients or only a subset. And the second question on the investment bank. So, $2.7 billion, almost $2.7 billion of global markets revenue. It's obviously quite impressive. I was wondering if you can give us a rough sense of how that was distributed month by month. In particular, how much of it is actually come in March? And maybe also whether the months-on-months spread during the first quarter this year was very different from what it would have been typically in a normal first quarter. Thank you very much."
UBS,2022-Q1,earnings,2022-04-26,9,"Great. Could I maybe just follow up on the Russian aspect, please? So, if I understand you correctly, you're saying that the EEA and Swiss rules are very all-encompassing. So, that would also include sanctions imposed by the US and the UK?"
UBS,2022-Q1,earnings,2022-04-26,12,"Morning. Thank you and thanks and best wishes to Kirt from me as well. Two questions, please. One on capital. Thank you for slide 23 which is which is very helpful. I just wanted to ask how some of those factors play forward. You know you've obviously told us that there's more op risk coming. I just wondered if you expect more RWA inflation in sort of the near term from some of the other drivers for market risks or from credit risk modeling. I don't know how your models work whether there's a lag effect and there's more inflations still to come through. And I guess sort of wrapping that up as well, whether you're I guess still comfortable with the 370 billion 2024 RWA guidance. So, any help on that would be great. And then my second question is really just to raise more questions just on the timing of flows. The net new money flows in the quarter, was that a fairly steady pace? And I guess what I'm really asking is kind of the exit rate. You know, are we in an environment where the kind of flow run rate continues, or are we in something more subdued given the uncertainties in the world?"
UBS,2022-Q1,earnings,2022-04-26,13,"The 24 numbers, the combination of the strategy and the growth, we anticipated plus Basel."
UBS,2022-Q1,earnings,2022-04-26,14,So the 370 million is fine. That is what really what I was asking. Yeah.
UBS,2022-Q1,earnings,2022-04-26,16,"Hi. Thank you. And also [indiscernible] and thanks for the help you provided and good luck for the future. So two questions. One, a further follow-up on the Russia, the other on lending. On Russia, I just wanted to get a sense on the 100 million kind of firmwide, you know, impact just how to think about that in terms of what drives that? And I guess I know it seems like about 5 billion is reclassification of fee generating assets relating to Russia but just trying to get a sense of how to think about that going forwards? And then secondly, with regards to the lending, I'm also just curious in terms of the lending margins. So what you're seeing there and whether the margins have been stable or steady or whether there has been a little bit of contraction in particular in APAC with the declining volumes? Thank you."
UBS,2022-Q1,earnings,2022-04-26,17,"Got it. Thank you. Just to check, on the kind of Russian-related outflow, the derivation I get was just the 68 billion AUM change, the 19.4 net new money and the 82.3 billion other reduction which is how I got that net. So, is there potentially other changes as well?"
UBS,2022-Q1,earnings,2022-04-26,19,"Morning. Thanks for the questions and all the best to Kirt. I will sort of return to NII. On the guidance of 1 billion, I just want to make sure we've got apples with apples here because in the full-year guide, I think you were talking about some balance sheet impacts, clearly, I think FX has reduced the loan book. So, are we saying that sensitivities probably or the delta on sensitivity to rate is probably slightly higher than the difference between the two numbers given – and the balance sheet slightly smaller and actually adjust for that. And then on top of that 1 billion, do we then have to layer through any additional balance sheet growth? So, it stacked together Q1 balance sheet. And then on the other side of that on deposits and the cost of deposits. I heard you saying on deposit re-pricing and the pass-through. Is there a threat now or has the threat from terming out and clients moving to term deposits increased given the sudden move with having rates clearly one year dollar rate were up about 2%? I think that's the level when in previous cycles we saw a bit of terming out holding back NII sensitivity. So, could you talk to rather than the pass through that you can control, whether clients are thinking about shifting to term and whether that can slant the NII development not this quarter, but in the next few quarters? Thank you."
UBS,2022-Q1,earnings,2022-04-26,20,"And in terms of the assumption on terming out, is that similar to previous cycles or, any kind of comment on the speed we might see that this time around?"
UBS,2022-Q1,earnings,2022-04-26,22,"Hi. Thank you very much for taking my question, and as well, thank you, Kirt, and all the best. Two questions, please. The first is a follow-up question on capital, the 10-bps hit you saw in Q1 for – in the OCI, should we expect, I mean, corresponding to your NII guidance, a further hit to capital in Q2 based on the current forward curve? And then secondly, on the fee-generating asset margin that hold up quite well and into Q1 versus Q4, and I just wanted to understand ex-NII moves, should we expect some more margin pressure I guess when you talk about shifts into more fixed income versus equities, or do you think that trend underlying this has got pressure given also the strong flows in SMA? Thank you very much."
UBS,2022-Q1,earnings,2022-04-26,24,"Yes. Thank you. Good morning. First of all, all the best, of course, to Kirt for the future from my side as well. Two questions I wanted to ask you. The first is regarding the RWA move that we saw this quarter, so going back to capital here. The slide you provided at the end of the presentation is very useful. I just wanted to get back to the 7.7 billion dollar increase in RWA this quarter from the asset side and other movements. This is obviously a lot more than what we normally see. So, I just wanted, you know, to see if you could elaborate on this. What's in the driver? Is it mainly business growth? And how much of this do you think could be reversed in the coming quarters, say, if volatility would reduce in markets, for example? The second question is regarding the client behavior excluding APAC, so really focusing here on the US and Europe, what you saw in April, whatever you can tell us, whether you are seeing also some kind of slowdown in the willingness of your US and European customers to invest, to borrow but I mean post-Q1 so in the month that just finished if that’s possible? Thank you."
UBS,2022-Q1,earnings,2022-04-26,26,"Yes. Good morning. Thanks for taking my question. And Kirt, thank you very much and good luck for the future. I have two questions. First – the first one is just in follow-up on Russia, and just I wanted to make sure I understood that well, that the 100 million impact for the P&L was for Q1. And if that was the case, do you expect further impacts for the rest of the year? And the second question would be on the payout and capital distribution, as you said, you reached 100% payout ratio for the quarter. And I wanted to ask if it is something that we should get in mind for the rest of the year? And in parallel to that, could we expect you to increase the share buyback above 5 billion at some point if the capital development is positive or earnings development is positive or is it a hard ceiling? Thank you very much."
UBS,2022-Q1,earnings,2022-04-26,28,"Hi. Good morning. Thanks for taking my questions. So, I've got two questions. Firstly on GWM, if we look regionally, the US sticks out a bit in terms of having strong revenues like some of the other regions except for Asia. But also, for the US, more than offset by cost inflation. So, I guess, we're seeing pretax profit fall. And I'm wondering there whether that's symptomatic of structural inflation that we're seeing in the US or whether there's more of a one-off element to that. And then secondly, on litigation, I know you can't talk about this in too much detail, but I was wondering if you could confirm or not whether US regulators have made inquiries to yourself about your block trading activities. And then finally, best wishes from myself, Kirt, and good luck for the future."
UBS,2022-Q1,earnings,2022-04-26,29,Okay. That's great. Thanks.
UBS,2022-Q2,earnings,2022-07-26,1,"Thank you very much, and good morning. I've got two questions: one, regarding the NII trajectory and sensitivity, and another one on the net new fee generation inflows into the kind of – into wealth, and what you're thinking about this going forward. So, on the NII, your sensitivity kind of changed slightly versus the last time you've published this. We had a kind of slightly less US dollar sensitivity. And – but of course, the biggest change is actually coming from Swiss franc, and of course, you know kind of unsurprisingly so, given the rate hike and, of course, a kind of very different rate trajectory in Switzerland from here. But could you kind of run us through how this is going to pan out on a more of a quarterly basis? Because, of course, your initial sensitivity to Swiss franc interest rates is slightly negative given the central bank liquidity and also the – your deposit charging practice. How – and of course, then it kind of – it goes up as the rates move above zero. Could you give us a sense how you think that's going to pan out? And also, on US dollar, is it really a kind of question of effectively having spent some of that – your NII has already increased by the 24% in GWM in particular. So that's on NII. And on the inflows, of course, you've got – I was kind of very pleased to see those inflows in APAC. Could you give us a sense where do they go kind of product-wise? And, again, your view on flows maybe a little bit going forward. I know you've mentioned Americas in July, but just slightly, slightly further out. What's the pipeline looking like? Thank you."
UBS,2022-Q2,earnings,2022-07-26,2,"So, we're likely to see kind of a probably a couple of quarters of more of a stable or alternatively even kind of some headwinds to the NII before probably let's just say mid next year, that kind of sensitivity coming through, maybe even to beginning depending on where SNB actually ends up."
UBS,2022-Q2,earnings,2022-07-26,4,"Yeah. Good morning, everybody. So, just two questions. Firstly, just to follow up on this NII point. I guess to sort of put it into numbers, the net interest margin in global wealth management was around 220 bps in Q2. It's up around 40 bps versus this time last year. So, do you have a sense about how much more that margin could expand by about sort of over the next couple of years? That would be my first question. And then second, you mentioned client sentiment remain subdued in Q3 so far. And I just wondered if there's any regional nuances within that overall picture, or whether that's a fairly consistent global backdrop?"
UBS,2022-Q2,earnings,2022-07-26,6,"Yeah. Good morning, Ralph. Good to have you at UBS, Sarah. Two questions. First of all, if I look at the numbers, the thing that strikes me today is that the underperforming US peers in all IB areas and you're underperforming in US Wealth Management Morgan Stanley, which is comparable. So, clearly, I don't want to make stuff about the second quarter in terms of future market share movements, but just trying to understand from your perspective, because I'm sure in the executive board you discuss it, why you think you underperformed in equities, fixed income, IBD, US wealth, and I would even say Europe wealth against Julius Baer yesterday. Second question is regarding – again, coming back to wealth management, Asia deleveraging, is that stopping or is the second derivative changing? And can you talk a little bit more about, again, advisors in that area as well, considering your advisors are still declining? And if I may take it slightly further, clearly, the new change in the structural wealth management in terms of management itself with Iqbal taking a bigger role, just wondering how that is changing things within wealth."
UBS,2022-Q2,earnings,2022-07-26,8,"Yes. Hi. Sorry. Hi. Good morning. One question actually on cost and cost control in GWM. And I think from a revenue perspective, it's actually improving meaning NII is going up, which I think is limited compensation linked to that. And then the revenues went down. It was just I was wondering how you see that playing out. Can you really push it through or is there investment need from the business that keep costs rather high? And then secondly, I was wondering, I mean, you sold Austria and you're in the process of selling Spain. Maybe you can comment on in particular European consideration and your own business in light of the, I would say the new market outlook from here. Thank you very much."
UBS,2022-Q2,earnings,2022-07-26,9,"Yeah. Sure. No, I'm saying net interest income is going up, and there's typically very limited compensation linked to that. On the other hand, fees are falling whereas more an impact on the advisor compensation. So, I was wondering how that plays out going forward. Also, when you think about investment needs, and sort of the competitive pressure. Thank you very much."
UBS,2022-Q2,earnings,2022-07-26,11,"Hi, guys. I have a couple of questions, please. So firstly, on the Investment Bank, I just want to know if there's any LBO hits booked in there or is that something we should expect in 3Q instead. And then secondly, you know, I think broadly you've demonstrated some good cost flexibility in the quarter, but I guess the concern now, it's how much flex there is from here should obviously conditions fail to normalize. So, what additional levers can you pull and what are you currently in terms of cost pressure points. Thank you."
UBS,2022-Q2,earnings,2022-07-26,12,"Okay. Thank you. And, Ralph, just a quick follow-up. So, one of the main cost pressure points you're seeing at the moment, maybe regionally, you know, in a back office, what are the kind of key points there, pressure points?"
UBS,2022-Q2,earnings,2022-07-26,14,"Yes. Good morning. The first question I'd like to ask you is on the buyback plan. You know, you confirmed today that you stick to the 5 billion dollar buyback for this year. But at this pace, you will probably be finished with this buyback by the time you publish Q3 results. So just for understanding here what we should expect. Is it possible that you could decide reloading the buyback as early as Q3 results or this is something you rule out from today's standpoint already and not to be considered before full-year results are published in February next year? And the second question is going back to the NII, I heard, you know, all the comments you made earlier on this call in the US, on the Swiss exposure. You used to provide a guidance, at least, you did in the previous quarter on the additional NII we should expect for this year. Does that guidance, you know, the billion additional year-on-year NII for this year, does that guidance still hold? Thank you."
UBS,2022-Q2,earnings,2022-07-26,16,"Yes. Good morning. I have two questions, please. So, the first one on deposits. Your deposit balance and global wealth management has come down quite a bit 6% during the quarter, quite similar to what we have seen at US peers. Do you have any visibility on where these deposits have actually gone, and do you expect more deposit outflows going forward? And can you actually say whether clients have moved out of deposits into, let's say, money market funds or other disintermediate forms of savings? And if that's the case, why have you not gone into asset management products which I guess if you look at the flows, has probably not happened. The second question on liquidity, please. You're facing now changing and probably higher liquidity requirements under Swiss rules. And I've seen that you say that the impact on these requirements is still quite uncertain, but could you maybe give us an early guidance on whether you see any impact of these new rules on balance sheet or P&L for you? Thank you."
UBS,2022-Q2,earnings,2022-07-26,18,"Yeah. Good morning. Just a few questions. One is on the EMEA net new money flows and the outflows of half a billion. I'm just looking at that number, and I'm linking it to the disclosure you give for asset sale by Russian residents, which I think is higher than the quarter and just if there's any linkage between those two movements. And the second question is just on the CET1 movement whether there's been any significant OCI impact this quarter. Thanks."
UBS,2022-Q2,earnings,2022-07-26,19,"Okay. Thanks. Could I just come back on the OCI question? I think last quarter, you gave a figure of 9 billion for the – I think that was the liquidity book with the US banking subsidiary, which is mainly treasuries and NBFs. I think that was the primary driver of the OCI move you had last quarter. Is that book changed in composition or size in any way and is that the area that the reclassification is coming from?"
UBS,2022-Q2,earnings,2022-07-26,21,"Good morning. One question on the targets and then a follow-up on cost flex, please. If you look at the numbers you published today, 18.9% return on Core Tier 1 and then a 70.6% cost income. But obviously benefits from the 810 million one-off gain on the Mitsubishi JV. So, if you're trying to adjust for that, I think you're looking at about an 11.5% return on Core Tier 1 for the quarter and about a 75% cost income ratio. So, what gives you the confidence that you can certainly beyond this year, still achieve the 15% to 18% and the target cost income of 70 to 73 as well? Anything that you can do from an output perspective, assuming that markets don't recover. And then the broader questions come back to the point on cost flex. We've obviously seen a big step down in market levels. And yet when we look at your costs ex.-litigation and FX that's down 1% flat or rough 1% in every division. And that doesn't seem to be a big step change in the costs to accommodate the move down in market levels and accordingly what it means for your revenues. So, anything you can add on cost flex above and beyond what you've already said, please. Thank you."
UBS,2022-Q2,earnings,2022-07-26,22,"No. I think you individually accounting asymmetries as well, which I hadn't, which explains the doubts. So I guess the follow-on question would be how long did it take for those to reverse?"
UBS,2022-Q2,earnings,2022-07-26,24,"Yeah. Thank you very much. I just have two follow-up questions. The first is on the cost. I just wanted to confirm that your previous guidance about the 2% ex-available comp and FX and litigation still stands or you think the inflation pressure is too high? And I guess – I mean, I guess you supposed you said if that was were for levers, I guess, I'll go first to that one as well. And then just on the leveraged finance and the mark-to-markets. The 70 million you took in the quarter, I guess that's also relative to the 700 million you disclosed in your report about commitments that have not yet been distributed. And can you just confirm your comment about no further marks in July would refer to the 700 million as well? Thank you very much."
UBS,2022-Q2,earnings,2022-07-26,25,"Okay. Yeah. I just – I guess you say on the quarterly report, there's 700 million of commitment not yet been distributed, but I guess that captures it. Okay. Thank you very much."
UBS,2022-Q2,earnings,2022-07-26,27,"Yes. Good morning. Two questions, please, two follow-ups. The first one would be on net inflows in GWM. Just net new flows and leverage tend to evolve in the same way, actually. And for Americas and Asia, we see them going in different directions. So, I wanted to know if there is any particular reason for that. And the second question, a bit more perspective. And I know that Wealthfront is not yet integrated within UBS, but maybe just a quick qualitative comment on how Wealthfront is doing in such a volatile environment regarding inflows or trading on the more retail side. Thank you."
UBS,2022-Q2,earnings,2022-07-26,28,"Hi. Thank you. So I've got some follow-up questions on the NII. The first question is I think you said that you stand by the previous guidance NII for GWM for the remainder of this year. So I think Q2 relative to previous guidance was a little bit below so just to check, so that would suggest a bit more for Q3 and Q4 than what you previously thought? And secondly, I just wanted to understand a bit more in terms of – I think, previously, the guide was about a 15% sequential growth in NII for GWM. What the difference was in terms of why it ended up being up 11%, which is still a strong improvement? But what the drivers or difference was there, especially given the comment that model deposit betas were less than anticipated? Thank you."
UBS,2022-Q2,earnings,2022-07-26,29,Okay. So the decline in deposit balances was the difference.
UBS,2022-Q2,earnings,2022-07-26,30,"Okay. Got you. And so, is the implied for Q3 for now a bit higher than previously thought or is it still based on the balance sheet as of Q1?"
UBS,2022-Q2,earnings,2022-07-26,32,"Morning. So just a couple of follow-ups for me. On the US tax outflows, you've mentioned it in terms of the net new fee-generating assets in the US, but also attached to some of the decrease in deposits. So I just wanted to get more color how that 10 billion is split across the two. And why is that coming out of fee-generating assets? Why is it not just deposits being used to pay off tax bills? So, a little bit of color there would be great. And then on the buyback, I hear your message on the 5 billion. You're committing to that. Clearly, you need to go back into the market for the employee share schemes. So could you just give us a color of kind of what sort of volume might be attached to that on top of the 5 billion? And then how we should think about this heading into year-end? Clearly, at some point you're going to go from buying 20% ABB every single day to being very much out of the market when you complete that program, which is how to think about managing those volumes through year-end. Thank you."
UBS,2022-Q2,earnings,2022-07-26,33,"Great. Thank you. Just on the buyback, can I confirm is the limiting factor here still just discussing ABB or we still kind of 5 billion and we're going to move on to next year before talking again."
UBS,2022-Q2,earnings,2022-07-26,34,Great. Very clear. Thank you.
UBS,2022-Q2,earnings,2022-07-26,35,"Okay. So, selling the product to pay tax bills ."
UBS,2022-Q2,earnings,2022-07-26,37,"Hi there. Thank you. Two follow-ups, please. I take your point on the NII guidance and the forward curve. You're standing by the existing comment you don't want to get into two quarter, one quarter. But I just wonder if you could give us a sense of what that looks like going into 2023, what you expect the uplift from the forward curve as it currently stands to be in 2023 compared to 2022? That's my first question. And the second one is a little bit nitty-gritty. The – amidst in global wealth management, the fee-generating asset margin is down 2 basis points quarter-on-quarter, whereas for the overall business, the gross margin is up a couple of basis points quarter-on-quarter. Is that just a mix thing to do with the loans and not in there or what – is there anything to comment on in terms of that decline in the fee-generating asset margin Q-on-Q?"
UBS,2022-Q2,earnings,2022-07-26,39,"Hi. Morning. Thanks for taking my questions. So, I just wanted to revisit the IB performance, and it is notably weaker than US peers. And I know you say, you know, flow business was strong, but really it was a strong macro quarter. Wouldn't anything else rates and FX? So, I'm just a bit surprised by the performance in your FICC business there. And I just wanted to know from what you could see, if there was some kind of like macro, sorry, geographical explanation for that? So, weakness may be in Europe and APAC versus the US that could explain that. And then secondly, and I'm just wondering about your thoughts on sizing up your treasury portfolio and investing more in bonds. I mean we've talked a bit more about the size of the balance sheet here having a bearing this past quarter and especially on the deposit size. Is that the main limiting factor for increasing your bond investments there or are there great – is there a greater flexibility to upsize and increase your net interest income."
UBS,2022-Q2,earnings,2022-07-26,40,"Yeah, sure. In the rising rates environment, I guess, it makes sense to see whether you can upsize bond investments and then increase in net interest income, especially given your move to reclassify some of those bond investments at amortized cost. This quarter, we've seen maybe, you know, the balance sheet shrinkage and loss of deposits as a limiting factor there. But, I mean, how do you see that going forward actually? Your opportunity to increase bond investment, is that purely limited by deposits or do you have more flex there to increase that?"
UBS,2022-Q2,earnings,2022-07-26,42,"Thank you, and good morning. And so, fee-generating assets coming to Q3, down 12% on where they came into Q2, invested assets, down 11%. Is there anything that would offset that as a headwind to your fees, which were obviously double your net interest income in wealth management? And second, please, the cost/income in Q2 was well over 70% to 73% excluding the various one-offs in revenues and costs. Will you putting some money aside for future quarters or to get back into the 70% to 73%, you know, the revenues to snap back up or a step up in the cost program? Thank you."
UBS,2022-Q2,earnings,2022-07-26,43,Thank you. On the invested assets?
UBS,2022-Q3,earnings,2022-10-25,1,"Yes. Good morning. Thank you very much for the presentation and for taking my questions. I wanted to ask, please, on your cost guidance. You had previously said that cost might be up by 2% for the year on an FX adjusted basis. Now, you're saying it could be plus 1%. Could you maybe talk about what has changed? Have you reassessed variable compensation? Have you showed, slowed your investment spending plans or anything else to consider? And the second question goes back to what you said about NII in 2023, Sarah. I missed what you said exactly. You talked about an annualization and that NII next year would be higher than an annualized number, but I missed the basis. Could you maybe repeat that for me? Thank you very much."
UBS,2022-Q3,earnings,2022-10-25,3,"Hi. Thank you. I have one question on the NII I guidance, again, just to check. When we talked about the $200 million and talked about $1 billion next year, what kind of mix effect and/or deposit flow assumptions are in that? And then secondly, I'm just kind of curious if you don't mind just going into a bit more color in terms of the costs, which are the areas where maybe you've kind of homed in some of the spending, what impact that has, and also how you're thinking about investment into Asia, as well at present? Thank you."
UBS,2022-Q3,earnings,2022-10-25,4,"Thank you. Sorry. Can I just follow-up just on that point then? So, there are some volume and mix assumptions within the $200 million. It's not a static balance sheet assumption. Okay."
UBS,2022-Q3,earnings,2022-10-25,6,"Yeah. Thank you very much for taking my question. It's basically just around the costs. Thank you for giving the nine-month trend on the costs ex-FX effects and litigation. I was wondering if you can give us the revenue equivalent on an FX adjusted basis for the nine months. And I hear you on strategic investments, but do you see any need to potentially at what point or jaws would you thinking consider further actions on costs? And then I think you mentioned in terms of the US offering all the costs will be included in your current budget. Can you just confirm that and how you going on about your bidding out the US offering without the Wealthfront acquisition. Thank you very much."
UBS,2022-Q3,earnings,2022-10-25,7,Is that by month?
UBS,2022-Q3,earnings,2022-10-25,9,"Good morning. Thank you very much for the questions. I had one on understanding the flows picture and then one on capital. So, clearly, net new fee-generating assets have been very strong. I just want to understand how, kind of, the flows into money markets fits into that. You mentioned how much is being captured in asset management, but is that included within the fee-generating asset flow print in GWM? I just wanted to understand that and kind of some of the deposit moves against some of your mandated business within GWM would be great. And then, secondly, on capital, clearly the demand for your balance sheet from your wealth clients is much lower than you may have anticipated when you put out plans early in the year. I just wanted to hear kind of an update on your thinking on balance sheet deployment against kind of the excess capital and buybacks and how that might change, given clearly there's a much lower demand for your balance sheet in the more uncertain times. Thank you."
UBS,2022-Q3,earnings,2022-10-25,10,And any color on what the flows are built into – given the uncertainty?
UBS,2022-Q3,earnings,2022-10-25,12,"Yes. Good morning. I have two questions on the NII gain please. The first question is just to follow-up on the guidance that you provided for ‘23, where you said that we basically can consider four times the Q4 NII with upside. Is that guidance based on the group and NII or is it based on the sum of GWM plus P&C? And actually talking about these, what's driving the difference whereby, you know, the group NII is lower than the NII in GWM plus P&C? Is that because of the accounting asymmetries in the group's content? And if so, how do you expect this to evolve in the coming quarters? And then the second question is on the loan growth outlook for 2023, specifically in the wealth management business. Because if I look at the trend, obviously, you know, there's been a slowdown in the growth, especially outside the Americas. But even in Americas, whether I look QoQ or year-on-year, it's now hardly growing anymore. So, what do you expect in terms of loan growth in Wealth Management from here, given the environment of higher rates? Thank you."
UBS,2022-Q3,earnings,2022-10-25,14,"Thank you. I just wanted to follow up about Asia Wealth Management, please, and thank you for the comments earlier on. You talked about caution from clients in terms of their appetite for leverage and transacting. And I just wondered if you could put in context the strong net new money flows relative to that. So you know if clients are not interested in leverage or transacting, what's the nature of these flows? What's the source of strength? And is it flight to safety or capital out of China? What – sort of how would you characterize those strong net new money flows against the backdrop of caution? And then, sort of following on from that, you talked about caution remaining at least through to the end of the year. I just wondered if you're seeing any signs of stabilization or improvement or really, we're just sitting and waiting for the time being?"
UBS,2022-Q3,earnings,2022-10-25,15,The broader mood.
UBS,2022-Q3,earnings,2022-10-25,16,"And particularly in Asia, sorry, I was meaning particularly in Asia, so whether the mood abroad to sort of confidence amongst the Asian clients because you said, you know, don't expect much improvement until the end of the year. And I just wondered sort of, are there any signs of improvement yet or is it still just too early?"
UBS,2022-Q3,earnings,2022-10-25,18,"Thank you very much. I still have question about this kind of the sources of flows, net new money flows this quarter because, of course, you know, the numbers have been very, very strong. So, can I just kind of tackle it from slightly different perspective? When you look at those flows in the third quarter, is it existing or is it new clients? Are – is there a certain level of concentration in those kind of flows across geographies? Or is it kind of much more broader based, I suppose, you know, particularly in APAC, but maybe also the underlying EMEA trends because that number was also quite strong? And my second question is on your kind of some IB expectations because, of course, you know, fixed income trading, particularly on the macro side for the industry, for yourself have been kind of very strong over the last kind of nine months in particular. And I'm just curious, you know, how do you think that's kind of higher for a longer interest rate environment will look like for that fixed income trading into 2023 as the kind of – as the higher rates kind of settle in and the volatility potentially comes down a little bit? And also, you know, I've heard you this morning kind of talking about Advisory unlikely to return in the fourth quarter, but how do you think about your Advisory business into next year because, of course, mix-wise, it's very important for you? Thanks very much."
UBS,2022-Q3,earnings,2022-10-25,20,"Thanks for taking my question. Two questions. One is on cost just coming back to the numbers. I'm just thinking 2023, I recall under Kirt, the guidance was that the cost growth of 2% plus, minus variable in 2023 should not be too different. And I was wondering, can you reconfirm that clearly things have changed in terms of inflation, outlook, et cetera? Does that kind of indication still hold, first of all? And then the second question is on cost income target of 70% to 73% that you're clearly making this here. Can you run me through your kind of stress scenario since you have a lot of mark-to-market revenues? How you think about the offsets that you can take in order to bring yourself back towards that level or even close to that level so we can understand how the dynamic would work on your controlling the cost?"
UBS,2022-Q3,earnings,2022-10-25,21,"And just on – should we think about the times of absolute cost guidance is not relevant anymore? We should think from now on, going into 2023 around cost income targets? A: The primary lens is definitely cost income target. Once we give you the guidance, if we think that there is anything complementary that would be useful. We will. And you see, for example, that this quarter we are giving you a guidance to make sure that you can be helped as you prepare the fourth quarter. All right. Thank you."
UBS,2022-Q3,earnings,2022-10-25,22,"Yeah. Good morning, everybody. I've just got two questions. First off, on the US Wealth strategy, so you said you're still investing in tech platforms and new client segments. And given that Wwealthfront is not proceeding but we've seen a very significant pullback across tech valuations, how are you thinking currently about opportunities to expand via M&A going forward? And the second question is just on a topic which came up on the 2Q call and I see you've highlighted again in the outlook statement of 3Q report but the change to Swiss liquidity requirements, which I think became effective in July. Have you got any better clarity in terms of how that may impact the P&L as you move into next year? Thank you."
UBS,2022-Q3,earnings,2022-10-25,24,Yes. Good morning. I have two questions please. The first one is on RWA. I wanted to know if we should expect any regulatory inflation for Q4 this year and maybe also into next year? And the second one is coming back on your staff increase client advisor in Americas and I would like to know whether or not this the trend will continue in Americas especially in other region? And if you have already witnessed some flows coming from this advisory in America? Thank you very much.
UBS,2022-Q3,earnings,2022-10-25,26,"Good morning. Two questions please. Firstly on the NII sensitivity in your prepared remarks, you talked about the deposit beta being better than expected but at the same time you've seen quite a significant offset from a mix shift in a deposit base. So perhaps, you could elaborate on your expectations on the impact to deposit mix shift going forward into 2023, and how much of an offset that might provide? And then my second question, which is on the net new fee generating assets. The demand you're seeing both in asset management and wealth management. You talked about an increase in demand for CDs and money market products following the move up in rates and the additional yield that's providing. Are you seeing a mix shift within the existing client base, as well, into the lower margin products and as you can say on the average fee margin on those assets, the broader asset base would be helpful as well? Thank you."
UBS,2022-Q3,earnings,2022-10-25,27,"And I think it's your retention, but what does it imply in terms of margin mix shift?"
UBS,2022-Q3,earnings,2022-10-25,29,"Hi. Morning. Thanks for taking my questions. So the first one just point of clarification on the NII for 2023. So you gave that prior guidance of 4Q annualized with a bit of upside. Is that on a static balance sheet basis or is that actual guidance, which takes in account deposit outflows and mix shifts and so forth? And then secondly, on your buybacks, you've guided $5.5 billion for the full year. So that marks a bit of a slowdown on the quarterly run rate for buybacks despite your CET1 ratio inching higher this quarter. I'm just wondering why maybe you you are slowing that down a bit. And then looking towards 2023, you're still sitting on a lot of excess capital. I'm wondering whether you would consider having a payout ratio of above 100% to try and bring that down a bit. Thank you."
UBS,2022-Q3,earnings,2022-10-25,31,"Hi. Good morning. Two questions, please. The first one also on interest rate sensitivity, given the Swiss franc or Swiss rates are the now the major driver. I was wondering about the deposit beta you're assuming the CHF 700 million that is stated in the sensitivity guidance, in particular, thinking about that deposit beta was better in the US and Europe's Swiss deposits are still growing. And then secondly, thank you for slide 26 on 12% of your clients cash is invested in – of client asset invested in cash and another 5% in money market product. So, I'm just wondering how this looks like, let's say early in the year and what put you to change it or are there any major change is expected from here? Thank you."
UBS,2022-Q3,earnings,2022-10-25,33,"Yeah. Thank you. I'm sorry to have one more on rate sensitivity, but just looking for a – still, a little bit of help in sizing the 2023 benefits. You do offer the guidance at 100 basis point higher rates will add $0.7 billion on the franc curve and $0.2 billion on the euro curve. But do you think those could be substantially offset by deposit beta or mix effects? Because I see consensus has basically about a $200 million uplift on the Q4 run rate, and we might come to a higher number if we use that that sensitivity. And then, second question on the buyback for next year, appreciate that you probably won't give us a number until the full year. But just could you help us understand the process you go through in Q4 in sizing that buyback? Is it a backward looking look at how far your CET1 is above your management targets and you pay that out or is it a desire to maintain a higher buffer and then it's based on a forward look on earnings with payout of perhaps 100%? Thanks."
UBS,2022-Q4,earnings,2023-01-31,1,"Yes. First of all, thank you for taking my questions. First question is regarding Asia. And can you just talk a little bit about what you're seeing in Asia? You made a very brief comment, Ralph, but maybe a little bit more. Do you see any releveraging change? Do you see any change in transaction volume pick-up or net new fee-generating asset pick-up? And what should we look out first in that respect in wealth management? Secondly, in respect to forward curves, can you discuss what interest rates you use for the key markets in your assumptions on NII guidance for first quarter, but also more importantly for ‘23? And what – can you talk a little bit about betas in that respect and net interest income forward assumptions for 2024-2025? What rates you're using at this point?"
UBS,2022-Q4,earnings,2023-01-31,2,"Yes. Thank you for taking my question. Good morning. The first question I wanted to ask you is regarding the cost/income target, which, you know, you have reiterated today for the midterm on 70% to 73%. It's been now – when we look at the underlying profit level. So, ex any one-offs, it's been three quarters that, you know, you've been outside that range. So, what makes you think you can get back to what the range? And how quickly can we expect that you will get back towards that level of cost/income ratio already in the next few quarters? And the second question is just coming back to the net new money in APAC. I mean, obviously, you had a stronger than usual run rate in Switzerland, in Europe, but then not so much in APAC. You're talking about the wait and see approach. Would it be fair to say that the – some of the outflows that have been seen elsewhere may not yet have been transferred to one of the competitors? And could be waiting to be picked up? Is that a fair assumption?"
UBS,2022-Q4,earnings,2023-01-31,3,"Good morning. One on capital return and then one on FX. If I look at capital return, you've guided to greater than $5 billion for the buybacks. I note the greater than comment. I guess my question would be why did you not feel comfortable coming out with guidance that was more similar to full year 2022, to the $5.6 billion that you executed. I know you flagged the CAMT tax change in the US. But just trying to understand your rationale for why, I mean, they're greater than $5 billion, which is obviously less than what you've achieved last year. And then my second question just on FX, I know your cost guidance still there to be greater in 2023 has FX movement, obviously the FX move overall should be a tailwind this year for you in terms of profitability, but potentially a headwind to your cost line. So perhaps you could give us an idea of what you think the magnitude on revenues and costs would be based on the current FX rates compared since 2022 average? Thank you."
UBS,2022-Q4,earnings,2023-01-31,4,"Thank you. Morning. Two related questions, please, both on net new money flows. Firstly, your outlook comment has quite a cautious comment about client sentiment may affect flows. I know that's unchanged language from the previous quarter. I just wondered if there's anything specific in that that you're seeing or if that's just general caution. That's my first question. And then, the second one, slightly related. I know it's tentative for you to talk about flows from or relating to your competitors, but I just wondered why you wouldn't be a natural home for outflows coming out of a competitor. You're saying that's not the primary source of your inflows, which is a bit surprising. Why wouldn't you be the natural home for some of those flows to relocate to?"
UBS,2022-Q4,earnings,2023-01-31,5,"Yeah. Thank you very much. I just wanted to ask on costs again. I mean, given the company adjust for FX rates, I mean, I understand you don't want to give any more guidance. But can you give us maybe like the FX effects mix on costs or if we think about the cost/income ratio, should FX effects basically be neutral for the cost/income ratio? And then in terms of the investment banking, you said 2022 is a good revenue year, but the cost/income ratio is 78%. Is that sort of like where you think the cost/income ratio should be or do you think it should be trending down lower in the Investment Bank? Thank you very much."
UBS,2022-Q4,earnings,2023-01-31,6,"Good morning, all. Thank you for the questions. I’ve got another one on costs and then one on capital. On expenses, I'm actually a little bit surprised on the cost guide, 2% to 3%, given that previously you've spoken ex variable compensation. But now, you seem to bake that into the guide. So, can you just give us a bit of color about kind of base case for revenues opposite that, particularly in GWM, which is clearly, FA comp is very much linked to the fee line there. So, just a feel for your base cases on planning and why you're switching guidance from kind of an underlying inflation figure to – which excluded variable comp – to one now all in. And then secondly, it's a bit of a technical question around Basel IV. Appreciate the slide in the appendix. Can you just give us a bit of a color about how the short-term inflation to your risk weights is front-loading some of that Basel IV impact, the relation between kind of the 2022 to 2023 inflation and what that's done to your 2025 Basel IV impact? And can you split that out a little bit between credit risk and operational risks and how we should be thinking about the short term versus the longer term there and the interaction between the two? Thank you."
UBS,2022-Q4,earnings,2023-01-31,7,"Can I just follow up on operational risk? I know Switzerland hasn't quite defined ILM, whereas Europe has gone to one. Do you know where the debate on that is? So, I assume you've got operational losses as part of the calculation on your Basel IV impact?"
UBS,2022-Q4,earnings,2023-01-31,8,"Hi. Thank you. I have one kind of follow-on question and one different question. The follow-on question, I guess, come back to net new fee-generating asset growth. I guess, there've been a few moving parts in 2022 driving that strong performance. But I'm just kind of curious if, in 2023, given the China reopening, you would kind of put it as a base case that net new fee-generating asset growth should be stronger this year than last. And the second question, just relating to the, you know, the medium-term investment plans and, you know, in particular on the digital side in the US, just curious of your thinking in terms of investment there. With the Wealthfront transaction not happening, is that an area where we should expect some cost growth or is that segment of the market not something that you're looking to continue or looking to play into? Thank you."
UBS,2022-Q4,earnings,2023-01-31,9,"Thank you very much. I've got two questions both on wealth. The first one is literally a follow-up on your explanation about the kind of US business over the last couple of years because, of course, we've talked over quarters about that kind of banking penetration, about business banking penetration, about the loan penetration as the way to growth – to grow that product franchise in the US. But, Ralph, can I ask, when it comes to kind of deliverables going forward that you will be holding that kind of US wealth business to, what would be your key ones? Is it still about deposits, the loan growth, with the balances of which you've just mentioned or is it kind of more nuanced than that? So, that's the first question. And the second question is about the Middle East as an opportunity in wealth. I think you very briefly mentioned it in the slides, talking about EMEA flows or net new – net flows. But can I just ask, because, of course, we don't really focus on the region kind of as much as we probably should, how do you see it as the wealth franchise? What's the plan going forward? And actually could you give us a sense just how much of those EMEA inflows were actually generated in MENA? Thank you."
UBS,2022-Q4,earnings,2023-01-31,10,"Hi. Yes. Good morning. Thank you very much for taking my questions. I would like to start with a question on NII, please, on your guidance. You're guiding quite specifically about what should happen between Q4 ‘22 and Q1 ‘23. But you're a bit less specific for the whole year. Do you see any reasonable scenario where on an FX-neutral basis, your NII in any of the following quarters, Q2 to Q4 ‘23 could be lower than it was or than it is expected to be in Q1 ‘23? And the second question, I guess, goes back somewhat to what Magdalena just asked in GWM in the US business. Your Chairman toyed with the idea, in an recent interview, about publishing separate KPIs for the US wealth management business. And I was wondering whether you would consider doing that. And given that you're currently not breaking out the US business at all, and whether that would require a change in the divisional setup. Thank you very much."
UBS,2022-Q4,earnings,2023-01-31,11,"Hi. Thanks for taking my questions. I’m about to drill down a bit more into Wealth Management Americas, and discuss that, as others have done. So – I mean, relative to other regions, as we've seen in slide 31, that decline of 20% in PBT seems quite disappointing compared to the other regions. I was wondering if you could give a bit more color on whether that's suffering a bit more on the deposit beta or migration side there and whether that represents a change going forward in the profit trajectory. And then perhaps you could talk – maybe you could talk a bit more specifically about that structural difference in the Americas versus peers in the US. They didn’t suffer such a big decline in PBT in the fourth quarter. It was rather flat or up. And then if you look at the cost/income ratio, yours of 86%, it's still a good 16 percentage points higher than peers. So, what are the differences here in UBS Americas versus US peers and what can you do here to really improve that?"
UBS,2022-Q4,earnings,2023-01-31,12,Yes. Hi. Good morning. Just one major question left from my side. We get 95% payout in 2022 and I was wondering whether we should think about just below full payout as well this year? And if this is the main determining factor on how large the buyback can be? Thank you very much.
UBS,2022-Q4,earnings,2023-01-31,14,"Yes. Good morning. Thanks for taking my question. I have two on wealth management. The first one more on APAC, and we can see that your number of advisors is decreasing despite, you know, China reopening and probably a higher level of activity expected. So I wanted to know, how do you intend to capture this higher level of activity with potentially less advisors? And the second one is on the US and like to know if it's possible to get a bit of color regarding, you know, the breakdown of your net inflows between an increase of share of wallet from existing client versus new clients coming in at UBS, US Wealth Management. Thank you."
UBS,2022-Q4,earnings,2023-01-31,15,"Good morning. Yeah. I've got one on Global Wealth and one on litigation. So, Global Wealth, actually, it's just a follow-on from the previous question. But in terms of the US advisor numbers, I think you talked last quarter about having a strong hiring pipeline, but actually the advisor numbers look like they've dipped in the fourth quarter. So, if you could just talk to what the hiring plan looks like for this year in the US on the advisor front? And the second question on litigation, the French tax case, it looks like the wording in the 4Q report is pretty much identical to the 3Q report. Is there any update on timing at all on that particular issue? Thanks."
UBS,2023-Q1,earnings,2023-04-25,1,"Yes. Good morning, everybody. Firstly, on the future capital requirements, at the time of the announcement, FINMA said that a larger bank would require higher capital buffers. Have you had any further clarity on the size of that increase in capital requirement, and particularly to what extent those higher capital requirements may be influenced by the ultimate perimeter of the group? And I suppose any thoughts you have around how those decisions will ultimately feed into the timing of future capital return decisions? That's the first question. And then secondly, in the report this morning, you've outlined that the Emergency Ordinance provides for the loss sharing agreement with the Swiss Confederation, but that the Emergency Ordinance will expire within six months of its issuance date, after which time those measures would need to be codified into law by the Swiss parliament. Does that mean that the loss sharing guarantees still are effectively subject to parliamentary approval in six months' time? And if so, what are your confidence levels in getting those approvals?"
UBS,2023-Q1,earnings,2023-04-25,3,"Yeah. Thanks. Just two questions. The first one is related to the book value per share guidance that you gave of the 74% increase on day one. Just wondering if that still holds, first of all, at this point, or has that changed post your further analysis. And in that context, should we assume that the purchase accounting, restructuring, asset marks, etcetera, should be captured by the reserves that is being built off what we estimate 21 billion. The second question is in relation to more top down. How we should think about the impact on clients at this point and also retention of clients, especially in wealth management at this point already. And how we should think about retention of clients post the event, the clients that have left. How should we think about your position after that?"
UBS,2023-Q1,earnings,2023-04-25,4,"Sorry if I may. The 74% also includes - but does clearly not include additional charges to the P&L and the rest comes to the P&L, we should assume."
UBS,2023-Q1,earnings,2023-04-25,6,"Yeah. Thank you. Good morning. Welcome back, Sergio. On the comments you made on the Bloomberg TV interview earlier about the importance of centrality, essentiality of ongoing profitability, which was absolutely borne out in recent months. Clearly the combined group has an exceptionally strong capital position on a pro forma basis, which gives you the opportunity to move quite quickly in two ways, one in a sort of actual effect in the merger and taking financial reserves against that. So, should we think about going quickly as essential to your plans because you’ve got the financial conditions to do it? Clearly, that was something that Credit Suisse did not enjoy. They had some ambitions to restructure that they needed to pass through the P&L over time, which constrain their profitability a long way into the future. Thank you."
UBS,2023-Q1,earnings,2023-04-25,8,"Yes. Good morning. The first question I wanted to ask you is regarding the net new money, so the net new FGA. You gave us some details you know including post the 10 business days that followed the announcement of the deal and thank you for that. I don't think I've seen any comment around the trend in April. So, just wanted to ask you know, what trend you've seen in terms of the customer behavior and especially regarding the NNFGA as well as customer deposits since the quarter ended about three weeks ago. And then I just wanted to come back to the risk around – the you know concentration risk around clients and the overlap on the client base. You made interesting comments regarding the fact that you are underweight certain client segment versus CS, and where you can gain from that transaction. There is another client segment which could lose. Can you maybe provide us more details? Do you mean in wealth management specifically, also in P&C? Can you maybe comment on those client segments? Thank you."
UBS,2023-Q1,earnings,2023-04-25,10,"Good morning. Two questions. Firstly, just on slide 10 in your revised net interest income outlook, Q1, you’ve seen a slight increase in NII. So then you are guiding to a mid-single digit decrease for Q2. So that implies Q2 will be slightly below the Q4 run rate. Implicitly, this seems to suggest that Q3, Q4 is roughly then going to be stable based on your full year guidance. So, I’m interested in your thoughts on the offset between rate hikes and then most important of all, deposit migration to money market funds in future quarters. Given that we’re closing in on peak rates, it seems to imply you’re achieving, the deposit migration also slows, but would welcome any commentary on that. And then my second question is actually on the liquidity coverage ratio. I think there’s an active debate as to whether it’s calibrated correctly in light of recent events, particularly the 10% weighting that’s applied to less stable retail deposits. So, interested in any conversations you’ve had on that either with FINMA or the Basel Committee. And likewise, does that mean you’re going to continue to run with an LCR of, you know, north of 160%, given the potential that that ratio might be recalibrated? Thank you."
UBS,2023-Q1,earnings,2023-04-25,12,"Morning. I've got two. One is a bit of a follow up on LCR and on your long-term funding strategy. Clearly, LCR standalone is pretty strong. If you look at the business you're acquiring, then it's really propped up by a big SNB liquidity line and that deposits are very, very low. Loans to deposit is 157%. So, I was just wondering how you're thinking about your long-term funding strategy through the acquisition and how you might deal with kind of the flight of deposits that they have seen and how you can integrate that into your liquidity model going forward. And then second on a slightly different topic. In GWM, you've got flat costs on lower revenues, and a favorable revenue mix with NII up and fees down. Normally, that is a good mix for your cost base. Could you just discuss a little bit more what's going on in there, what sort of inflation you're seeing, whether there is an increased competition for relationship managers, and whether that's changing given the new environment? Thank you."
UBS,2023-Q1,earnings,2023-04-25,13,"Okay. So the inflationary pressure, that sounds quite high to be managed down."
UBS,2023-Q1,earnings,2023-04-25,15,"Morning. Thank you and welcome back to Sergio from me as well. I just want to pick up on a couple of topics that you've touched on already. Firstly, you talked about the Swiss banks combined market share. I wanted to clarify, is your plan to fully integrate the two networks under a single brand, single product range, single network, back office, head office? And then secondly, you also touched on the risk shelter. If I read the documents, it seems narrowly defined so that it won't cover things like litigation, restructuring, or indeed the operating costs of noncore, only asset disposal losses. So, it seems relatively unlikely to be drawn. So, I just wanted to ask, is it your base case that you will draw on that risk shelter or that you also agree it's unlikely that you will draw on that risk shelter."
UBS,2023-Q1,earnings,2023-04-25,17,"Yeah. Thank you very much for taking my question. The first is just about the mechanics as you pay with the treasury shares if there's a difference versus, yeah, new share issuance just, yeah, conceptually and in terms of the impact. And then secondly, just a different question on your commercial real estate exposure. Can you give us a bit more detail on the regional mix, potentially maturity profile, LTV and so on? Thank you very much."
UBS,2023-Q1,earnings,2023-04-25,19,"Hi. Thank you and welcome back, Sergio, too from me. So, two questions. The first, again, just on the transaction and the announcement on – on day one, I just wanted to check in terms of the cost savings and the timeline for EPS accretion whether or not your conviction levels have changed based on the information that you have had or seen since then. And then secondly, I was a bit surprised by the amount of, I guess, deposit outflow on a reported basis for GWM in the quarter. Do you mind just going through that just going through that in a bit more detail? You know, because obviously that's net of the inflows that we're seeing towards the end of the quarter. So, I appreciate there was a bit of a shift in mix and so forth. But if you could give a bit more color, that would be helpful. Thank you."
UBS,2023-Q1,earnings,2023-04-25,20,"Okay. Thanks. And just on the cost savings, is that kind of, I guess, conditional on what the outcome is for the Swiss business? And is the conviction still there on the greater than 8 billion?"
UBS,2023-Q1,earnings,2023-04-25,22,"Yes. Hi. Good morning. Two questions, please. The first is you reiterated the 25% of the new group going forward with the investment bank, but if I combined UBS and Credit Suisse as of Q1, I am already at that number before fully transferring the current products and so on? So, does it mean you're already happy with the perimeter of the group and potentially happy to diversify your fixed income business via their credit sales and trading? Or is this number ultimately going lower towards maybe 20% or whatever the number is? And then, secondly, wondering about global wealth management. Do you re-underwrite the Credit Suisse client from a risk perspective? i.e., is there a new onboarding process or do they just join as of…the deal completing? Thank you."
UBS,2023-Q1,earnings,2023-04-25,24,"Good morning, everyone. So, just a couple for me. So, I mean first of all, how concerned are you around the revenue attrition already taking place at Credit Suisse? You know I guess where I'm coming from is based on the current revenue trajectory, the 8 billion of cost reductions might not actually be enough. So, could we be in a situation where a deeper restructuring is required. And then maybe secondly, around buybacks. I mean, part of the issue there is people are trying to time it and obviously, work out the capital and so forth. I suppose that you got one side, you got the government guarantees and then on the other, you've got a very politically sensitive situation. And I suppose regardless of your capital position, is it fair to assume that buybacks are very much kind of at the back of mind for now and we're talking 18 plus months away before you can even consider that between the link between obviously your strong capital position – expected capital position and the government guarantees. Thanks."
UBS,2023-Q1,earnings,2023-04-25,26,"Yes. Good morning. Thanks for taking my question. I have two. The first one is for you, Sergio. I would like to know if you had noticed anything which was radically different at UBS and its processes, organization, or anything between your departure in 2020 and today? And the second question is regarding Americas and GWM. There was quite a significant drop in advisors, and I would like to know if there was any underlying reason for this drop. Thank you."
UBS,2023-Q1,earnings,2023-04-25,28,"Hi. Good morning. And welcome back, Sergio, from me as well. So, my first question is on NII. Appreciate the more integrated disclosure on the beta and the migration. I was wondering if you could talk more specifically about how that plays out on a geographical basis. Is that the greater pressure on the beta migration mainly from the U.S. side or are we seeing any changes in Europe and Asia as well? And maybe you can give some color on how your NII should pan out based on forward curves into 2024. And then my next question is on the IB. Appreciate you've yet to outline the perimeter of what mean – of what goes into non-core. But at the same time, you've been very specific about your IB DNA for the past few years now. And so, there's a question mark over the lev fin business which CS lumps with IBD. I guess the question is how do you see that business within your IB structure?"
UBS,2023-Q2,earnings,2023-08-31,1,"Good morning. Thank you very much for all the information. There's a lot to get through and a lot of questions. I'll just ask two things. One is, could you talk about the Swiss integration, which obviously takes time and I think you said it's going to legally close in 2024 and then physically integrate in 2025. I just wondered, you know, what determines that timeframe and how you manage? How you intend to keep the businesses stable whilst they're in that slight sort of limbo period. So that's my first question. And the second question is about sort of capital stack. The 14% CET1 target I imagine it implies that you're going to reissue AT1 and rebuild the AT1 part of your capital stack. And I saw a headline the other day that you might even do that this autumn. I just wondered if you could comment on that aspect, your intentions in terms of issuing AT1. Thank you."
UBS,2023-Q2,earnings,2023-08-31,2,"Yes. Thank you. It's Alastair, BofA. Sergio, good morning. Great to have clarity on the strategy and obviously the market is delighted as you are that the flows have come back. Just then on operating costs. Very clear ambitions and it looks like you're bringing forward a little 2027 to 2026 when you've landed everything. But just given the size of the operating costs in the old Credit Suisse investment bank and non-core, can you give us any sense about how quickly you can go there? So the quite a large restructuring charge, integration charge in the second half, but does that cost number move out quickly so that you normalize profitability or is there still quite a long, long tail to the cost in that part of the business? It's just, you know, IB classic, the revenues have gone, the costs are still lingering and how quickly they go? Thank you."
UBS,2023-Q2,earnings,2023-08-31,3,"Good morning, everybody. And thanks for taking my questions. Just two for me. First, in Wealth Management, you've talked about now essentially being at scale in every growth market globally. But in tangible terms, what does that enhanced scale enable you to do that perhaps you weren't able to do previously? And have you seen any proactive response from competitors in reaction to that enhanced scale? That's my first question. And then second, looking at the banking business in Switzerland. Now the dust has settled, does all the volatility we saw earlier in the year changed at all how you think strategically about running the combined Swiss bank be it in terms of capital, funding, liquidity, etc.? I guess just sort of simply has your risk appetite changed in Switzerland?"
UBS,2023-Q2,earnings,2023-08-31,4,"Yeah, good morning, Sergio and Todd. Thanks for taking my questions. First question is on risk weighted assets. You have around USD 557 billion, USD 145 billion operational risk weighted assets. And I'm just wondering how we should think about the exit run rates in 2026 in terms of total risk weighted assets as well as in terms of operational risk weighted assets if I may. And then the second question is related to the non- core. Could you talk a little bit about the P&L effects of the non-core ex any more active write-downs or sales, so to say, leading to potential write-downs? I'm just trying to understand the P&L in terms of run rate of the noncore legacy bank, if I may. Thank you."
UBS,2023-Q2,earnings,2023-08-31,5,"Okay. Thank you. If I may just very briefly on the risk weighted assets, if I – to take a very simplistic view and I just assume. I know the runoff, I can make some assumptions about Basel IV then op risk which is clearly very difficult to predict if I want to be conservative. One could assume that ultimately the risk weighted assets conservatively could not grow if at all to materially decline?"
UBS,2023-Q2,earnings,2023-08-31,6,"Yes. Good morning. Thank you for taking my questions. I'd like to go back actually to some of the elements you have discussed on this call already, especially the NCL. Maybe trying to help us understand how much of the ROCET1 improvement towards 2026 is going to be driven by this unit, considering our move to natural runoff here, you know, trying to help us assess already at this stage what – how loss-making it is today and how loss- making it would end up being in 2026, only considering the natural runoff. And then the other question I wanted to raise is on the cost save. Just to make sure I understand correctly. So you basically have already a target of 3 billion cost saves on an annualized run rate at the end of this year. But this is compared to the end of 2022, I think. So, how much of the annualized 3 billion do you kind of already have, you know, in the 2Q accounts, please? Thank you."
UBS,2023-Q2,earnings,2023-08-31,7,"Good morning and thank you very much for the presentation. I have two numbers questions, please. So, the first one is on capitalized software. You have taken these roughly 1.8 billion of software impairments in the PPA. Can you give us a rough sense of how much of a remaining amount of capitalized software remains in your group accounts that relates to CS? And is there a risk of further impairments given that you want to retain only about 10% of these systems? And the second question relates to your capital requirements. So, you show still at 10.6% CET1 over risk- weighted assets. If we were to apply the current capital metrics that is outlined in Swiss banking law, what would be the capital requirement if there was no FINMA transitional forbearance, please ? Thank you very much."
UBS,2023-Q2,earnings,2023-08-31,8,"Thank you very much for taking my questions. The first is on revenue cost synergies. I mean, you had a comment and especially if you think you can keep this with market share unchanged. Is it something you really think maybe people get overly concerned and you don't see quite that risk of a revenue dissynergies even if you potentially have to contract some of this at bit more attractive rates or incentivizing your advisors? And then secondly, on slide 16 where you show us the return path and there's this block about the funding cost efficiencies. And that's something you – I guess apart from the drop out of the higher expense funding at Credit Suisse, is there other areas where you see the material benefits from lowering funding costs and overall group benefits because this block is the same size as the cost base rightsizing? Obviously can maybe elaborate a bit more on that area. Thank you."
UBS,2023-Q2,earnings,2023-08-31,9,"Yes. Hi. Good morning. Two questions from my side. The first, to play devil's advocate, are there more outflows to come or where you kind of already had outflows from clients, but maybe some longer-term structures, partnerships or anything like that take time to see the outflows? And then secondly, for the first time in a while, your CET1 capital is higher than your tangible book value or almost the same. So now, the 15% return on CET1, should that also be broadly similar to RoTE, going forward, or should we expect more moving parts towards 2026? Thank you very much."
UBS,2023-Q2,earnings,2023-08-31,11,"Hi. Thank you and thanks for a lot of good information. The first question was, I appreciate there's a lot of moving parts. We're going to spend a bit of time trying to update estimates and all that kind of stuff. But in terms of the path for the RoCET1 to get to that kind of 15% 2026 exit rate, are you able to give any color in terms of expectation for 2024, 2025, or how you’d like it to trend? And then secondly, just on the costs. It'll be great to get a bit more color on the saving. So, I'm just kind of curious things like, you know, 10 billion gross, but how much net saving or how much reinvestment of that do you expect to do where you found the incremental 2 billion versus the 8 billion? And also, how you're spending, you know, the 12 billion restructuring? Because it does seem like, you know, quite a big number. So, you know, just wondering if there could be benefits there as well. Thank you."
UBS,2023-Q2,earnings,2023-08-31,12,"Hi. Good morning. Thanks for taking my questions and thanks for all the detail. So, firstly, on the fair value markdowns that you've taken there, related to that, could you give an idea of the maturity remaining on these financial assets and how we should think about the reversal of those markdowns? So, you've highlighted more than 1.5 billion for the second half of this year. Is that the kind of run rate that we should be expecting going forward? And then secondly, on the NCL, perhaps I can ask it a different way. Do you have a better idea now of what the ultimate cumulative losses might be from the NCL? Would they be less than the 5 billion maybe that you might have been exposed to under the LPA agreement? That's my question there. And then thirdly, might I quickly ask, on the domestic side, certainly for some businesses, you will have a significant market share. And I wonder if there's any maybe regulatory risk that that market share might be looked at and you'd be forced to bring it down to a level which is more palatable to the regulators. Thank you."
UBS,2023-Q2,earnings,2023-08-31,14,"Morning. Thank you for the questions. I want to get under the hood a little bit more in Wealth Management. Firstly, on the CS business acquired, clearly there are some business exits to worry about some that you think non-core in the kind of the wealth management unit. Can you give us a sense of what the revenue attached to that might look like. But also any detail on AT1 cost savings that come through the NII in that division as well. And then secondly, the competitive environment. I noticed in your GWM business, UBS standalone costs are up on lower revenues. I just want to know kind of what the cost is to retain management at this point? What are you seeing the competitive landscape on the RM side or the advisors side, but also in your deposit side what sort of campaigns have you been running to re-attract deposits and how easy or difficult has that been in the current rates and deposits environment? Thank you."
UBS,2023-Q2,earnings,2023-08-31,15,"So, funding it seems that is in the corporate center and not in the divisions?"
UBS,2023-Q2,earnings,2023-08-31,17,"Good morning it’s Andrew Coombs from Citi and thank you for taking my questions. Two if I may. Firstly, I want to turn back to follow up on the PPA pull-to-par bit in relationship to the restructuring charges. You made this comment that, out of the period at end of 2026, I think restructuring charges will be largely but not wholly offset by the PPA pull-to-par effect. And then in your later comments, you talked about probably 0.5 billion of pull-to- par effect, of which 4.5 would be noncore, and that most of that would be recognized in a three- to four-year timeframe. So, can we assume restructuring charges of the magnitude of 12.5? And can you give us a feel for the timing of those relative to the PPA pull-to-par? And then the second question is on slide 29. You provide a useful quarterly trajectory going from minus 0.3 billion in Q2 and you talked about breakeven in Q3. But you also flagged 750 million of savings, 550 million of funding cost savings. There's a 650 million arguably one-off ECL charge on the non-credit impaired CS portfolio data this quarter. So, just trying to understand the going from minus 0.3 billion to 0, even with all those additional benefits Q-on-Q, what's the offset? I guess there'd be some seasonality on revenue, a bit of a decline in NII. But any more color there?"
UBS,2023-Q2,earnings,2023-08-31,19,"Hi. Thank you so much for your questions. My first one is on wealth management. Just wanted to get a sense on you know how you are assessing you know the business overlaps in that segment – in that segment or you've had you know further chance to sort of you know look at you know different regions and how to respond to all the ongoing competitive pressures and in terms of you know relationship managers and then sort of bankers in that segment? So, if you could give a bit of an update on that side? And then the second one is on the investment bank, the CS non-core perimeter of 55 billion. I know in one of your slides have provided a natural run-off rate, but I was just trying to get a sense if you could provide any sort of color in terms of what is your sort of ambition on actively winding down this perimeter in terms of timeline, i.e., could we expect you know the next two years basically by 2025 you know broadly most of this run down to be done. Is that is that a fair assumption or are you looking at it in a bit of a different way? Thank you so much."
UBS,2023-Q2,earnings,2023-08-31,20,Okay. Thank you so much.
UBS,2023-Q3,earnings,2023-11-07,1,"Yes. Good morning, gentlemen. Thank you very much for the presentation. I have two questions and they may be linked. The first regarding the outstanding SNB funding. I don't think there's any update in the disclosure material on where the number has moved to. I think the last disclosed number was CHF 38 billion at the end of August. Could you provide an update here? And possibly related to this, it looks to me looking at SNB data that there has not been a lot further reduction of SNB funding after August, in September. Is that a good interpretation of the data? And is there any connection here between your management of the SNB funding and the new Liquidity Ordinance that has come into play – that will come into place in January? And is it possible for you to give us a guidance on how your liquidity ratios will look like on the 1st of January under this new Liquidity Ordinance in Switzerland, please? Thank you."
UBS,2023-Q3,earnings,2023-11-07,3,"Yes. Hi. Good morning. Two questions from me. The first one on capital distribution. I know it's very early and I guess you will comment on Q4, but what are the stepping stones that we should look out for before you can resume a buyback? That's my first question. And then, the second question is with respect to costs. In the quarter, there was an excellent delivery on costs and the USD 3 billion target by year end has already been achieved. So basically, where do we go from here? Can we assume that this steady path of cost saves can continue? Or will there kind of be a pause until there is the legal merger because you have already basically extracted as much as you could of the low hanging fruit? Thank you."
UBS,2023-Q3,earnings,2023-11-07,5,"Good morning. Two questions from me, please. Firstly, on the GWM net interest income trajectory. Thank you for the commentary in your prepared remarks. I think you said after a 3% decline in Q3, you expected mid-single-digit percentage decline in Q4 and that there's an ongoing deposit mix shift. So that seems to be accelerating rather than decelerating. So can you give us any indication of how much longer you think that trend could continue for? Do you think now that we're at peak rates, if anything, that should slow as we go into 2024? And also, if there's any implications from your broader deposit pricing that's also influencing that sequential NII decline. That's the first question. Second question, there's been quite a lot of media commentary over the past week ahead of the Too Big To Fail review coming out in spring next year. I think there's been some explicit discussion around potentially introducing more exit fees or more notice periods around deposits. So, anything you could say with regards to that and also what that means for your competitive positioning versus international peers? Thank you."
UBS,2023-Q3,earnings,2023-11-07,6,"Good morning. Thanks for the questions. I had a one big picture question on revenues and then a follow-up on the operational risk RWA. Big picture, your revenues at the minute are annualizing to low-40 billions or so. Clearly, your target has a number, which is probably USD 50 billion-plus. Just want to understand how you see the revenue bridge from here through to 2027 and what the key moving parts should be, particularly in the context of some of your GWM trends, which at the minute seem to be down before we go back up. And then, secondly, on operational risk, I just want to understand some of the assumptions that are going into your Basel IV guidance there. Clearly there's some uncertainty around ILM. There's a bit of uncertainty about what losses to use in that standardized calculation. So what losses from the Credit Suisse business are you having to carry forward and how does that impact your operational risk RWA? And then, finally, can I just clarify on the Basel 3.1 finalization guidance, is that 5% ex. any moves in operational risk? Thank you."
UBS,2023-Q3,earnings,2023-11-07,7,Can I ask for a better landing point then?
UBS,2023-Q3,earnings,2023-11-07,10,"Yes. Good morning. I'd like to talk about the net new money, especially at CS this quarter, because if I look at extrapolating the quarterly changes in net new money at CS that we've seen over the past two quarters, it seems to point to a run rate where you gain USD 20 to USD 30 billion of net new money per quarter. But then, if I try and reconcile just the month of September from what you had disclosed with Q2, it looks like there's been a slowdown actually in net new money at CS with just USD 2 billion in Wealth this month. So what should I consider as a more normalized level from here? Is it going to be still the pace we saw over quarterly basis or there is a slowdown because the environment is tougher. You probably have visibility there with what happened in October. And the second question is actually following up on this. I know you are going to provide us with the strategic update at the full year, but any hint as to what kind of assumptions you've made in your RoCET1 target towards 2026 regarding the AUM level, especially considering the fact that the market effect is starting for the more negative now. Thank you."
UBS,2023-Q3,earnings,2023-11-07,12,"Good morning. Thank you. I'd like to ask two questions about non-core, if I could. The first one on the RWA outlook, you've had a great start already reducing that balance down quite effectively. The runoff you show in the slide is effectively the natural runoff with no action, but clearly you are taking action. So, is it reasonable for us to expect that rather than being down 50%, it could be down 75% or 100% within that sort of three-year timeframe? It seems that you're on a more aggressive trajectory than that passive runoff that you're showing in the slide. And then, the second question is also about non-core, about the P&L. So you're annualizing in this quarter around USD 1 billion positive revenues and USD 5 billion of costs. I just wonder is that a representative starting point for us to sort of model non-core going forward? And linked to that, how much could that change in 2024? Could we see – will we still see positive revenues in 2024 in non-core? And how much could we expect the costs to reduce in 2024 in non-core?"
UBS,2023-Q3,earnings,2023-11-07,14,"Hi. Morning. Thanks for taking my questions. So just turning to tax. Obviously, we saw some nice RWA reduction, but it was negated by the high tax charge. But at the same time, you're talking about mergers of the divisional structure to enable you to reduce the effective tax rate. I was wondering if you could give us more specificity on when we can expect that to happen. And would that be a gradual process for the reduction in the effective tax rate, or would that be actually a step-down change there? And then, my second question is, you've done a good job on costs, well done there. The exit run rates for the end of the year, I was wondering if you could update us on that."
UBS,2023-Q3,earnings,2023-11-07,16,"Hi. Thank you. Two questions from me. So, the first is, I mean, so clearly the legal entity merger is pretty important in terms of the kind of the costs and the tax and so forth. So, do you mind just reminding us exactly the main pieces and in terms of the timing? So, would you be expecting some of that to happen within the first half of the year or is that kind of second half? And just things that we can monitor to check the progress there. And then, secondly, just in terms of the revenue picture, just into Q4, obviously, there's the commentary on the transactional income and NII. Just thinking – are you thinking the underlying revenues Q4 ex-NCL are likely to be in line with what we've seen in Q3 or slightly better or due to seasonality, slightly worse? Thank you."
UBS,2023-Q3,earnings,2023-11-07,17,"Got it. Thanks. And just on the legal entity piece, so just sorry for my understanding, it's like getting the legal work done and getting the regulators to kind of sign off. And just in terms of the main things that you, obviously, have to get done to do the mergers, is that right?"
UBS,2023-Q3,earnings,2023-11-07,19,"Hi. Good morning. Two questions, please. The first, if you could maybe speak about the profitability of the recovery of funds and assets of Credit Suisse and how that's going, the discussion with clients there. And the second is, it looks like, in particular, non-core significantly outperformed your expectation you set in Q2 in the third quarter. So just wondering, what does it mean for the budget, so to say, you have to, for an accelerated rundown in Q4 and beyond. Thank you."
UBS,2023-Q3,earnings,2023-11-07,21,"Yeah. Good morning, everyone. Just two from me. So, on profitability, clearly better than expected in the quarter. Previously, you'd guided for positive underlying PBT in H2 and breakeven in the third quarter. So, given the third quarter is already quite positive, does that change how we should think about Q4? I guess the old guidance implied a sequential improvement in the fourth quarter in terms of PBT. So just wondering whether that's still the right way to think about that. And then, second, and I appreciate it's a bit of a follow-up to some of the earlier questions on CS net new money. You've given the regional disclosure on a combined basis, but I just wanted to check whether the combined regional picture, sort of Asia strong, EMEA strong, Switzerland more balanced. Is that consistent across both the CS and UBS Wealth franchises?"
UBS,2023-Q3,earnings,2023-11-07,22,"Thanks, Todd. Helpful."
UBS,2023-Q4,earnings,2024-02-06,1,"Yes. First of all, thanks for taking my questions. Looking at the slides, I can put together a revenue picture as you're giving some details around return on risk-weighted assets in the long term, as well as your risk- weighted assets overall absolute. So, I get to about $48.5 billion of revenues, which implies around 70% cost income of $34 billion. And clearly, first of all, I wanted to see if the revenue assumption that I'm making here calculation is reasonable and what underlying scenarios you use to calculate that. And secondly, on the cost side, clearly, even if I assume some kind of growth rate in kind of cost inflation, I still see that most of the cost savings come from your legacy non-core reductions. So, it looks like a lot of flexibility. So, can you talk a little bit about – is my calculation correct to some extent? And secondly, how should I think about the cost flexibility as it seems to mainly come from Non-core and Legacy? That's the first question. If I may, just secondly, on the Investment Bank. You're clearly making a big investment push, and here I want to understand at what point do you see delivery has to be achieved. I think you mentioned end-2026 in terms of revenue improvement, but is there any milestones that have to be achieved order to illustrate that this cost income will continuously improve not just in the first quarter?"
UBS,2023-Q4,earnings,2024-02-06,3,"Thanks. So, first, on slide 28. If I zoom in on 2026, you've guided to an exit run rates of 15% return on core Tier 1. But for the year as a whole, you flagged double digit, which I guess is sort of 10% to 12%. So, just wondering if there's something specific happening later towards the end of 2026 that's causing a sort of big jump up in profitability or perhaps whether I'm just being a bit too pessimistic on assuming that double digit means 10% to 12%? And then second, on distribution. We have the details in terms of what you want to do on the dividend this year, also the comments you've made on buybacks for 2024 and for 2025, but I was just thinking about how you think about the overall payout ratio longer term, 2026 onwards, and the split in that between dividends and buybacks."
UBS,2023-Q4,earnings,2024-02-06,4,"Thank you. And apologies, my video is not working actually so I'm audio only. So, sorry for that. Two questions if I could. So, I think what you said about RWA reductions is very welcome, you know, and the target of $510 billion in the medium term and that frees up a lot of capital, which is really great to hear. You've talked about optimization outside Non-core, so within the core divisions, and I just wonder if you could sort of talk about that a bit more. Just give us some examples of the kind of lazy assets that you think you can cut. So, that's my first question. The second one is back on the capital returns. You talked about 2024 and you talked about 2026 on the buybacks and I just wondered in terms of how we think about what you might be able to do in 2025. Is 14% CET1 the relative – the relevant thresholds? Are there other constraints that will constrain you in terms of what buybacks you can do in 2025? So, does it have to wait for the Swiss integrations to be done? Does it have to wait for non-core milestones? If you just could talk about the constraints that would affect that, that would be great."
UBS,2023-Q4,earnings,2024-02-06,6,"Good morning. Thank you for taking my questions. So, the first one would just be going back to some of the math that Kian outlined at the start. I'm just trying to understand your decision-making process. So, if you look at slide 20, I think you said the 9% revenue to RWA post-Basel IV. So, you're suggesting exit run rate $46 billion of revenues, 70% cost income, $32 billion of costs and that's a couple of billion below the full year 2026 consensus revenues and full year 2026 costs, appreciate we’re comparing exit versus full year there. But with that in mind, could you elaborate on where you've identified the additional cost opportunities given that you previously said $10 billion, you're now at $13 billion and you're on the tape of saying we are sacrificing some topline growth in order to enhance returns. So also, where you've made the decision to perhaps come out of some product areas where there was a revenue opportunity? That's the first question. Second question is on capital return. Again, trying to run the numbers, $510 billion RWAs, 14% core Tier 1. You need to be, on that basis, $71.5 billion in core Tier 1 capital. You're at $78 billion today. So, already a lot of excess capital there, then there's the retained earnings coming through. So, just trying to understand. Are there any other moving parts aside from that amortization in the FINMA waiver between tangible equity and core Tier 1 capital over the next three to four years? Thank you."
UBS,2023-Q4,earnings,2024-02-06,7,It's exactly that. Just trying to get with the capital build. Thank you.
UBS,2023-Q4,earnings,2024-02-06,8,"That's great. Perhaps I could just follow-up on the opening remark, I think you said my revenue calculation was wrong on slide 20. The $510 billion I think is post-Basel IV and in the footnote you said 9% post-Basel IV finalization model update. So, should we be taking $510 billion times the 9% or $510 billion times the 10% on the slide? Just to be clear."
UBS,2023-Q4,earnings,2024-02-06,10,"Yeah. Sorry. Hopefully that works. If you can talk about the path from the 15% to the 18% in 2028 return on core Tier 1 capital. Given you had 15% to 18% before, so how conservative is the timing as well as the 18% compared to your previous range and how much is at self-help versus market? And the second question is a Q4 question. Your net fee generating assets were negative in Q4. If you can maybe elaborate a bit on what's been driving this? Thank you."
UBS,2023-Q4,earnings,2024-02-06,12,"Yeah. Okay. Apologies. Technology is not my specialty. $100 billion net new assets in 2024 and 2025 but that feels like about dividends and interest given the shape of the balance sheet you provide in the slides. So, could you just talk – just expand a little bit on what else the underlying outflows assumptions you're making perhaps on some of the relationships you took over with Credit Suisse whether that's case? And secondly, cash, now 18% of the balance sheet. Very, very high liquidity coverage ratio. Is that something that's just the new run rate or can you bring that down as you complete the complex legal entity restructuring? Thank you."
UBS,2023-Q4,earnings,2024-02-06,14,"Hi. Good morning. You hear me well? Okay, perfect. So, my first question goes to GWM Americas. I think the target is low teens until 2026 and then up to mid-teens PBT margin. So, what strategic options are you taking to structurally lift profitability in this division? I think I heard this – rebuilding the banking platform in-house, but if you can give us more color on that. So that's my first longer-term question. Whereas on the short term, in terms of transaction margins, those are being subdued for a while and especially in Asia. What evidence are you seeing or are you seeing any evidence of that coming back? Thank you."
UBS,2023-Q4,earnings,2024-02-06,16,"Yes. Good morning, everyone. Thanks for the presentation and for taking my questions. I hope you can hear me well. I wanted to first ask on the share buyback restart this year. I was a bit surprised that you make this link between the legal entity merger of the parent banks and the ability to restart the share buyback. Do you see actually a direct link there between Group payout capacity and what happens to the parent bank merger or is it just a short form for you to say if the merger works, that's a good indication that the integration is online, and that's why I can go back to share buybacks? And the second question is on capital requirements. You have obviously presented the plan very much on the basis of the rules as they currently stand, but we also have an upcoming review by the government and we don't know how that looks like. On a confidence scale of 1 to 10, where do you think the outcome will be? Do you think your numbers will still be proven fine after this review or do you think it could change? Thank you."
UBS,2023-Q4,earnings,2024-02-06,18,"Morning. Thank you for the questions. I've got three on capital, one of which is a clarification. I wanted to dig into slide 36, the $15 billion of balance sheet optimization. Clearly, it's talking about net of gross as well. So, can we get a feeling for what the underlying moving parts are because it's clearly going in different directions and whether there's any kind of regulatory securitization type benefit to think about, say non-revenue costing RWA efficiencies to think about on the forward look. And then linked to that, clearly the lower RWA outlook has created lots of flexibility in your plan, but how do you guys think about redeploying your balance sheet if there are profitable growth opportunities particularly given that your stock is trading above tangible book or CET1? And then just a clarification. On the AT1 buildout, it says increasing to 18% by 2029 but I think you referenced 2026 as well in terms of that Tier 1 capital requirement. So, if you just give us color on the AT1 buildout timeline would be very helpful. Thank you."
UBS,2023-Q4,earnings,2024-02-06,19,Could I have a follow-up in terms of what volume of RWA are sitting below kind of your aspiration in terms of RoRWA? Just trying to size the opportunity in terms of recycling your risk weights into high growth.
UBS,2023-Q4,earnings,2024-02-06,21,"Yes. Hi. Good morning. Two questions, please, one on the Global Wealth Management and one on Investment Bank. If you can add a bit more color on the $100 billion net new asset run rate that should rise to $200 billion per year by 2028. So, just wondering how much is reduced impact from business exits or kind of risk appetite, financial advisor leaving, and then how much is, say, acceleration of the platform of a unified platform? And then secondly, sounds like the Credit Suisse bankers you onboarded, pretty low revenues so far. It's picking up the next one to two years. I was just wondering because you mentioned for the markets position that it will be transferred end of Q1, but you also feel that in sales and trading, the Credit Suisse colleagues you onboarded have been underearning and whether they could see an acceleration this year. Thank you."
UBS,2023-Q4,earnings,2024-02-06,23,"Morning. Yeah. Hi, guys. So, most of my questions have been answered, but just maybe going back to NII. You say it will grow again in the second half of the planning period. Am I right in just assuming that's the second half of 2025? So, i.e., kind of NII should decline three to early 2025? And then secondly, you know, one of your peers in the US said that deposit mix changes were kind of ending. Is that what you're seeing as well? And could you maybe just clarify the wider international business, what's going on with deposit mix changes there or what you expect going forward? Thanks."
UBS,2023-Q4,earnings,2024-02-06,25,"Fantastic. Thanks for taking my questions. So, the first one, on capital. I'm really trying to square your RWA guidance with how you feel about buybacks. So, looking at that equation, you know, that $510 billion on RWAs, obviously quite low versus consensus. But if you take consensus capital of, say, $80 billion, $81 billion, then you are looking at about 15.8% CET1 ratio. So, we even get to the conclusion that your buyback potential is quite a lot higher than what you've indicated or maybe your expectation for CET1 capital is maybe materially lower than $81 billion. So, I just wanted to see how you feel about that. And then the second question is on the NII guidance that you've given. Obviously, we've drill down into the deposit mix shift there. But you’ve noted that one of your competitors are also one of the big drivers there has been deleveraging of Lombard loans and I wanted to see if that was actually a big driver for yourselves as well and how this has impacted your thoughts on NII for this year and going forward?"
UBS,2023-Q4,earnings,2024-02-06,26,"Yes. So, let’s say we’re taking that consensus of $81 billion CET1 capital, you’ve indicated $510 billion on RWA. So, that would be 15.9% CET1 ratio. So, actually it is quite a lot of buffer, maybe $5 billion or so above $5.5 billion buybacks that you might be pointing towards for 2026. So, you know, there’s either a lot more capacity for you to actually push up your buybacks there or maybe you’re thinking that CET1 capital might be a bit lower than what consensus think. So, I just want to see what you think about it."
UBS,2023-Q4,earnings,2024-02-06,28,"Yes. Morning. I have two questions, please. Two on Wealth Management. The first one would be on your pre-tax profit margin targets in the US. You're targeting mid-teens by 2026 and still significantly below what your US peers are doing. So, I wanted to know what kind of levers you can pull through to have this convergence towards the profitability levels that we are seeing of the US peers. And the second one will be on the net inflow that you are targeting. Is there any geographies where you see the most potential or where you are the most excited about where you – where the CS merger is bringing new capabilities and new outlook? Thank you."
UBS,2023-Q4,earnings,2024-02-06,30,"Yeah. Good morning. Most of my questions have been answered, but maybe just a final one on litigation. Just whether there's anything in the plan for a sort of a business as usual normalized charge for litigation. I know you've taken a lot of adjustments on CS acquisition and you've gotten the $4 billion of balance sheet reserves at this stage, but having had a good chance to look at the case book at this point. Is there anything in there which you think might still burden the P&L over the course of the targets that you’ve laid out this morning? Thanks."
UBS,2024-Q1,earnings,2024-05-07,1,"Yeah. Thank you. Good morning. A billion dollar beat in the quarter. I never did quite get the hang of forecasting lark. Just on that then -- so non-core, very strong performance and appreciate the updated runoff profile you give us on slide 6. Is there any reason that you're just reverting to natural runoff or can we expect continued sales if markets stay favorable because clearly there's quite a meaningful driver of the very favorable capital ratio and the interactions of all of those. And then secondly, the project to improve the revenue to risk-weighted assets in wealth management, are presumably, you wouldn't represent the Q1 performances kind of the payoff of that project is? It's too early but just what's the profile of that project? How long is that repricing sitting on the net new asset generation and has it started? Thank you."
UBS,2024-Q1,earnings,2024-05-07,4,"Yeah. So two for me, by the end of the year, I guess, you'll be effectively halfway through the integration process in terms of gross savings. So as you get through that process, are you starting to get a better picture of what you could expect for the net savings figure in relation to the 13 billion? Todd, I think you mentioned the majority earlier. And does that change at all the phasing of the multi-year return on core tier 1 path you laid out the full year? And then second question. Sergio, you referenced earlier that insufficient capital didn't cause the collapse of CS and I guess, in the final instance, what we really saw was a crisis in client confidence that drove that liquidity shortfall. So when we talk about capital distribution, it's sort of automatic to assume that higher or earlier capital distribution, results in lower capital ratios, which in turn, reduces resilience. But when you talk to clients, how important is that distribution ambition as an indicator and driver of confidence in the business i.e,. like could you argue that ultimately aligning your distribution strategy more closely with the distribution policies we see elsewhere in European financials, actually increases client confidence in the business and improves resilience. There's a big perception difference basically between the firm that’s buying back stock versus a firm that’s issuing stock?"
UBS,2024-Q1,earnings,2024-05-07,6,"Yes. Thank you for taking my question. I have a lot of detailed questions, but I wanted to ask two questions actually to Sergio, if I may. The first one is Sergio, your first comment on the call today were, we were asked to do a critical role in Switzerland. And -- the key here is you were asked to buy a distressed asset, a G-SIB asset and when you buy something, which you are asked to buy, you clearly are in control of the process. And I would assume just like you do in an M&A transaction, you know that better than me, you have a MAC clause and in this instance, I would assume after all the financial crisis issues that we had in 2012-2013 with mergers by regulators, there would have been an agreement that there's not over-regulation for UBS post the NewCo transaction. And I wanted to see if there's anything like this. The second question I have is Sergio you also comment that the assessment of capital will be based on what the final outcome is once we better know the outcome of these regulations. And one option is also to look at your legal entities and maybe close some of the legal entities or exit, and clearly a lot of capital is tied up in the US. They make lower returns if I look at US wealth ex-LatAm as well as the US IB, I assume its lower returns. So one option would be a restructuring or exiting of markets to rather than reducing capital return. I wanted to see if that is also an alternative. Thank you."
UBS,2024-Q1,earnings,2024-05-07,8,"Yeah. Hi. Good morning. So two questions from me as well. The first one just going back on the capital proposal again. And you said, you were not consulted on this document and you need to see what the final proposal looks like. So looking forward, what are the next steps? Do we need to wait until June or are you now part of the discussion, do we expect to have more clarity throughout the year? That's the first question. And then the second question more related to the quarter, there was some performance in transaction fees better than I expected in wealth. I'm wondering, is this just a transitory Q1 thing or is this continuing and what should we expect there? Thank you."
UBS,2024-Q1,earnings,2024-05-07,9,"June 2025 I meant, sorry."
UBS,2024-Q1,earnings,2024-05-07,11,"Thank you. Good morning. Two questions, please. One is, you talked about the Investment Bank and the core businesses that you've retained from Credit Suisse and the people you've brought over. I just wanted to – are they now fully productive in revenue terms? Or is there some lag still to come through, as those people ramp up? Are they up to speed already at this point? And then my second question is sort of, again, on the capital theme. I saw in the report, you reiterate your intention to do the 1 billion of buybacks in the second half of this year. I guess, that's a small enough amount that you can do it pretty much regardless of the new capital proposals. But I just wanted to hear your thoughts on that."
UBS,2024-Q1,earnings,2024-05-07,13,"Good morning. Two questions please, basic follow ups. Firstly on the Non-core result, obviously a tremendous result both in terms of the RWA run-down but also the gains that you've booked during the quarter. Thank you for the revised guidance for the full year. I just wanted to better understand the source of those gains in Q1, I think you said conduit and corporate loan books and longevity portfolio. You then don't expect that to repeat going forward. Is that because the low hanging fruit has already been achieved or because you're now selling a different type of asset, or anything you can elaborate there will be helpful. And then the second question, thank you for the opening remarks, Sergio. On the parent bank capital, I just wanted to check, the 9 billon you referenced, is that in relation to a 400% risk-weight on foreign subsidiaries, or is it the 300% as it currently is phased? And then more broadly, a question to the both of you, in the event that the risk weight on foreign subsidiaries does go up, to what extent do you think you can mitigate that through the fungibility of capital, dividend, trapped capital and so forth? Thank you."
UBS,2024-Q1,earnings,2024-05-07,14,"And the ability to mitigate any increase in the foreign subsidiaries going forward? Assume it’s something you're already working on given the already base increase, to what extent you think you could accelerate that."
UBS,2024-Q1,earnings,2024-05-07,16,"Yeah, thank you very much for taking my question. I'm just – I'm sorry to follow up, just one thing. I mean, is it fair to say that a result of the uncertainty and not really changing any step in your strategy and execution of the merger and specifically, with Q4 results, you mentioned, the potential amortization of additional DTA, just confirming this – at the current stage, this is going ahead. And then on the net new assets, the 17 billion [edit: 27 billion] in Q1, that’d be running below, if I were thinking about $100 billion for this year – should it be rather than 100 billion this year, is it more like the 200 billion over the years – or two years – and more backend loaded towards the 2025 to reach the 200 billion? And has the decline in relationship managers had any impact on the net new assets growth in Q1? In the past, you gave us some numbers about departed relationship managers and the assets they have taken with them. Is that the case, as being relatively low? Thank you very much."
UBS,2024-Q1,earnings,2024-05-07,17,Thank you. Can I just ask on the DTA please? Are you reiterating that we expect to convert that 2 billion and the 500 million you talked about with Q4 results?
UBS,2024-Q1,earnings,2024-05-07,19,"Hi. Good morning. Two questions, please. One on your favorite topic, capital. Just conceptually, trying to understand, because when the press it’s reported, or the Minister of Finance speaks, about capital, and we naturally assume it’s CET1 capital, but do you think it could also partially include additional tier 1 capital, which might make it more manageable for you? And then secondly, on your Global Wealth Management net new loans in the quarter, another decline, it’s very similar to the Q4 decline. Just trying to reconcile that with your risk appetite returning statement – being conscious of the yield curve’s still not favorable but wondering if it's also more of a risk alignment still going on in the background, which is why your outstanding remains negative? Thank you very much."
UBS,2024-Q1,earnings,2024-05-07,21,"Yeah. Good morning. Thanks for the questions. Just two from me, just coming back on the cost issue, and the costs take out in the quarter in the NCL unit. I mean, it's quite impressive, you're down 26% quarter-on- quarter. And the cost takeout seems to be tracking more or less in line with the asset reduction. Just, I mean, the question is, should we expect that sort of linear relationship to continue or was it something particular in terms of frontloading costs takeout in the first quarter in NCL? And then the second question is back to regulation, not on capital but just wondering if there's anything in any of the remarks, comments, reports, published by the Competition Commission that we need to be mindful of, just in terms of the domestic market shares of the new group. Thanks."
UBS,2024-Q1,earnings,2024-05-07,23,"Hi. Morning. So just a quick one on Wealth Management NII, I think you were baking in three US rate cuts for this year in your guidance. If that was zero, what would that – or how would that alter your guidance? And then secondly, on the treatment of software intangibles, I suppose it's fair to say it gets a bit more of a benefit relative to your European peers. I mean, if you were to align the rules with Europe, what sort of impact would that have on your capital? Thank you."
UBS,2024-Q2,earnings,2024-08-14,1,"Hi. Good morning. Thank you for taking my questions. I'll ask two, please. So my first one, thank you very much for the guidance on NII in GWM which was something the market was looking forward to. Can I just ask a clarification? If you look at the current forward curve, when do you expect NII to bottom exactly? Do you think second half 2024 and then we can grow, or possibly first half of 2025? So that's the first question. And then the second question is, instead, on the capital of the parent and in particular the CSI, it seems to have a lot of excess capital and upstreaming that could reduce the impact of – the potential impact from the proposal in Switzerland. Can we expect UBS to upstream some of that capital or how are you thinking about excess capital at subsidiaries? Thank you."
UBS,2024-Q2,earnings,2024-08-14,3,"Good morning. Let's just drill down to the areas where you've perhaps delivered ahead of expectations. So firstly, on the Non-core, another successful quarter of actively reducing the RWAs and some further gains on some of those division exits. You're now talking about narrowing that gap in the natural runoff. So based on the natural runoff you’ll be at 6% and you're aiming for 5%. So I think that is only another USD 5 billion inside of active RWA management in that business. And now you alluded to the close of the US mortgage servicing business will get you some way towards that. So, should we assume that active management within the NCL book is now largely complete or will be largely complete by the end of this year? And then my second question is just on costs. Previously, I think you were expecting to be at 50% by end 2024. You're now 55% guiding by end of 2024 of the total cost saving target of next so USD 500 million of cost saves you realized earlier than expected. Which division is it that these cost are coming through earlier than expected? And in your mind, is it purely just a timing issue that coming through earlier as opposed to a quantum issue that you're delivering more cost savings than expected? Thank you."
UBS,2024-Q2,earnings,2024-08-14,4,That's clear. Thank you. I guess the follow on would just be your previous guidance was for a typical run rate of close to zero revenues from NCL per quarter and presuming that's unchanged?
UBS,2024-Q2,earnings,2024-08-14,6,"Hi there. Thank you. Two questions, please. First one, just follows on from just exactly what you were talking about there, the guidance for the P&L drag from NCL. Obviously, it's going better than expected, which is great to see. What would we expect now – previously you were talking about USD 2 billion P&L drag exit rate in 2025 and then USD 1 billion exiting 2026. And obviously it's going much better than that with sort of a UBS 1 billion drag in the second half that you're integrating. What should we expect for 2025? And could the NCL drag be finished within 2025 rather than carrying on into 2026? Any update on that would be really helpful. And then my second question, just a more sort of specific one on investment banking costs. They drifted up a little bit more than revenues in the second quarter, it's not a big move, but the cost income deteriorated against those strong revenues rather than perhaps you might have hoped it could have improved a little bit. So, any comments on the drivers, whether there's any one-offs in there or anything unusual, just how we should interpret that IB cost number, please"
UBS,2024-Q2,earnings,2024-08-14,7,"I'm sorry, speaking Q-on-Q, I think the costs are up 3% and the revenues are up 1%. So, I was thinking more Q-on-Q."
UBS,2024-Q2,earnings,2024-08-14,8,Which is variable. Okay.
UBS,2024-Q2,earnings,2024-08-14,10,"Yes, thanks for taking my questions. The first one is related to Wealth Management. First of all, thanks again for the disclosure. I hope some of the US peers are listening as this was very helpful relative to what I heard before from US peers. Sweep deposits last Disclosure was $35.7 billion. I was wondering where we are roughly right now in the US entity? If you could also share – share with us the advisory part of that so we can kind of understand the adjustment factor and what rate you are paying now versus what rate you will be paying for the fee deposits on this advisory mandates? And in that context, if you could briefly talk about lending, which was down ex-US, just to understand how much of that is related to adjustments of your offering to the CS client versus actually losses in lending? And then the second question is on legal entity on page 19, a very useful chart. And you talk about further legal entity simplification in the US as well as the UK legal entity going into a branch, I was wondering what capital relief you expect from that or maybe even in subjective terms, if you can talk a little bit about the changes that will happen in when you describe it here on the page."
UBS,2024-Q2,earnings,2024-08-14,11,And it's not just on sweep. I know that Morgan Stanley has confirmed 2% rate to be paid. Should we look at similar rates and could you just also remind us of where we are on the sweep volumes at the moment? Last number we saw was $35.7 billion?
UBS,2024-Q2,earnings,2024-08-14,13,"Yeah, thank you very much for taking my question – questions. The first one is just on the Basel IV impact of the USD 25 billion on the 1st of January 2025. I guess you said you will give us a bit more detail with potentially before year-end. But I mean, you previously talked about a USD 15 billion net of, yeah, Non-core rundown. Do you have a – can you give us a better indication of how the USD 25 billion will actually look on the 1st of January 2025? And then, sorry, coming back on the NII guidance, just confirming the P&C reiterating of guidance that's on the US dollar basis rather than Swiss francs. And just conceptually, I mean I see, I mean, you now assume more rate cuts than before, but the guidance is reiterated. Can you just maybe highlight what the missing pieces that allows you to reiterate guidance? Thank you very much."
UBS,2024-Q2,earnings,2024-08-14,14,"Sorry, just to follow up. So on the 1st of January 25, as the 25 – I mean, the 5% increase in RWA or should it be lower because some mitigation or NCL run down has already kicked-in or reduced the impact?"
UBS,2024-Q2,earnings,2024-08-14,16,"Yeah, good morning and thanks for taking my questions. So first, you've guided for banking to generate almost twice the baseline revenues by 2026 assuming supportive markets. So, obviously performance was very strong in the second quarter. But then we saw this period of elevated volatility at the start of August. Has that changed anything in terms of how close we are now to supportive markets? And how would you expect the recovery to progress through the second half of this year? And then second question, just on profitability, at the start of the year, you said you'd expect to get to around 45% of the USD 13 billion gross savings by the end of 2024, and you've got that by the end of the first half. And you also guided for mid-single-digit underlying return on core tier one this year and mid to high for next year. Consensus is at 6% for this year and 9% for next year. But in the first half you're already above 9%. So how should we be thinking now about the path for underlying return on core tier one through 2024 and 2025?"
UBS,2024-Q2,earnings,2024-08-14,17,"Hi. Thank you. Thanks for taking my questions. So one, just to follow up, just to make sure I also had some of the previous guidance correctly. And I think you mentioned the cost of the reprice on sweep to be about USD 50 million annually. And so, I mean, I guess, given the one third advisory disclosure, that would imply only, you know, just over 40 bps of incremental cost on that portion and effectively nothing on the rest. So, I mean I was just kind of curious, I mean, in a way that you could continue to see outflows, so I'm wondering what the capacity is for the group to replace that funding at similar cost? And then also just linked to that, if I look then at the total sweep and the cost of the sweep, it seems like that the earnings are pretty similar to what Wealth Management Americas generates. So I'm just kind of curious how you think about Wealth Management Americas profitability and with some of these headwinds, how you think you'll get back to that mid-teens operating margin? And then secondly, just curious on the parent, you know, is there any scope to shift exposure from foreign participations to domestic in addition to capital repatriation? And, you know, whether that can be reflected in participation values and, you know, if there is potentially will change coming. Thank you."
UBS,2024-Q2,earnings,2024-08-14,18,"Hi, good morning. Two questions, please. So the first one on GWM in particular, America, the cost/income ratio remains above 90% and it was better during low interest rate times. So just wondering with the mix shift from NII, and NII falling [indiscernible] most likely, you see upside to year-end 2026 cost/income ratio improvement in target. And then secondly on the capital side, you obviously have the group guiding for 14% CET1, but you see the 12.5% more the binding constraint and that's the first half of the question. The second, with Switzerland being the only geography introducing FRTB and not delaying it, do you think that's the final piece of the puzzle in terms of higher capital requirements for you? Thank you."
UBS,2024-Q2,earnings,2024-08-14,19,"Thanks for that. This was in particular on the Americas for GWM Americas, but you probably won't see much of a cost save benefit, but correct me if I'm wrong. Yeah, indeed from the 90 – from the 90% right now, more towards the 85%, accelerate with the different revenue mix?"
UBS,2024-Q2,earnings,2024-08-14,21,"Hi. Thanks for taking my questions. Just – what do you assume in terms of loan and deposit growth in the Swiss business NII guide and your GWM growth in the second half of the year? And then secondly, how do you see deposit mix shift and deposit betas evolving within that guide as well? Thank you."
UBS,2024-Q3,earnings,2024-10-30,1,"Yes, thanks for taking my questions. The first question is on buyback in 2025. The second quarter stage, you were not commenting yet on buyback. Clearly, that changed at a recent conference and reconfirming this, Sergio, today as well. I just wanted to understand what the thinking is in terms of changing the buyback view in 2025 and how that fits into the regulatory regime changes that might come in the future. And in that context, if you could just also indicate if you will make any comments with the full-year results, as you will give us a buyback for 2025, how that fits with regulatory changes, especially I’m referring to the parent bank capital issue? And then the second question is on US wealth management. Are you seeing a peak in yield-seeking from depositors at this point? And we're hearing from US peers that there are some stabilization in sweep accounts. So I'm just trying to understand how lower rates will impact sweep, but also potentially impact loan growth, as I can see it's flattish in the quarter."
UBS,2024-Q3,earnings,2024-10-30,3,"Yes, so good morning, everybody. Just two questions from me. So 2025 profitability, you've guided for high single-digit return on core tier 1. Consensus is at 9%. You're already at 9.2% in the nine-month stage this year. So how should we be thinking about the outlook for returns and earnings growth in ‘25 versus ‘24? And also, any specific items to be aware of in the fourth quarter that could bring the ‘24 return on core tier 1 down meaningfully from what we've seen so far this year? And then second, and again, it's a bit of a follow up on US wealth. So 12% pre-tax margin in the quarter, are there any one-offs in that number? And you've highlighted before your desire to bring, you know, a broader suite of products and capabilities to clients to drive that margin up towards the mid-teens target. What are the key signposts we should look out for you to sort of be delivering on that strategy? And given the comments yesterday from Colm on M&A, how does M&A fit into that strategy as well? Thank you."
UBS,2024-Q3,earnings,2024-10-30,5,"Yes, hi. Good morning. So two questions from me. Todd, you mentioned some balance sheet optimization efforts that have lifted revenues over RWAs by 3 percentage points. I was wondering if you could shed some light on, you know, these measures and how much is left to come? I think in Q4, you highlighted some NII [ Edit: NNA ] impact, and I was wondering how much of that has already come through? And then aside from the quarter, and going back to the US wealth business, in my understanding, once you get to 15% PBT and once you have done with the CS integration, you could consider some inorganic growth opportunity to further improve margins. But isn't this at odds with the Too Big to Fail proposal the way it is written at the moment, which sort of penalizes growth in foreign subsidiaries? And how do you square the two? Thank you."
UBS,2024-Q3,earnings,2024-10-30,7,"Hi, good morning and thank you very much for taking my questions. The first one I wanted to ask is, I noticed that your sensitivity to a downward shift of the yield curve has actually come down a lot. In the second quarter, you guided for minus 1.5 billion. Now it's only 300 million, and that is despite the fact that the rate environment hasn't changed dramatically during the third quarter. Could you maybe explain what has changed then? And another question not directly related to the results, but there were stories that you might be interested in some kind of joint venture in India, potentially with a player called 360 ONE. You may not be able to comment on this specifically, but hypothetically, would this be indicative of any strategic desire to shift more onshore and more into potentially lower wealth brackets if you contemplate such a move? Thank you very much."
UBS,2024-Q3,earnings,2024-10-30,9,"Morning. Thank you. Just a couple of follow ups on wealth management actually and they’re both things that you've touched on, but I just want to get into a bit more detail. The first one was on advisor numbers, which are coming down a little bit more, sort of as expected in this quarter. But I just wondered where you are in that process and what the outlook is for, you know, how much more reduction in advisor numbers do you expect? And is there a point at which that returns to growth mode, or does it stay in optimization mode for a continued period of time? So, advisor numbers. And then the second question was just to talk a bit more about Asia in wealth management. You referred to the stimulus, you referred to the pickup in transaction activity, so I just wondered where you think we are in that process? And for example, whether you're seeing signs of re-leveraging and just how much improvement you see ahead of us in that Asia process?"
UBS,2024-Q3,earnings,2024-10-30,11,"Hi. Thank you. Yeah. So two questions for me, also one on the US wealth business. I found it really interesting, the commentary about potentially looking at acquisitions. I guess what I'm just wondering is then, you know, from a strategy standpoint, if part of the issue in terms of operating margin is the scale and the cost base relative to the revenues, you know, is it now then the case that it's cheaper to acquire than to simply just hire? Because, you know, the US, you know, as you say, is, the focus has been on productivity, reducing FA numbers. So I'm just trying to think, is that because, you know, these 400% recruitment deals are now just too expensive to make it worthwhile, but it's actually just cheaper to buy an organization? And then secondly, just going back on the deposits and the roll-off of the fixed term deposits within wealth, I'm just curious, were those kind of written 12 months ago and, you know, were those done at, kind of, quite high rates? So just curious if there's also potentially some of that effect into Q4 and start of next year? Thank you."
UBS,2024-Q3,earnings,2024-10-30,12,"Hi. Yeah, thank you very much for taking my question. Just two small ones on capital, please. The first one is on the core tier 1 ratio staying, I mean ex the accelerated amortization, stable quarter-on-quarter. And that's in spite of a really strong, like, profit capital generation. I mean, I realized there are a number of things going on, including FX, but is there something else we should keep in mind that only means the capital ratio is flat or you're investing more capital into organic growth? Otherwise, I guess given the strong earnings, the expectation will be the capital generation drives the ratio higher. And then secondly, just on the Basel IV impact, just to confirm, would that be at the UBS AG, would the impact be around 30 basis points as well? Thank you."
UBS,2024-Q3,earnings,2024-10-30,15,"Hi, good morning. Thanks for taking my questions. A couple, both related to revenues. Firstly, coming back to the US sweep deposits and repricing. Thank you firstly for the additional color around the slightly less than 50 million PBT impact. But can I ask if you could possibly break out revenue gross impact versus the cost save offset on that? And also, do the class action suits in the SEC probe have any implications on pricing dynamics in your mind for the industry as well as for you going forward? And then the second question actually on loans, if you adjust out for FX, you've seen a CHF 10 billion decline Q-on-Q. You reiterated this point about committing to CHF 350 billion loan book across P&C and GWM Switzerland. You're now running a bit below that, I think you’re closer to CHF 340 [billion]. So, just to be clear, is the CHF 350 [billion] a commitment throughout this period or is it a case of you expect to trend down and then recover back to that CHF 350 [billion]? Thank you."
UBS,2024-Q3,earnings,2024-10-30,16,"Yes. Good morning. Two questions, please, from my side. First on Investment Bank. You outperformed across equities and fixed income, would just be interested in a bit more color, what you attribute to between the two? Is it lower base, is Credit Suisse now fully at revenue run rate or business mix? Anything else you would flag? And then secondly, GWM and also P&C net interest income outperformed your own guidance. Just wondering why that was in your view and why the Q4 guidance could be conservative or not? So what could be worse this time? Thank you."
UBS,2024-Q3,earnings,2024-10-30,18,"Good morning, guys. Just got two questions. One is a follow-up on the previous investment bank question. But in terms of the global banking business, I mean, you're still showing good year-over-year momentum, but much weaker quarter-on-quarter I think as you guided into 3Q. But could you just talk about how you're thinking about execution of the pipeline, given market conditions in the fourth quarter and prospect of further volatility? And then the second question is on NCL so, again, as you've guided the slowing of the pace of RWA growth, you're about just under 5 billion this quarter from 8 billion last quarter and 16 billion in the third – in the first quarter. So would it be fair to draw from that, that the opportunities to actively run off the portfolio are fairly limited at this stage and we're really on to a natural roll off path from here? Thanks."
UBS,2024-Q4,earnings,2025-02-04,1,"Yeah. Good morning, everybody. So on integration, on the one hand, you ran ahead of plan in 2024, clearly, the RoCET1 has ended up much better than expected, but on the other hand, you're also guiding to around an extra 1 billion in cumulative integration cost by year end 2026 with an unchanged exit rate on returns. So, I guess, to what extent can we characterize this? Is it essentially the easy part of the integration has now come to an end and now the hard work on decommissioning and data integration begins, i.e., have we seen, have we sort of front loaded the integration tailwinds or is there still scope to outperform here over the next couple of years? And then second, on capital, you have the caveats on the buyback target that this is on the basis of no material and immediate change in the current capital regime. What's your assessment of the likelihood that such changes could be both material and immediate, versus the potential for them being material, but with a long phase in or smaller than expected, but with immediate applicability? And what is your best sense on when we might get final clarity and resolution on this topic? Sergio, I think you mentioned earlier that the public consultation begins in May. Thank you."
UBS,2024-Q4,earnings,2025-02-04,3,"Sorry. Yeah. Thank you much for taking my question. Two questions, please. On the first one coming back to the too big to fail was, I mean, you stressed a few times the potential impact on your return currently, on your current assumptions based on 14%. I know there's a lot of uncertainty, but do you think considering depending on the outcome, you will have room to offset your ROE dilution for more capital requirements? And then thank you on the US wealth management operation, a few details here. I'm just wondering obviously you talked about improving the performance of the US operations a few times before. So what will be different this time that this will work out? Thank you very much."
UBS,2024-Q4,earnings,2025-02-04,5,"Yeah. Morning. Thank you. Two questions, please. Firstly, just to sort of revenue in the quarter, the capital markets growth. So ECM and DCM was a bit less than some of the peer groups, 11% year-on-year. I just wondered if there's any mix reasons for that or if there's any sort of delay still in Credit Suisse teams becoming fully productive. So just a question on capital markets revenues. And then second question is on the foreign subsidiaries topic. It sounds like you've reduced the UBS Americas CET1 ratio to around 20% from the previous 27%. In the past, you've run that anywhere from 14% to 22%. Is it realistic to think about going back into the mid to high teens in that subsidiary on a, say, five-year view?"
UBS,2024-Q4,earnings,2025-02-04,7,"Yes, thanks for taking my question. I really only have question regarding the key slide 32. Sergio, I get the message: don't get overexcited in terms of how capital would be repatriated and solve potentially a capital issue. But if I look at slide 32 and I got very excited when I saw the 13 billion, but clearly, it hasn't ended up in the parent bank. It has been further upstreamed. It looks like it. And I'm just trying to understand the rationale of the upstream and also trying to understand if there's room to downstream again, if necessary. And in that context and also trying to understand how much more capital is there in CS International? It should be something like 5 billion to 6 billion from what I calculate. And if there's any other subsidiaries that you would highlight, where there's room for potential further upstreaming into the parent going forward? So really just trying to square the process. I'm a little bit confused in that sense and if you could help me, I would really appreciate it."
UBS,2024-Q4,earnings,2025-02-04,8,"Sergio, just to add. I'm a bank analyst. I can get excited very quickly so just to put in context."
UBS,2024-Q4,earnings,2025-02-04,9,"And just on double leverage, how much of the 13 billion do you actually require for double leverage and how much do you allocate for payback to shareholders? So we just get an idea how much is potentially excess in the holding, if there's any."
UBS,2024-Q4,earnings,2025-02-04,10,"Thank you. Okay. And just on the 6 billion in the CS International, roughly 5 to 6 billion, is that correct, that's what's remaining?"
UBS,2024-Q4,earnings,2025-02-04,12,"Yes. Hi. Good morning. Thank you for taking my questions. I have two. Going back to slide 31 on the Non-core deleveraging, how is it possible that, if I exclude op risk, which I understand is driven by a formula, that's fine. But on credit and market risk, capital risk came down by 42 billion since Q2 2023, and now you only plan to cut 7 billion in 2025. Why wouldn't we expect a faster deleveraging there given the market is still very supportive? And then secondly, thanks for all the additional detail on the GWM in the US. On the NII discussion in that division, which I look forward to the disclosure in Q1 - I guess having operating under a national charter other than Utah would help. But how quickly do you expect to get that license, please? Thank you."
UBS,2024-Q4,earnings,2025-02-04,13,"Got it. But is it fair to expect that, you know, three years longer, shorter?"
UBS,2024-Q4,earnings,2025-02-04,14,Understood. Thank you.
UBS,2024-Q4,earnings,2025-02-04,16,"Hi. Yes, good morning. Thank you very much for taking my questions. I wanted to ask about the US wealth management plans, please. It looks like you're tilting away the business mix from the high end of the market towards more affluent and lower wealth brackets, which is pretty much the opposite of what you've been trying to achieve over the last 20 years, I would say. What has changed? Why are you coming to this different assessment of the relative attractiveness of different wealth brackets in the US? And the second question, I just wanted to make sure that I understood this correctly. The share buyback plans and aims that you outlined, they are not yet accrued and deducted from CET1 capital at the year end, isn't it? Thank you very much."
UBS,2024-Q4,earnings,2025-02-04,18,Okay. Yeah. Just to quickly follow up on the first part of the question. Is the 1 billion share buyback plan also not deducted from CET1 capital or is it?
UBS,2024-Q4,earnings,2025-02-04,20,"Good morning. One follow-up on GWM Americas and then perhaps I can touch on P&C, NII. On the GWM Americas, you highlighted a couple of times how you are adjusting the FA incentives to align them better with your strategic goals around net new money, sign acquisition and NII growth. I bet if you can just elaborate a bit more there on exactly what changes you are making, how you think those changes compare to your US peer group, especially given your comment in the near term it might lead some FA attrition and lower net new money? That's the first question. Second question on the P&C NII, it obviously has been of your biggest headwinds. You're guiding to, I think that was, well a much more pronounced drop this year than last year. But you're still expecting it to plateau after the second quarter. So if I just ask, what are your rate assumptions? Take the SNB rate. And I think you made a comment that it should plateau regardless of where the rate trajectory is thereafter. So perhaps if you could elaborate on that. And then also what your loan assumptions, given that your loan balances shrunk by another couple of billion this quarter. Thank you."
UBS,2024-Q4,earnings,2025-02-04,22,"Hi. Thank you and thank you for the clarifications on the capital. I've got just a couple of questions again on the US business. And so I guess, one, I was just wanted to understand a bit better, you know, as you get to the 15% PBT margin in 2027, you know, what is the kind of plan or thought process in terms of getting to kind of peer levels or 25%, 30% operating margin in the future or do you, I don't know if you think peers are overearning? But what the step is there? And if, you know, building out the more comprehensive banking offering and delivery model is part of that, but what cost is involved in that? And then secondly, also just curious, in terms of the PBT margin that you're targeting to sustain in 2027, I think previously you were talking about mid-teens in 2026. So just to check, is that slightly later or is it the same basic expectation? Thank you."
UBS,2024-Q4,earnings,2025-02-04,23,"Thank you. Can I just follow up just in terms of that investment and in terms of points of operating margin, would that be kind of 2, 3 or 5 percentage points of operating margin that you're investing in those years or just to think about thereafter, how much could potentially drop out or how much is just ongoing investment?"
UBS,2024-Q4,earnings,2025-02-04,25,"Good morning. It's Antonio from Bank of America. Two questions for me, please. Actually, it's two follow-ups, really. One on capital and one on the P&C. So you've repatriated the 13 billion capital at the parent company this quarter. And despite that, your CET1 ratio at the AG level was only up 20 bps or so Q-on-Q to 13.5% now. Could you please explain why that was the case and maybe talk us through the moving parts? I'm sorry if it's a repetition, but I think it's important. And the second question is, again, a follow-up on your Swiss business. You've talked about your NII guidance. Can you just remind us your sensitivity to rates and hedging structure in Switzerland? And more in general, what flexibility would you have to mitigate some of this trend on NII with the rest for the P&L? You've alluded to more cost synergies. So if you can share a little bit more about the moving parts of the P&L, that would be that would be super helpful. Thank you."
UBS,2024-Q4,earnings,2025-02-04,27,"Yes, good morning, everybody. I just got two follow-ups. One, I just wanted to make sure on if I got the message correct on client risk appetite. I mean, you've talked about the move into sweep accounts and obviously the fourth quarter NII was much better than we anticipated. But then on the transaction side, you're little bit below street expectations. When I look at the loan number, that's still declining. So just appetite for re- leveraging and sort of look forward on the client activity into the first quarter. Can you comment that, please? And then just a technical question maybe on the Basel III final outcome. I mean, I said it's basically no change to CET1. I think you had guided to a 30 basis points impact originally. So what's moved in your favor on implementation of Basel III final that's caused a delta? Thanks."
UBS,2024-Q4,earnings,2025-02-04,28,"That's perfect. Thanks. Just on global banking, you mentioned a 20% change in pipeline, was it up or down? I didn't catch that."
UBS,2024-Q4,earnings,2025-02-04,29,"21, okay. So in any case, to handle in front so..."
UBS,2025-Q1,earnings,2025-04-30,1,"Good morning. Thanks very much. Firstly, just a basic one. The fact that you're accruing the whole of the 2025 share buyback suggests that you intend to do that almost regardless of what the draft rules look like when they’re published in June. Is that a fair interpretation? And then my second question is a bit broader. Could you talk about how your wealth management clients in different regions are reacting in April post the tariffs in the US? Are they doing more with the bank or less with the bank? What are their risk appetites? If you could talk about that, that would be great. Thank you."
UBS,2025-Q1,earnings,2025-04-30,3,"Yes. Hi. Good morning and thank you for taking my question. So, the first one, I was surprised to hear that there is re-leveraging in Asia. That's quite a positive development. And I was wondering if that has carried through also in April or was it only a Q1 phenomenon, and then got shutdown by the tariff discussion. And then the second question instead, of course, I have to ask on capital, and May is the next catalyst there, or at least we will learn something there. Is there any development that you can share with us in terms of what to expect, and what will go under government ordinance, what will be put to parliament, yeah, any updated thoughts would be helpful. Thank you."
UBS,2025-Q1,earnings,2025-04-30,5,"Yes. Thanks for taking my questions. I wanted to come back to US wealth management. If you could maybe run – you clearly have done some strategic changes around the US wealth management business, both on compensation, but also incentives, et cetera. And if I look on a year-end basis versus now, you have reductions in advisers. I just wanted to see where should we think adviser numbers to go to in US wealth. And how should we think around the net new flows but also impact in that respect because you made some statements in the last quarter that could be a deterioration, but also in terms of improvement in pre-tax margin. So, a bit more of a holistic approach around the changes that you have done and the impact. And then secondly, just coming back to the Federal Council report, can you just take a step back and just give your current views around your positioning against other banks, but also potential offsets that you can think about in order to offset some kind of additional capital requirement, even in big picture terms, if you could talk about that?"
UBS,2025-Q1,earnings,2025-04-30,6,"Yes, Sergio. I left it open on purpose, just to see, leaving the floor open to some extent."
UBS,2025-Q1,earnings,2025-04-30,7,"To see what – yeah, what you can tell us and your thoughts about it, because it is clearly a very open question. It's very difficult for us to look through as well."
UBS,2025-Q1,earnings,2025-04-30,8,"And Sergio, just very quickly, do you expect enough clarity to assess with that report?"
UBS,2025-Q1,earnings,2025-04-30,10,"Hi. Good morning. Thank you very much for taking my questions. I have two on capital, please. The first one on the parent bank, the fully loaded CET1 ratio was I think down by about 60 basis points during the quarter. Was there anything particular to highlight that happened during the quarter? And the second one, a bit more, let's say, strategic. The risk density in the group has actually come down quite a bit. And it's now a bit below 31%. And I think the hope was always in a way that Basel IV would kind of lift this risk density towards 35%, where it doesn't matter anymore whether leverage or risk-weighted assets drive your capital requirement. But now it's 31%, it looks like you're quite deeply constrained by leverage, not risk weighted-assets going forward. Do you expect this to change at all from what you can see? And if not, does it have any impact on the way that you run your capital management going forward?"
UBS,2025-Q1,earnings,2025-04-30,12,"Yes. Hi. Good morning. Two questions, please, from my side. First on your India partnership, maybe you can comment a bit more broader on the onshore, offshore dynamics we should expect in emerging markets going forward, even in a large market like India, you have to do a partnership. And then secondly, markets are now pricing in again, negative rates in Switzerland. Just wondering, short- term, any impact or, below zero, if there's not much like an incremental negative impact. The longer-term question is the 50% cost to income ratio target in your Swiss business was, I assume done or based on a more positive interest rate outlook and how do you intend to achieve that or is more due to come out on the cost side? The longer-term question is the 50% cost to income ratio target in your Swiss business was, I assume done or based on a more positive interest rate outlook and how do you intend to achieve that or more due to come out on the cost side? Thank you."
UBS,2025-Q1,earnings,2025-04-30,14,"Hi. Thank you. And maybe just more of a follow-up question, but just the remarks earlier about the equity double leverage and kind of looking to get down to the 110% at Q2. And then continue to bring it back to pre-acquisition levels in the quarters after. I'm still kind of curious, why? What drives the pace of that, and kind of, what's the cost or what's the consequence if you were to stay at 110%? Because let's say if the group were to have less leverage at the parent bank level, what would stop the group having a bit more leverage at the group? And what would be the consequence, or what is the benefit of bringing that down from 110% to say 105% or 100%? So, that's the question there. And then just on the PCB business, again I appreciate the response on if rates, for example, if they were to go negative, et cetera, the convexity. I'm just wondering what you're thinking about volumes there given the exchange rate movement. Any color would be helpful. Thank you."
UBS,2025-Q1,earnings,2025-04-30,16,"Hi. Good morning. I have two follow-ups, please. One on capital and one on GWM NII. On capital, coming all the way back to Jeremy's first question, you've taken a change in approach. You've fully accrued for the buyback rather than taking the capital impact as and when you execute. And can I just ask what was the rationale for doing this? And is this something you envisage doing going forward, as well? And the second question on GWM NII, and I think at the full year results, you talked about Q1 being down low- to mid-single digits sequentially. You've ended up down 7%. And you said that 1 percentage point of that was due to the re-segmentation. But nonetheless, it looks a little bit worse than your original guidance. So, perhaps you could explain why it came in slightly worse than you initially expected? And then more broadly, your full year guidance for GWM NII is unchanged. But it was previously predicated on the second half being flattish versus the first half. Are you now seeing a slight recovery in the second half?"
UBS,2025-Q1,earnings,2025-04-30,18,"Yeah. Good morning, everybody. Thank you for taking my questions. You mentioned in the prepared remarks the LCM fee pool shifted towards corporates and away from sponsors. Any insights you can share on your discussions with the sponsor community more broadly, how do you expect them to act in the coming quarters based on the operating backdrop we see today? And maybe at what point would you consider reassessing the banking revenue ambition for 2026? I guess, in light of the slower activity levels year to date? And then second, I just want to come back on this risk of an immediate and material change to the regulatory regime. So, I appreciate the processes is maybe less clear than it was, the range of outcomes has probably widened, but has the risk of immediacy also increased? It feels as though, if anything stuff is being pushed to the right a little bit, and obviously there hopefully would be still some kind of phase in period, one would assume, so just any thoughts on that. Thank you."
UBS,2025-Q1,earnings,2025-04-30,20,"Yeah. Good morning. I've got two. One on FRC, so up 27% year-on-year. It's much stronger print than a lot of your peers. And I'm just wondering, is that business mix related? You've mentioned the strength of FX, or do you feel that you're still winning back market share in that business? And then the second question, sorry to come back on capital again, but you did say in the fourth quarter that you had further subsidiary repatriations potentially in the pipeline. I think you mentioned $5 billion from CSI and maybe something more coming out of the IHC. Can you give an update on progress on both of those fronts? Thanks."
UBS,2025-Q1,earnings,2025-04-30,21,All right. That's great. Thank you.
UBS,2025-Q2,earnings,2025-07-30,1,"Yes. Thank you for taking my questions. The first question is related to the parent bank, UBS AG, where you gave us the number of 14.5 billion dollars of accruals. Also clearly understand the special dividend reserve of 6.5 billion, I'm just wondering the 8 billion accrual that is remaining, so to say, can you discuss that part and what you will do with this part in terms of distribution, double leverage or any other usage? And the second question is related to Wealth Management US, Americas, you have advisors down quarter-on- quarter, can you please talk about where you are in the process of the improvement in pretax margin in Wealth Management in the US and the initial thinking and thoughts post the adjustment of advisor incentives? Thank you."
UBS,2025-Q2,earnings,2025-07-30,3,"Thank you very much for taking my questions. The first is on the output floor, you mentioned that you're looking into your ability to mitigate the currently around 48 billion of RWAs. Can you talk a bit more potentially about the magnitude you think you can mitigate? And then secondly, sorry, on the FX derivatives point, can you sort of try to size the matter for us as much as it's possible and did Q2 already see some impact of potential compensations? Thank you very much."
UBS,2025-Q2,earnings,2025-07-30,5,"Yeah. Good morning, everybody. Just two quick questions. So, first of all, what are your latest expectations regarding the deduction elements of the capital proposals, including whether or not they may get wrapped into the broader legislative package, i.e., taken out the ordinance? Do you expect to have sufficient clarity on any potential phasing or delays in time to be able to calibrate the 2026 distribution ambitions later or I guess, early next year with the fourth quarter results? And then secondly, just sort on the longer term, I guess, slide 26, the bar chart, it's a pretty powerful image, I just, I wonder when you show that to people who you're engaging with in this topic, what's their response, you know, how receptive are they to understanding the longer run competitive impact on the business from these proposals rather than the nearer term recalibration of the rules per se? Thank you."
UBS,2025-Q2,earnings,2025-07-30,7,"Good morning. Thank you for taking my questions. I have two on capital again. So I know that you want to run with a double leverage of 100%, which makes sense. But if these capital proposals were to go ahead as it is currently written, which completely removes any subsidiary double leverage, would you consider running with higher levels of double leverage between group and parent? And then secondly, the stress test results in the US, you know, showed an improvement year-on-year and the capital requirement should come down, could you give us an update of how much capital do you expect to upstream from the US? I think you said vaguely that you were expecting some upstreaming, but I don't know if you can quantify that. Thank you."
UBS,2025-Q2,earnings,2025-07-30,8,"Thank you. Can I just follow-up? So if I understand what Sergio said correctly, it's premature to comment on mitigating actions and you will only comment on them when we have clarity on the proposals, but in my understanding it will take quite a while to get clarity on the proposal, potentially a couple of years or so, is that the timeline we should expect? Thanks."
UBS,2025-Q2,earnings,2025-07-30,10,"Good morning. Thank you. Just a clarification, please, on the double leverage question, the UBS Group AG standalone, because it looks to me that it’s down to 108% at first half and if I add in the 6.5 billion dividend that's coming, it would actually be below 100%. Are there any contra, any offsets to that that I need to think about? Because it looks to me like that dividend fully eliminates the double leverage even before you then receive more dividends that you're accruing this year. So that would be helpful to clarify. And then secondly, a question moving to Wealth Management, just really on conditions in Asia and what client behavior you're seeing, because it looks to me that the flow number was very good but the revenues were a little bit softer. So I just wondered if you could describe how Asian clients are behaving in this environment."
UBS,2025-Q2,earnings,2025-07-30,12,"Hi. Thank you. So two questions from me. One, just to clarify, I think the comment earlier in terms of the parent bank CET1 ratio that whilst dollar weakness persists, you would look to remain above the top end of the 12.5% to 13% ratio. So I just wanted to understand why or what exactly drives that and so when you think, or at what level of dollar weakness or strength would mean that you could be back into that range? And then secondly, I guess, a broader question again on kind of strategy, I mean, just it would be good, actually, if we could get a bit more color or it'd be helpful if we get more color in terms of the synergies between the US Wealth business and the rest of the group. I mean, obviously, there's a lot of commentary about how the breadth of the business is helpful, because I guess what I'm just curious about or wondering is, you know, whilst clearly it's core and it's part of the group, you know, how you would react if, for example, there was a credible, you know, unsolicited bid for that business. You know, how you would be able to explain to investors and the market why, that remains core and why it's synergistic. If you could give a bit more color in terms of the synergies with the IB, Asset Management, et cetera. Thank you."
UBS,2025-Q2,earnings,2025-07-30,14,"Yes. Good morning and two questions to follow-up. One is on the cost base where your underlying cost base continues to track down now just about 36 billion, just wondering what is the outlook here and how much more we should expect in the second half as you probably keep on decommissioning? And then secondly, net interest income in GWM was stable in the second quarter and now you also guide to broadly flat in Q3. Is this not a trough or you want to see how the Fed cuts potentially more later on and this could impact net interest income going forward, or is volume growth strong enough? Thank you."
UBS,2025-Q3,earnings,2025-10-29,1,"Good morning. Thank you for taking my questions. I have two. The first one, it seems clear that UBS is already ahead of I guess the plan. Two examples. Cost-income and asset management 66% against the plan of below 70%, non-core delivering ahead of expectations. So why wait for Q4 before upgrading the guidance? And then secondly, different topic, First Brands. I didn't see any comment this morning but there has been extensive press coverage about the 500 million hit on the asset management client asset side. So, could I please have your comments on this issue? Have you seen outflows on the back of it? Is this impacting your sale of UBS O'Connor? Yeah. Any comments on this issue please. Thank you."
UBS,2025-Q3,earnings,2025-10-29,3,"Yes, thanks for taking my questions. The first one is regarding Wealth Management Americas. You applied for the National Charter. Can you talk about the benefits of the charter and also talk about net new asset outlook post the outflows in the third quarter that we saw in NA and advisor attrition going forward, how we should think about that? And the second question is just coming back to the AT1 document on CS and in particular point six, where you talk about the write-down, how it was handled. And I recall from our conversations and public statement by the previous CEO at that time that the AT1 write-down was a prerequisite or was done before or precondition of the takeover of Credit Suisse. So, it sounded like two separate steps, whereas if I read number six, it sounds it was all done in one go, i.e., there was no separation, so to say. And I am just trying to understand was this a separate step or not in terms of writing down the AT1 and subsequent offer of UBS and CS."
UBS,2025-Q3,earnings,2025-10-29,4,"Just quickly one follow-up on the advisor side. Is there any time frame you could give us where advisors should be flattening out in terms of turnover? Not exactly, but is there a time frame of first half, second half of next year? And just follow-up very briefly, was the transaction two transactions of the acquisition, or was it all done in one transaction, i.e., the FINMA measures and subsequent takeover?"
UBS,2025-Q3,earnings,2025-10-29,6,"Morning. Thanks very much. First question on Asia. Phenomenal flows in the quarter and it sounded like it was a bit of a mix of slightly one-off but also slightly underlying pickup. I just wondered if you could expand on that. Is this something that you expect to see sustained strength? Is this the beginning of a trend of improving flows from Asia? And then the second question, very specifically on the dividend accruals from UBS AG to the Group. I'm not sure if you mentioned it. I think first half, it was about 8 billion that you'd accrued to dividend up. I wonder if you can give us an updated number at the nine-month stage. Thank you."
UBS,2025-Q3,earnings,2025-10-29,8,"Yes, thank you. Good morning. I wanted to ask you a question on the comment you made in the report around your willingness to appeal the AT1 ruling. I just wanted to understand why you as UBS would appeal, because to my knowledge, this was only the FINMA so far. So, do you feel like you're potentially liable in this case? Why would you become a party and appeal on your side as well? And the second question is regarding the cost. You're obviously well advanced on the client migration in Switzerland. This is supposed to lead to the IT decommissioning next year and the cost-income ratio boost. Did you ever provide actually a number, an absolute number, in dollar-billion of how much of a boost this would be to your cost base? Thank you."
UBS,2025-Q3,earnings,2025-10-29,10,"Good morning. Thank you very much for taking my questions. I would like to come back to the point on the AT1 write-down. You said what you also said in the FAQ document that being a party in the proceedings does not increase our potential legal liability and in our view there should be no liability in this matter. On which basis are you exactly saying that? I mean, you are a party of this process, isn't it? Do you actually have an indemnity by the government to compensate for any damages that may arise out of this case? And the second question, relatively broad question on what you see in your US business. Is there any evidence that the US banks are changing their competitive behavior on the back of their additional degrees of freedom from a regulatory capital side, in particular, in Wealth Management? Thank you."
UBS,2025-Q3,earnings,2025-10-29,12,"Hi, excuse me, I've got a couple of questions and then just a clarification. If I look at your Global Wealth Management unit, so if I take GWM and I isolate the business you call Global, over the past four quarters that's produced about 1.1 billion of pre-tax loss. Could you discuss what that is? And if there – if you could effectively get that to breakeven, or sell it off, which I suppose is complicated, there's quite an uplift to your Group pre-tax. So I'm just wondering what is in Global, what's the strategy there, et cetera? And then for Q4 on the buyback, are you – how would you think about effectively accruing for that? Would it be whatever you plan to conditionally buy back or would it be part of the year or your full-year buyback? I guess, how to think about that. And then my point of clarification is on this AT1 matter, which is, is it not a fact that when you acquired Credit Suisse it had no outstanding AT1 instruments? Thank you."
UBS,2025-Q3,earnings,2025-10-29,13,"Yeah, I just wanted to clarify that at the time that you acquired Credit Suisse, at that point Credit Suisse had no outstanding AT1 instruments."
UBS,2025-Q3,earnings,2025-10-29,15,"Hi. Yeah, thank you for taking my questions. The first is just a follow-up question on Joe's question about the buyback. I guess previously you said when you published your opinion paper that with full year results you don't expect full visibility on the regulation. I guess, nothing has really changed on that aspect. And then, I guess, would you be able to sort of like announce another buyback in the course of the year once you have more clarity? Or would that be basically excluded by your sort of like approach to buybacks in 2026? And then secondly, can you talk a bit about the integration of the Swiss operations, how that's been going? I guess, there have been some press articles about some system failures. Would you think that's due to the integration, or is it just sort of like part of the normal business? And I think you had some quite attractive deposit rates out there. Are they basically part of your Q4 NII guidance? Thank you very much."
UBS,2025-Q3,earnings,2025-10-29,17,"Morning. Just two quick follow-ups really from me left. First, you mentioned that you expect to receive approval for the national bank charter in 2026. From the point of that approval, how do you see the timeline and the quantum for the PBT margin improvement in US wealth? Just I would assume that that's additive to the FY26 RoCET1 exit rate. So just any color there would be super helpful. And then second, you also flagged that a prolonged US Government shutdown may delay US capital markets activities in the fourth quarter. Could you just give us a sense of materiality on that? I guess, if we assume that the Q2 accounts deadline is missed for potential listings, how that may impact the IB numbers for 4Q for you? Thank you."
UBS,2025-Q3,earnings,2025-10-29,19,"Morning. If I could have one on litigation and one on net interest income. On litigation, if I look at note 14 in your accounts, you do talk about ATA with respect to terrorist attacks in Iraq. You also talk about Madoff and Luxembourg fund reports. I'm sure you've seen the events with BNP Paribas with respect to Sudan and more recently seen HSBC and the Luxembourg court ruling on cash restitution on Madoff. So, is there any points of comparison that you would make, any similarities versus differences to the outstanding cases that you have and flag in note 14 in your accounts? And then completely separately, net interest income trajectory. You obviously had good growth in Q3, better than anticipated. Largely seems to be due to the deposit mix and pricing. But you're then guiding to stable net interest income in Q4 again. So, is there an additional headwind coming through that you're foreseeing in Q4? Is it just a function of Fed rates? What are the moving parts that mean that you are slightly more conservative on your Q4 guide versus the experience in Q3? Thank you."
UBS,2025-Q3,earnings,2025-10-29,20,"Yes. Hi, good morning. Two questions from me. So first it looks like you didn't upstream capital out of your New York or Credit Suisse international entities this quarter, but last year you did a significant one in Q4. So should we expect something similar this year? Maybe you can share some color on that. And then secondly, asset quality remains rock solid. At least in the US disclosure we see that your exposure to non-deposit-taking financial institutions is quite low. But any additional details of exposures to private credit, private equity and hedge funds will be appreciated. And potentially also broader thoughts on the credit concerns in the market outside of single cases. Thank you."
UBS,2025-Q3,earnings,2025-10-29,22,"Hi. Thank you. Two questions from me, just follow-ups really. But, one, so just on the, coming back to the US Wealth piece, I just really wanted to understand – I appreciate you'll give more guidance with full year but with then the changes to the grid to try and get a bit more attention and to kind of stabilize the flows, could we see the operating margin then again kind of decline a little bit before you look to get that improving again? And then secondly, just on the PCB business then, I guess, in the comments then, so the deposit – the net new deposit outflow reflected some balance sheet optimization, but I was a bit confused about then why there would be some slightly more favorable deposit offerings then being made. So just wanted to understand that a bit better. And essentially with the outlook being a bit more cloudy for Switzerland, just curious how you're seeing the balance sheet development there going into next year. Thank you."
UBS,2025-Q4,earnings,2026-02-04,1,"Yes. Good morning everybody. So, Todd, you talked at the start of the call about the USD 9 billion of capital you've been able to upstream from the subsidiaries and that USD 26 billion drop in RWAs at the parent bank. And then I guess there's more that you plan to do. So if we were to re-run the math that got us to the 24 billion foreign sub capital shortfall earlier in the year, is it fair to say that number today would be lower? And can you give us a sense, sort of, by how much lower and how much repatriation and rebalancing you can still do to work that number lower from here? And then second question, which is more broadly, I guess, on the Group, you've got the 13% RoCET1 guide for this year. Jan 1st there was a strong narrative across the street on the potential for better capital markets activity levels this year, effectively a bit of a Goldilocks operating environment. Now the backdrop appears more volatile. So if we spend much of 2026 with this current market backdrop – elevated volatility, dollar weakness, more questions around public and private market valuation levels – how would that impact your Group across your various businesses? How resilient would the 13% target be in that context? And I guess, anything you'd want to think about in terms of the Banking target ’26 versus ’22? And just on that target, is that now run-rate? Because I think it used to be double ’22 in ’26, and now it's on an annualized basis. So just checking if that's shifted to an exit run rate guide as well. Thank you."
UBS,2025-Q4,earnings,2026-02-04,3,"Yes. Thanks for taking my questions. The first one is just coming back to the US wealth management and maybe just bottom up a little bit around the restructuring on the advisor side. When should we expect the attrition to end? And how should we think about net flows as we progress through 2026? And in that context, clearly your pre-tax margin, you give some indication of what will drive that. I recall Peter Wuffli talking about ultra-high net worth and family office growth in the US. And I'm just trying to understand what is the difficulty in the US to enter that market, because it seems to be extremely difficult to gain market share, especially multifamily – family office, sorry. And lastly, Sergio, you discussed a little bit tokenized assets, and you guys are quite advanced in this field based on what we researched. And I'm just trying to understand what the long-term strategy is, because on the one hand, you could argue [in] wealth management, one advantage is you get access to all these products being a wealth management client and two, tokenization, you kind of commoditize that. So I'm just trying to understand how you think about the impact of tokenization, in particular of assets, on your wealth business long-term."
UBS,2025-Q4,earnings,2026-02-04,5,"Hi. Morning. It's Antonio from Bank of America. I have two questions, please. The first one on net new assets. I mean, can you help us better understand the path to your ambition of reaching more than 200 billion net new assets by 2028? And maybe give us some more color around sort of the key regions. It would be great if you could talk specifically about the trends or remind us of the initiatives you are taking to capture some of the tailwinds, I'm thinking in Asia Pacific, on both wealth creation and capital market activity. I mean, we've seen the pipeline of IPO in China and Hong Kong looking very, very strong. So that would be my first question. My second one is on costs. You've talked about the delivery of cost synergies, and the efforts are clearly visible with almost the entire organization working on that delivery. Can you talk us through a little bit more on sort of your expectations for net cost savings from here on? I mean, I've heard your remarks and seen your targets, but if you give us a sense of how much of these savings are reinvested in the business, IT, Al capabilities, or FA retention, and how much can be the sort of net cost savings coming through. Thank you."
UBS,2025-Q4,earnings,2026-02-04,7,"Hi. Good morning. Thank you for taking my questions. The first one, Todd, I want to check if I understood you correctly. I think you said that half of the 9 billion accrued between parent and Group could be distributed in the second half of the year, subject to the Too Big To Fail proposal. I just want to understand what outcome could drive essentially a forbidden additional buyback in the year, if I understood this correctly. And then secondly, on the parent bank, I think you said you intend now to run around 14% CET1 there, because of FX headwinds. And do you disclose anywhere any sensitivity in terms of what we can expect the FX impact to be on this ratio going forward, in case the CHF appreciates further? And I know you disclosed the sensitivities at Group level, the 14 basis points impact for 10% depreciation of the dollar. But I was just interested in looking at the parent more closely. Thank you."
UBS,2025-Q4,earnings,2026-02-04,9,"Morning. Thank you. Just one question on the capital, you mentioned [on] the ordinance measures you expect publication later in the first half, which I think is what had been planned. Do you have any clarification on when the go-live date [is] for that aspect, and particularly the phase in, which I know we've talked about before. I just wondered if there's any clarification on your expectations for that on the ordinance measures, specifically what the phasing would be? And then my other question really was just to see if you could talk a bit more about Asia wealth management flows, which were a bit soft in the quarter. I just wondered if there was any giveback from the strong flows you had last quarter, and sort of how you see the outlook for wealth management flows in Asia going forward."
UBS,2025-Q4,earnings,2026-02-04,11,"Yes, hello. I just have a couple of quick questions. Is the right way to think about the 26 billion reduction to fully applied RWAs related to the upstreaming of capital to UBS AG. is to put, call it a 12.5% CET1, so it brings down the capital associated with those by about 3.25 billion? Is that the right way to think about it? Just to be precise. And could you discuss, in the US in terms of the FAs, you're clearly investing in wealth advice centers. So if we think about the net change in FAs, I guess, is there a way to think about the marginal pre-tax associated once the accounts are funded and transacting, etc.? Is there a way to think about the marginal pre-tax margin on wealth advice centers versus, say, the back-book, if you will, of existing business? Many thanks."
UBS,2025-Q4,earnings,2026-02-04,13,"Good morning. I would like to first ask a question about your targets and ambitions. How do you want us to measure the exit targets for 2026? Is it a fourth quarter number or are there pro forma calculations involved, or how do you think about this? And also, is there any particular reason why 2028 remains an ambition rather than a target? And the second question I wanted to ask is on your FRC business and the Investment Bank. Can you give us maybe a rough split of how much of that is FX versus how much was precious metals, please? Thank you."
UBS,2025-Q4,earnings,2026-02-04,16,"Yeah. Good morning and thank you for taking my questions. The first is just to clarify on the ’26 share buyback. So you said 3 billion and potentially more, and then you also talked about accrual for the 2027 share buyback. I just wanted to confirm it's not the same thing. So we could have an additional share buyback in ’26 on top of the 3 billion, plus an accrual for 2027. And then secondly, on the slide where you talk about the through-the-cycle revenues over RWA, is the 10%, is that what informs your 18% return in 2028 as well? And then just, I'm a bit surprised that it's, I mean, looking at the 9.6% in 2025, 10% doesn't seem that much of a step up. So, there should be more focus on the shaded area, so it'd be like higher than 10%, or were you sort of like over earning in ’25 in some areas? Thank you very much."
UBS,2025-Q4,earnings,2026-02-04,18,"Good morning. Can I ask one broad-based question on net interest income. And then I'll follow up on the ordinance and legislation. On net interest income, firstly on the Q1 guide for GWM. You called out the small decline due to day count, but also you said deposit rates? Perhaps you can just elaborate on what you mean by change in deposit rates there. And then my broader question on full year ’26 net interest income is, when you gave your guidance, you talked about the contribution from the LME exercise in November. But can you just talk about the NII benefit across the divisions from that LME exercise, and also the AT1 issuance you recently did in January? I know you put that through your net interest income, so what's the impact to your GWM and P&C NII numbers from that as well? And then the other question, just on the ordinance and legislation, obviously, I think we've all read the Finance Minister's interview in FMW at the end of January. I mean, she was talking about AT1 being unsuitable for the purpose of the new capital reform because it would cost the bank as much as equity capital, it would unsettle markets. And then if you could just share your thoughts on AT1 versus core Tier1 capital. Thank you."
UBS,2025-Q4,earnings,2026-02-04,19,"Yes. Thank you. Good morning. The first question, I'd like to come back on the buyback, just to make sure I fully understand the message there, because in the past you used to do two tranches on the buybacks, one in H1 and one in H2. So can you clarify, and apologies if you already have, on the buyback for 2026, when you say 3 billion and potentially more, when are you going to launch that buyback? And is the plan as of now, that the whole of the 3 billion would be achieved over H1? So just to understand here the timing of the buyback. The second question is about the P&C banking cost/income ratio. You said in your presentation that you continue to target that exit rate ‘26 of below 50%, and then a reported 48% for ‘28. You said you think you can achieve that even if rates are zero at the SNB. But obviously in ‘25 you're still much higher than that. So can you maybe elaborate again on what gives you the confidence that you can decline the cost/income ratio by so much, over ten points basically in ‘26. And how much of that would be driven specifically by the decommissioning of the IT system at Credit Suisse? Thank you."
UBS,2025-Q4,earnings,2026-02-04,21,"Hi. Thank you. One question just coming back on the US wealth business. Just in terms of squaring the circle – so I think obviously you're talking about a positive kind of full year flow performance with the first half potentially still being a bit negative so, ramping up in the second half. When I think about that, then it probably does require a bit of more commitment, expense. And so, to get the better operating margins that I think you're guiding to now for next year and the year after – especially with lower rates – I'm just wondering, what are you baking in for the impact from getting the National Charter, and how quickly and how significantly can that impact or should we expect, or is that baked into your expectations? And then secondly, just coming back on the capital upstreaming – the 9 billion. I suppose I was a bit surprised that you've been able to accelerate it, or to do it a bit quicker. I was just curious because then, for example, in terms of the 26 billion number that has been presented as incremental capital demands, that drops to about 21.5 or just above. So I'm just curious why you do this now, versus waiting till we have got a bit further down the parliamentary discussion process, because it could give the impression that some of these demands are a bit more manageable. So [I] just wanted to touch on that if possible. Thank you."
UBS,2025-Q4,earnings,2026-02-04,22,"Hi. One last question on [the] Investment Bank. You have shown strong revenue growth without any RWA increase. Just wondering whether there's more opportunities left, or do you expect revenue growth and RWA growth to pick up. And are you willing to even allow for disproportionate RWA growth if the opportunities are there? Thank you."
