bank,quarter,call_type,call_date,position_in_call,section,speaker_role,speaker_name,speaker_institution,text_length,text,utterance_id,is_routine_earnings,new_exchange,qa_exchange_id,is_filler
JPM,2023-Q1,earnings,2023-04-14,4,qa,analyst,Steven Chubak,Wolfe Research,18,"Hey, good morning.",3,True,True,1,True
JPM,2023-Q1,earnings,2023-04-14,5,qa,management,Jeremy Barnum,,20,"Good morning, Steve.",4,True,False,1,True
JPM,2023-Q1,earnings,2023-04-14,6,qa,analyst,Steven Chubak,Wolfe Research,628,"So, Jamie, I was actually hoping to get your perspective on how you see the recent developments with SVB impacting the regulatory landscape for the big banks. In your letter you spent a fair amount of time highlighting the consequences of overly stringent capital requirements, the risk of steering more activities to the less regulated nonbanks. But what are some of the changes that you're scenario planning for – whether it's higher capital, increase in FDIC assessment fees? And along those same lines, how you're thinking about the buyback given continued strong capital build, but a lot of macro uncertainty at the moment.",5,True,True,2,False
JPM,2023-Q1,earnings,2023-04-14,7,qa,management,Jamie Dimon,,981,"Well, I think you were already kind of complete with answering your own question there. Look, we're hoping that everyone just takes a deep breath and looks at what happened and the breadth and depth of regulations already in place. Obviously, when something happens like this, you should adjust, think about it. So I think down the road there may be some limitations on held-to-maturity, maybe more TLAC for certain type-size banks, and more scrutiny on interest rate exposure, and stuff like that. But it doesn't have to be a revamp of the whole system, just recalibrating things the right way. And I think it should be done knowing what you want the outcome to be. The outcome you should want is very strong community and regional banks. And certain actions are taken which are drastic – it could actually make them weaker. So, that's all it is. We do expect higher capital from Basel IV, effectively and, obviously there's going to be an FDIC assessment – that'll be what it is.",6,True,False,2,False
JPM,2023-Q1,earnings,2023-04-14,8,qa,analyst,Steven Chubak,Wolfe Research,80,"Got it. And just in terms of appetite for the buyback, just given some of the...",7,True,True,3,False
JPM,2023-Q1,earnings,2023-04-14,9,qa,management,Jamie Dimon,,9,"Oh, yeah.",8,True,False,3,False
JPM,2023-Q1,earnings,2023-04-14,10,qa,analyst,Steven Chubak,Wolfe Research,32,...elevated macro uncertainties.,9,True,True,4,False
JPM,2023-Q1,earnings,2023-04-14,11,qa,management,Jamie Dimon,,340,"Well, we've told you that we're kind of penciling in $12 billion for this year. Obviously, capital is more than that, but – and we did a little bit of buyback this quarter. We're going to wait and see. We don't mind keeping our powder dry, and you've seen us do that with investment portfolios, and we're also going to do that with capital.",10,True,False,4,False
JPM,2023-Q1,earnings,2023-04-14,12,qa,analyst,Steven Chubak,Wolfe Research,83,That's great. I'll hop back into the queue. Thanks so much for taking my questions.,11,True,True,5,False
JPM,2023-Q1,earnings,2023-04-14,13,qa,management,Jamie Dimon,,5,Okay.,12,True,False,5,False
JPM,2023-Q1,earnings,2023-04-14,14,qa,operator,Operator,,94,Thank you. The next question comes from the line of Ken Usdin with Jefferies. You may proceed.,13,True,False,5,False
JPM,2023-Q1,earnings,2023-04-14,15,qa,analyst,Ken Usdin,Jefferies,403,"Hey, thanks. Good morning. Hey, Jeremy, I was just wondering if you can just give us a little bit more detail on those lower funding expectation points that you made, just in terms of is it because of what you can offer the client that might allow you to kind of keep that beta lower? And maybe you can just kind of wrap it into what your overall beta expectations are in that revised update? Thank you.",14,True,True,6,False
JPM,2023-Q1,earnings,2023-04-14,16,qa,management,Jeremy Barnum,,1324,"Yeah, sure. So let me just summarize the drivers of the change in the outlook. So the primary driver really is lower deposit rate paid expectations across both consumer and wholesale, which, as you mentioned, is driven by a couple factors. So, the change in the rate environment, with cuts coming sooner in the outlook, all else equal, does take some pressure off the reprice. And as you said, we're getting a lot of positive feedback from the field on our product offerings. The short-term CD, in particular, is really getting a lot of positive feedback from our folks in the branches. It's been very attractive to yield-seeking customers. So that's kind of working well. And then on the asset side, we are seeing a little bit higher Card revolve, which is helping. And I'll just remind you that at a conference in February, I suggested that we were already starting to feel like some of the uncertainties we mentioned when giving the guidance had started all moving in the same direction, and that was one of the things that contributed to the upward revision, like all of the uncertainty kind of went the same way. But as Jamie's pointed out – those uncertainties are all still there, we highlight them on the page, and as we look forward to this year and to next year and the medium-term we remain very focused on those.",15,True,False,6,False
JPM,2023-Q1,earnings,2023-04-14,17,qa,analyst,Ken Usdin,Jefferies,522,"Yeah, and as a follow-up on the point about rate expectations coming now in, and potentially getting cut sooner – how do you take a look at what that might mean just for the broader economy? Do you think it's more just because inflation's coming down? Do you think it's because the Fed's just got to react to an even tougher economy and still some of those storm clouds that might be out there? Just kind of your general thinking about the other read-throughs of what lower rates quicker will mean for the broader economy.",16,True,True,7,False
JPM,2023-Q1,earnings,2023-04-14,18,qa,management,Jamie Dimon,,617,"Well first of all, I don't quite believe it. So the Fed has the rate curve, the forward short-term rate curve, almost at 1% higher than what the market has. So one of the things you got to always prepare for is – it could be anything, we don't know what the rate curve is going to be in a year. And so we're quite cautious in that and quite thoughtful about that. Obviously, the short-term read is higher recessionary risk and then inflation coming down. So I think inflation will come down a little bit, but it could easily be stickier than people think and therefore, the rate curve will have to go up a little bit.",17,True,False,7,False
JPM,2023-Q1,earnings,2023-04-14,19,qa,analyst,Ken Usdin,Jefferies,26,Okay. Thank you very much.,18,True,True,8,True
JPM,2023-Q1,earnings,2023-04-14,20,qa,operator,Operator,,108,Thank you. The next question comes from the line of John McDonald with Autonomous Research. You may proceed.,19,True,False,8,True
JPM,2023-Q1,earnings,2023-04-14,21,qa,analyst,John McDonald,Autonomous Research,538,"Hi, thanks. Jeremy, wanted to follow up again on the drivers of the NII revision and the lower rates paid assumption. You mentioned the Fed cuts coming sooner and positive feedback on the customer offers. What about the March events? Do the bank failures there that happened in March – in your view, do they slow the reprice intensity because folks are moving other than price reasons? Or they intensify it industry-wide because smaller banks have to reprice to keep their deposits? How do those events influence your view of the reprice?",20,True,True,9,False
JPM,2023-Q1,earnings,2023-04-14,22,qa,management,Jeremy Barnum,,404,"Yeah. John, it's a really good question, and we've obviously thought about that. But as we sit here today, I guess I have two answers to that. One is it's not meaningfully affecting our current outlook – we don't see it as a major driver. And I think in terms of the larger dynamics that you lay out, it's just a little too early to tell. But from where we are right now, the base case is no real impact.",21,True,False,9,False
JPM,2023-Q1,earnings,2023-04-14,23,qa,analyst,John McDonald,Autonomous Research,419,"Okay. And then I wanted to ask Jamie – there's a narrative out there that the industry could see a credit crunch – banks are going to stop lending, even Jay Powell mentioned that as a risk. Do you see that in terms of anything you look at in terms of lending and is that a reaction that makes sense – that banks might be retrenching a lot here? Do you worry about that for the economy in terms of credit crunch? Thanks.",22,True,True,10,False
JPM,2023-Q1,earnings,2023-04-14,24,qa,management,Jamie Dimon,,440,"Yeah. I wouldn't use the word credit crunch if I were you. Obviously, there's going to be a little bit of tightening, and most of that will be around certain real estate things. And you've heard it from real estate investors already, so I just look at that as a kind of thumb on the scale. It just makes the Fed's conditions be a little bit tighter, it increases the odds of a recession – that's what that is. It's not like a credit crunch.",23,True,False,10,False
JPM,2023-Q1,earnings,2023-04-14,25,qa,operator,Operator,,81,Thank you. Our next question comes from Erika Najarian with UBS. You may proceed.,24,True,False,10,False
JPM,2023-Q1,earnings,2023-04-14,26,qa,analyst,Erika Najarian,UBS,221,Hi. Good morning. My first question is you mentioned that your reserve build was driven mostly by worse economic assumptions. I'm wondering if you could update us on what unemployment rate you're assuming in your reserve.,25,True,True,11,False
JPM,2023-Q1,earnings,2023-04-14,27,qa,management,Jeremy Barnum,,637,"Yeah. So, Erika, as you know, we take – not going to go into a lot of detail here – but we take the outlook from our economists, we run a bunch of different scenarios and we probability-weight those. The central case outlook from our research team hasn't actually changed, but we felt that in line with what Jamie just said in terms of a little bit of tightening as a result of the events of March, it made sense to add a little bit of weight to our relative adverse case. So we did that, which changed the weighted-average expectation. And I think that the weighted-average peak unemployment that we're using now is something like 5.8%.",26,True,False,11,False
JPM,2023-Q1,earnings,2023-04-14,28,qa,analyst,Erika Najarian,UBS,563,"So, as you think about all of what you've just told us – so $81 billion of NII this year, and who knows when medium-term is going to happen of mid-70s, the clear strength of the franchise producing 23% ROTCE in a quarter where your CET1 is 13.8% and a reserve that already reflects 5.8% unemployment. As we think about recession and what JPMorgan can earn in a recession, do you think you can hit 17% ROTCE even in 2024 – assuming we do have a recession in 2024 as everybody is expecting – given all these revenue dynamics and how prepared you are on the reserve?",27,True,True,12,False
JPM,2023-Q1,earnings,2023-04-14,29,qa,management,Jeremy Barnum,,85,"Yeah. I mean that's an interesting question, Erika. I guess I'll say a couple things.",28,True,False,12,False
JPM,2023-Q1,earnings,2023-04-14,30,qa,management,Jamie Dimon,,62,"It's a great question, so I want to see how Jeremy answers it.",29,True,False,12,False
JPM,2023-Q1,earnings,2023-04-14,31,qa,management,Jeremy Barnum,,836,"Okay. Let's take a crack. Let's see what the boss thinks. I think number one, we believe, have said, and continue to believe that this is fundamentally a 17% through the cycle ROTCE franchise, so number one. Number two, as Jamie always says, we run this company for all different scenarios and to have it be as resilient as possible across all different scenarios. On the particular question of ROTCE expectations in 2024 contingent on the particular economic outlook, obviously it depends a lot on the nature of the recession. I think we feel really good about how the company is positioned for a recession, but we're a bank. A very serious recession is of course going to be a headwind for returns, but we think even in a fairly severe recession, we'll deliver very good returns – whether that's 17% or not is too much detail for now.",30,True,False,12,False
JPM,2023-Q1,earnings,2023-04-14,32,qa,analyst,Erika Najarian,UBS,10,Thank you.,31,True,True,13,False
JPM,2023-Q1,earnings,2023-04-14,33,qa,operator,Operator,,472,"The next question comes from the line of Jim Mitchell from Seaport Global Securities. You may proceed. Q Jim Mitchell Analyst, Seaport Global Securities LLC Hey. Good morning. Maybe just a little bit on the deposit, your thought process there. You've seen some inflows. Why do you think that you lose them going forward? And just maybe talk a little bit about the dynamic in pricing – do you feel like given the inflows, do you see some pricing power for the larger banks?",32,True,False,13,False
JPM,2023-Q1,earnings,2023-04-14,34,qa,management,Jeremy Barnum,,731,"Yeah. A couple things there. So, first of all, we don't know. Right? The deposits just came in. We don't know. We're guessing. Number two, the deposits just came in. So, by definition, these are somewhat flighty deposits because they just came into us, so it's prudent and appropriate for us to assume that they won't be particularly stable. Number three, there's a natural amount of internal migration of deposits to money funds so you have to overlay that and that's embedded in our assumptions. And number four, it's a competitive market, and it's entirely possible that people temporarily come to us and then over time decide to go elsewhere. So, for all of those reasons, we're just being realistic about the stickiness of it.",33,True,False,13,False
JPM,2023-Q1,earnings,2023-04-14,35,qa,management,Jamie Dimon,,521,"If I add, I would say, categorically, there's no pricing power that the bigger banks have because if you look at the pricing – and we look at pricing sheets all the time – every bank is in a slightly different position and every bank is competing in three-month, six-month, nine-month savings rates. And then you have the online banks, you got treasury bills, you got money market funds. There's no pricing power for the bank, but obviously we all have different franchises and we're all in a slightly different position.",34,True,False,13,False
JPM,2023-Q1,earnings,2023-04-14,36,qa,analyst,Jim Mitchell,Seaport Global Securities,382,"No, fair – all fair points. And maybe just a follow-up on John's question on the lending environment. You talked about the industry likely pulling back. Are you changing your underwriting standards in any way? Just trying to think through is there potential for some market share gains given your strength of capital and liquidity? Or how you're thinking about the loan environment?",35,True,True,14,False
JPM,2023-Q1,earnings,2023-04-14,37,qa,management,Jamie Dimon,,56,"I'd say very modestly, but we look at that all the time.",36,True,False,14,False
JPM,2023-Q1,earnings,2023-04-14,38,qa,management,Jeremy Barnum,,509,"Yeah. And we always say, right, we underwrite through the cycle. And I think notably, we didn't loosen our underwriting standards when all the numbers looked crazy good during the pandemic, and we're not going to overreact now and tighten unreasonably. Some of that correction happens naturally – credit metrics deteriorate for borrowers whether in consumer or wholesale, and that might make them leave our pre- existing risk appetite, but we're not running around aggressively tightening standards right now.",37,True,False,14,False
JPM,2023-Q1,earnings,2023-04-14,39,qa,analyst,Jim Mitchell,Seaport Global Securities,20,Okay. Great. Thanks.,38,True,True,15,True
JPM,2023-Q1,earnings,2023-04-14,40,qa,operator,Operator,,98,The next question comes from the line of Gerard Cassidy with RBC Capital Markets. You may proceed.,39,True,False,15,True
JPM,2023-Q1,earnings,2023-04-14,41,qa,analyst,Gerard Cassidy,RBC Capital Markets,22,"Thank you. Hi, Jeremy.",40,True,True,16,True
JPM,2023-Q1,earnings,2023-04-14,42,qa,management,Jeremy Barnum,,12,"Hey, Gerard.",41,True,False,16,True
JPM,2023-Q1,earnings,2023-04-14,43,qa,analyst,Gerard Cassidy,RBC Capital Markets,384,"In your comments about your CET1 ratio, obviously it came in strong at 13.8%. You've got the GSIB buffer obviously going up next year, and we have the stress test coming this summer or in June – the results – which maybe will lead to banks, including yours, having a higher Stress Capital Buffer. Where should we think about that CET1 ratio being by the end of the year, do you think?",42,True,True,17,False
JPM,2023-Q1,earnings,2023-04-14,44,qa,management,Jeremy Barnum,,1218,"Yeah. So a few things on there, Gerard. So we have previously said that we were targeting 13.5% in the first quarter of 2024 as a function of assuming an unchanged SCB, the increased GSIB step and operating with a 50-basis-point buffer. So, the point that Jamie made a second ago, in light of the environment, Basel IV, dry powder, you know, who knows how we'll tweak that going forward. But that's still our base case assumption. Specifically on the stress test, contrary to what I've heard some people argue, our ability to predict the SCB ahead of time from running our own process is actually quite limited. And you'll remember last year that even though we did predict an increase, we were off by almost a factor of two in terms of how big it wound up being, and that was a big surprise for the whole industry. So, we want to be quite humble about our ability to predict the SCB. But having said that, for right now we are assuming it will be unchanged. There are some tailwinds in there through the OCI, but we believe there will likely be some offsets and harsher credit shocks in the number, so for planning purposes right now we're assuming flat for SCB, and we'll know soon enough what that actual number is.",43,True,False,17,False
JPM,2023-Q1,earnings,2023-04-14,45,qa,analyst,Gerard Cassidy,RBC Capital Markets,362,"Sure. And then just as a follow-up, if I heard you correctly, can you give us a little more color – I think you mentioned in building the loan loss reserve this quarter you identified some one-off credits? I don't know if that's how you said it – there's some larger credits. Were they commercial real estate oriented? Were they commercial? Any more color there?",44,True,True,18,False
JPM,2023-Q1,earnings,2023-04-14,46,qa,management,Jeremy Barnum,,105,"No, it wasn't commercial real estate. It was just a couple of single name items in the Corporate segment.",45,True,False,18,False
JPM,2023-Q1,earnings,2023-04-14,47,qa,analyst,Gerard Cassidy,RBC Capital Markets,59,Leverage loan-type items or just regular Corporate credits?,46,True,True,19,False
JPM,2023-Q1,earnings,2023-04-14,48,qa,management,Jeremy Barnum,,69,Regular Corporate credits. I'd rather not get into too much detail...,47,True,False,19,False
JPM,2023-Q1,earnings,2023-04-14,49,qa,analyst,Gerard Cassidy,RBC Capital Markets,16,"Okay, very good.",48,True,True,20,True
JPM,2023-Q1,earnings,2023-04-14,50,qa,management,Jeremy Barnum,,23,…Gerard. Sorry. Thanks.,49,True,False,20,True
JPM,2023-Q1,earnings,2023-04-14,51,qa,analyst,Gerard Cassidy,RBC Capital Markets,10,Thank you.,50,True,True,21,True
JPM,2023-Q1,earnings,2023-04-14,52,qa,operator,Operator,,111,The next question comes from the line of Ebrahim Poonawala with Bank of America Merrill Lynch. You may proceed.,51,True,False,21,True
JPM,2023-Q1,earnings,2023-04-14,53,qa,analyst,Ebrahim H. Poonawala,Bank of America,641,"Hi, good morning. I guess, maybe one question, Jeremy. You reminded us of the relatively low office exposure for JPM. But, obviously, you're big players in the CRE market. Just give us a sense of when you look at the two pressure points on CRE, one, how much is oversupply – and that probably goes beyond office into apartments – how much of a issue is oversupply in the market as we think about the next few years going into a weakening economy? And how much of a risk is higher for longer rates in that if the central banks can't cut rates in the next year or two, we will see a ton of more pain because of the re-fi wall that's coming up?",52,True,True,22,False
JPM,2023-Q1,earnings,2023-04-14,54,qa,management,Jeremy Barnum,,753,"Yeah, so Ebrahim let me sort of respond narrowly in connection with our portfolio and our exposure, right? So, really, the large majority of our commercial real estate exposure is multi-family lending in supply constrained markets. And I think it's quite important to recognize the difference between that and sort of higher end, higher price point, non-rent controlled, not supply constrained markets. So, our space is really quite different in that respect, and I think that's a big part of the reason the performance has been so good for so long. So, of course, we watch it very carefully and we don't assume that past performance predicts future results here, but I think our multi-family lending portfolio is quite low risk in the scheme of things.",53,True,False,22,False
JPM,2023-Q1,earnings,2023-04-14,55,qa,management,Jamie Dimon,,113,"Can I just add also, housing is in short supply in America. It's not massively oversupplied like you saw in 2008.",54,True,False,22,False
JPM,2023-Q1,earnings,2023-04-14,56,qa,management,Jeremy Barnum,,599,"Yeah. And then in terms of the office space, as you know, our exposure is quite small. Yes, Jamie, has also mentioned all the re-fi dynamics that you mentioned too are something that the office space is processing one way or the other. Our office exposure is quite modest, very concentrated in Class A buildings in sort of dense urban locations where the return to the office narrative is one of the drivers – is generally in favor of high occupancy. So, again, watching it. There are obviously specific things here and there to pay attention to, but in the scheme of things for us, not a big issue.",55,True,False,22,False
JPM,2023-Q1,earnings,2023-04-14,57,qa,analyst,Ebrahim H. Poonawala,Bank of America,625,"And just as a follow up, I think the other risk from higher for longer rates, I think, is this – the ability of the economy, the financial markets to sustain a 5% less Fed fund for a long period of time? Like, what are the other areas you're watching if duration mismatch and bank balance sheets being one, CRE market being one, are you worrying – worried about non-banks that have grown exponentially over the last decade in terms of risks at the non-banks if rates don't get cut? And if you can talk to the transmission mechanism of that coming back and hitting banks given the leverage that banks provide to the non-banks.",56,True,True,23,False
JPM,2023-Q1,earnings,2023-04-14,58,qa,management,Jamie Dimon,,1293,"Yeah, so I'd like to answer that. So there is a risk of higher rates for longer. And don't just think of just the Fed Funds rate, because I think you should – for our planning – I'd be thinking more about it could be 6%. And then think about the five- and ten-year rate which could be 5%, and I think if those things happen – I'm not saying they're going to happen – I just think people should prepare for them, they saw what just happened when rates went up beyond people's expectations. You had the gilt problem in London, you had some of the banks here. People need to be prepared for the potential of higher rates for longer. If and when that happens, it will undress problems in the economy for those who are too exposed to floating rates, for those who are too exposed to re-fi risk. Those exposures will be in multiple parts of the economy. I say to all of our clients – now would be the time to fix it. Do not put yourself in a position where that risk is excessive for your company, your business, your investment pools, et cetera. That's answer number one. Number two is, it will not come back to JPMorgan. Okay? While we do provide credit to what you call shadow banks, it is very – we think – it's very, very secure. That does not mean it won't come back to other credit providers.",57,True,False,23,False
JPM,2023-Q1,earnings,2023-04-14,59,qa,analyst,Ebrahim H. Poonawala,Bank of America,32,Got it. Very helpful. Thank you.,58,True,True,24,True
JPM,2023-Q1,earnings,2023-04-14,60,qa,operator,Operator,,96,The next question comes from the line of Mike Mayo with Wells Fargo Securities. You may proceed.,59,True,False,24,True
JPM,2023-Q1,earnings,2023-04-14,61,qa,analyst,Mike Mayo,Wells Fargo Securities,365,"Hey Jeremy, you mentioned a degree of reintermediation to the lending markets. You said capital markets activity has gone to bank lending, and I'm just wondering, as part of your $7 billion increased NII guide, are you assuming better loan spreads? And on the topic of loan pricing, why aren't your credit card yields going higher than where they are today? Thanks.",60,True,True,25,False
JPM,2023-Q1,earnings,2023-04-14,62,qa,management,Jeremy Barnum,,736,"Yeah, Mike. So I think, yeah, you're referring to my comments that I made in the Commercial Bank about the fact that the larger Corporate segment within the Commercial Bank that would generally have access to capital markets but also access to bank lending, at the margin is choosing to draw down revolvers right now rather than access the capital markets. That is not a particularly meaningful driver of the increase in NII guidance. There's a lot of odds and ends in there, but the major drivers are the ones that I called out. And to be honest, I haven't actually specifically checked what's happening with Card yields. I would imagine that they've gone up a little bit in line with rates, but I don't know. We should follow up here.",61,True,False,25,False
JPM,2023-Q1,earnings,2023-04-14,63,qa,analyst,Mike Mayo,Wells Fargo Securities,503,"All right. And then one for you, Jamie. I guess taking the 10,000 foot level, I guess, when you look at asset liability management, or ALM – you could call this nightmare on ALM street, and you've seen some big problems at banks, and I guess how would you evaluate yourself, I guess, with this $7 billion higher NII guide? It probably is good, but to what degree are you willing to sacrifice JPM shareholder money to help rescue problem banks that did not get their asset liability management correctly?",62,True,True,26,False
JPM,2023-Q1,earnings,2023-04-14,64,qa,management,Jamie Dimon,,1694,"Well, it's two really different questions. So we've been quite cautious on interest rates for quite a while, and how we invest our portfolio, what our expectations are, our stress testing. The stress test – the CCAR stress test, as you know, had rates going down. I always looked at rates going up and being prepared – whether or not anything is going to happen. So we've been quite conservative ourselves and we don't mind continuing to do that because I remind people that having excess capital, you haven't lost it. It's kind of earnings in store – you get to deploy it later and maybe at a more opportune time, when the time comes. And look, we like to help the system when it needs help, if we can reasonably. And we're not the only ones, you saw a lot of banks do that, and I was proud of them. I think all of us did the right thing. Whether ultimately it works out or not, well, you could second-guess that when it happens. But the fact is, I think people want to help the system. And this whole banking thing was bad for banks. And I knew that the second I saw the headline, and then you had Credit Suisse. We want healthy community banks. We want healthy regional banks. We want to help them get through this. We have, you'll remember, Mike, as you point out, we have the best financial system the world's ever seen. That does not mean it won't have problems, doesn't mean there shouldn't be changes made, but I think it's reasonable for people to help each other in times of need. And we all did that – all of us – did that during COVID. All of us did that – if you could, those who could – did it during the Great Financial Crisis, and I would expect people to do that going forward.",63,True,False,26,False
JPM,2023-Q1,earnings,2023-04-14,65,qa,analyst,Mike Mayo,Wells Fargo Securities,162,"Hey Jamie, your CEO letter said the banking crisis isn't over. So, what do you mean by that? Or was that dated two weeks later? Are you talking contagion or what?",64,True,True,27,False
JPM,2023-Q1,earnings,2023-04-14,66,qa,management,Jamie Dimon,,1053,"Yeah. So it's just – the number of banks offsides you can count on your hands, in terms of too much interest rate exposure, too much ATM, too much uninsured deposits. And so there may be additional bank failures, something like that, which we don't know. But you're going to see next week regional banks have pretty good numbers. A lot of people are going to have – can take – actions to remediate some of the issues they may have going forward. You've already seen things calm down quite a bit, particularly in deposit flows. Warren Buffett was on TV talking about that he would bet $1 million – I don't know if you saw that – that no depositor will lose money in America. That he's willing to bet his own money. And of course, you know he's a very bright man. So, this crisis is not 2008. It will pass. And the one thing I pointed out is, when I answered the question just before about interest rates – people need to be prepared. They shouldn't pray that they don't go up. They should prepare for them going up. And if it doesn't happen, serendipity.",65,True,False,27,False
JPM,2023-Q1,earnings,2023-04-14,67,qa,analyst,Mike Mayo,Wells Fargo Securities,21,All right. Thank you.,66,True,True,28,False
JPM,2023-Q1,earnings,2023-04-14,68,qa,management,Jamie Dimon,,5,Yeah.,67,True,False,28,False
JPM,2023-Q1,earnings,2023-04-14,69,qa,operator,Operator,,92,The next question comes from the line of Betsy Graseck with Morgan Stanley. You may proceed.,68,True,False,28,False
JPM,2023-Q1,earnings,2023-04-14,70,qa,analyst,Betsy L. Graseck,Morgan Stanley,17,Hi. Good morning.,69,True,True,29,True
JPM,2023-Q1,earnings,2023-04-14,71,qa,management,Jeremy Barnum,,11,"Hey, Betsy.",70,True,False,29,True
JPM,2023-Q1,earnings,2023-04-14,72,qa,analyst,Betsy L. Graseck,Morgan Stanley,135,I do want to unpack the question here on the possibility of higher for longer rates and how that impacts you in your non-Markets NII...,71,True,True,30,False
JPM,2023-Q1,earnings,2023-04-14,73,qa,management,Jeremy Barnum,,58,"Betsy, did we just lose you? I feel like you just dropped.",72,True,False,30,False
JPM,2023-Q1,earnings,2023-04-14,74,qa,analyst,Betsy L. Graseck,Morgan Stanley,19,"No, hear me? Hello?",73,True,True,31,True
JPM,2023-Q1,earnings,2023-04-14,75,qa,management,Jamie Dimon,,9,Go ahead.,74,True,False,31,True
JPM,2023-Q1,earnings,2023-04-14,76,qa,management,Jeremy Barnum,,22,Yeah. You're back now.,75,True,False,31,True
JPM,2023-Q1,earnings,2023-04-14,77,qa,analyst,Betsy L. Graseck,Morgan Stanley,506,"Okay. So I just wanted to unpack the higher for longer rate possibility as to how it impacts your NII because your NII guide is assuming the forward curve, if I understand correctly. So, in the event that you get that higher for longer, just how much does that impact NII ex. Markets because I'm trying to triangulate here about – maybe you lose some deposits, but if we have higher for longer, shouldn't we expect the trajectory goes up from this quarter as opposed to down? Is that – that's the question.",76,True,True,32,False
JPM,2023-Q1,earnings,2023-04-14,78,qa,management,Jamie Dimon,,35,"Go ahead, Jeremy. And then I'll go.",77,True,False,32,False
JPM,2023-Q1,earnings,2023-04-14,79,qa,management,Jeremy Barnum,,1099,"Sure. So, Betsy, your question is very good. And I would say that if you look at the evolution of our outlook last year, it was pretty clear that we were very asset-sensitive, certainly in terms of the sort of one year forward EaR type measure. You also obviously know that our current EaR actually shows a slight negative number, so a tiny bit liability sensitive, and I won't get into all the nuances about why that may or may not be a great predictor in the short-term. But the point is that the level of rates now is of course very different from what it was last year. And at this level of rates, the relationship between our short-term NII evolution and the curve is not always going to be clear in any given moment. It's quite tricky, and it can behave in somewhat wonky ways as a function of, again, what I've alluded to a couple times on this call – the competitive environment for deposits, which is not, in fact, a sort of mathematically predictable thing as a function of the rate curve. So, that's why we're emphasizing all the different drivers of uncertainty in the NII outlook. Yeah.",78,True,False,32,False
JPM,2023-Q1,earnings,2023-04-14,80,qa,management,Jamie Dimon,,875,"Yeah. So I'll just add, so next quarter we all kind of know already. Two quarters out, we know a little bit less. Three quarters out, we know a little bit less. And 2024, we know very little. That number, you could imagine – this is a little inside baseball now – the number that we're talking about for 2024 is not based upon an implied curve. It's based upon us looking at multiple potential scenarios, leveling them kind of out and saying this is kind of a range. And you're absolutely correct. You could have an environment of higher for longer that might be better than that, but remember, higher for longer comes with a lot of other things attached to it – like maybe a recession, stagflation, lower volumes. So I wouldn't look at that as higher for longer is a positive. It might be a slight positive on that line. It would probably would be a negative on other lines.",79,True,False,32,False
JPM,2023-Q1,earnings,2023-04-14,81,qa,analyst,Betsy L. Graseck,Morgan Stanley,255,"Yeah. Got it. Okay, that's super helpful to understand how you think through that. And then the follow-up is just on the buybacks. So do I take your comments to mean that you're on pause now? And if that's the case, what would be the driver of restarting?",80,True,True,33,False
JPM,2023-Q1,earnings,2023-04-14,82,qa,management,Jamie Dimon,,418,"Yeah. No. We're not on pause now. We're doing a little bit now. We obviously have a lot of excess capital. We also like to buy our stock when it's cheap, not just when it's available. And we're also peering ahead, looking at those little bit of storm clouds so we're going to be kind of cautious. So we're going to make this decision every day. We also don't like to tell the market what we're doing, just so you know.",81,True,False,33,False
JPM,2023-Q1,earnings,2023-04-14,83,qa,analyst,Betsy L. Graseck,Morgan Stanley,135,Yeah. And then can you give us any sense of what Basel IV endgame means to you in your RWAs? How much should we be baking in for those?,82,True,True,34,False
JPM,2023-Q1,earnings,2023-04-14,84,qa,management,Jeremy Barnum,,685,"Yeah, Betsy, we really don't have any new information there, right? I mean, I think clearly if you go back like a year, we were maybe a little bit more optimistic that it might be across all the different levers and all the different pieces of it, closer to capital neutral. I think now it feels like it’s likely to be worse than that. Hopefully, it’s not too much worse than that. And I would just remind you that there are a lot of different levers, so when the NPR comes, that's only going to be a part of it, there's going to be other pieces – the holistic review. And it's going to take a lot of time to phase in and we're going to have time to adjust. So we'll know when we know.",83,True,False,34,False
JPM,2023-Q1,earnings,2023-04-14,85,qa,analyst,Betsy L. Graseck,Morgan Stanley,7,Got it.,84,True,True,35,False
JPM,2023-Q1,earnings,2023-04-14,86,qa,management,Jamie Dimon,,956,"And there were supposed – I just remembered, there were supposed to be pauses in there about how they looked at banks relative to the global economy, which are getting smaller. The G-SIFI was supposed to be adjusted for that. So, it may very – we're expecting it go up, but there are a lot of reasons why it shouldn't go up. And JPMorgan – there's so much capital. I mean, so you can't look at JPMorgan and say, well, it's a capital issue. And even the banks, by the way, when you look at it – even though some of the banks that are in trouble, they have plenty of capital. Their issue wasn't capital, it was other things. And so I'm just hoping regulators are very thoughtful. And the other thing is they should a priori decide what they want out of the banking system at this point because I've made it clear – I can look at the banking system and say that no bank should keep a loan, if possible. That's how much capital is now being required for loans.",85,True,False,35,False
JPM,2023-Q1,earnings,2023-04-14,87,qa,analyst,Betsy L. Graseck,Morgan Stanley,38,This is based on the current rule set.,86,True,True,36,False
JPM,2023-Q1,earnings,2023-04-14,88,qa,management,Jamie Dimon,,673,"Yeah, because the market is pricing holds. The market would take loans at much lower capital ratio than banks are being forced to hold for them. I'm talking about just loans only. So that's why you're seeing a lot of capital go to – I mean a lot of credit go to non-banks, and dramatically, by the way. Rapidly and dramatically. And so if you're a regulator, you should be looking at it and saying, do I want that? Is that a good thing for the system? If you believe it's a good thing for the system, raise the capital and more credit will go out of the system. That's fine. If that's what they want, that's fine. But they should do it with a forethought, not accidentally.",87,True,False,36,False
JPM,2023-Q1,earnings,2023-04-14,89,qa,analyst,Betsy L. Graseck,Morgan Stanley,124,"I like the NII from loans better than the gain on sale, so I'll prefer the former not the latter. But thanks, appreciate it.",88,True,True,37,False
JPM,2023-Q1,earnings,2023-04-14,90,qa,management,Jamie Dimon,,4,Yes.,89,True,False,37,False
JPM,2023-Q1,earnings,2023-04-14,91,qa,operator,Operator,,106,Thank you. The next question comes from the line of Glenn Schorr with Evercore ISI. Your line is now open.,90,True,False,37,False
JPM,2023-Q1,earnings,2023-04-14,92,qa,analyst,Glenn Schorr,Evercore ISI,665,"Thank you. So you talked about in your letter about regulators avoiding the knee-jerk reaction, which you addressed earlier. I'm curious on your thoughts around how customers have reacted and should react. Now my point, my question is – consumers can move excess cash balances if they want more insurance. They can do that in a lot of different ways: move it, treasuries, money market, extra accounts, whatever. The issue, the question I have for you is on the corporate side. Have you seen big changes in how corporate treasurers or CFOs are adapting their cash balances and working capital – and should they need to? And I appreciate your Warren Buffett comments.",91,True,True,38,False
JPM,2023-Q1,earnings,2023-04-14,93,qa,management,Jeremy Barnum,,589,"Yeah, Glenn, in short, we really haven't seen big changes to speak of. And I do think it's just worth saying – I think you're sort of hinting at this a little bit when you talk about the behavior of corporates – that when we talk about responses to the recent events through the lens of uninsured deposits, that's obviously very different if you're talking about large balances of non-operating uninsured deposits from financial institutions or de facto financial institutions versus normal large corporate operating balances, which is, of course, like core banking business for all of us.",92,True,False,38,False
JPM,2023-Q1,earnings,2023-04-14,94,qa,management,Jamie Dimon,,1100,"When we saw it in Commercial Banking, Payments, Investment Banking and Custody, you did see money move – or I would call excess cash was moved out. But they have options. What I would call more like operational cash – so think even of a small companies, middle market companies, et cetera – that tends to be fairly sticky because you have your loans there, you have your money there, you're getting more and more competitive in rates. And that's why I think you see lot of regional banks – they've got sticky middle market deposits. If I lent you $30 million and you have $10 million, you're probably going to leave it at my bank. And they also are more competitive on the rate for that. So, I think you shouldn't be looking at deposit like one class – there's a whole bunch of different types, and analytically you go through each one and try to figure out what the stickiness is, and what the stickiness is and et cetera and so on. But I think they have already – as the Fed has raised rates, you've already seen – that's the reason we expected outflows both from consumers and corporate customers.",93,True,False,38,False
JPM,2023-Q1,earnings,2023-04-14,95,qa,analyst,Glenn Schorr,Evercore ISI,272,"Interesting. Just follow-up, the other thing that caught my eye in the letter is you mentioned that you're exploring new capital optimization strategies including partnerships and securitizations. What's different than what you've already been doing for the last 30 years?",94,True,True,39,False
JPM,2023-Q1,earnings,2023-04-14,96,qa,management,Jamie Dimon,,416,"We've got our smartest people, we’re going to figure out every angle to reduce capital requirements for JPMorgan. That's the difference. And we've been doing it, but there's securitizations, there are partnerships. You're seeing a lot of the private equity do the life insurance companies, and I expect that we're going to come up with a whole bunch of different things over time. And we'll shed certain assets, too.",95,True,False,39,False
JPM,2023-Q1,earnings,2023-04-14,97,qa,analyst,Glenn Schorr,Evercore ISI,20,"Yeah. Thanks, Jamie.",96,True,True,40,True
JPM,2023-Q1,earnings,2023-04-14,98,qa,operator,Operator,,92,Our final question comes from the line of Matt O'Connor with Deutsche Bank. You may proceed.,97,True,False,40,True
JPM,2023-Q1,earnings,2023-04-14,99,qa,analyst,Matt O'Connor,Deutsche Bank,355,"Good morning. You guys talked about one of the drivers of the higher net interest income guide this year is due to likely higher credit card balances. And I was just wondering if you could flush out what changed there on the outlook today versus three months ago. And I guess, is it a good or bad thing that those balances will be higher than you thought?",98,True,True,41,False
JPM,2023-Q1,earnings,2023-04-14,100,qa,management,Jeremy Barnum,,756,"Yeah. So the story there is kind of the same story we've been talking about for a while. It's just a matter of degree. So we had revolving balances obviously drop a lot during the pandemic period and then we talked about having them recover in absolute dollar terms to the same level as we'd had pre-pandemic, which I think happened last quarter. And then the remaining narrative is just the further normalization of the revolve per-account, because we also have seen some account growth, and that continues to happen. And so also, to Mike's question earlier, we're seeing a higher yield there as well. So, and on your question of whether it's good or bad, obviously there's a point at which the consumers have too much leverage. We don't see that yet, so.",99,True,False,41,False
JPM,2023-Q1,earnings,2023-04-14,101,qa,management,Jamie Dimon,,19,It's normalization.,100,True,False,41,False
JPM,2023-Q1,earnings,2023-04-14,102,qa,management,Jeremy Barnum,,5,Yeah.,101,True,False,41,False
JPM,2023-Q1,earnings,2023-04-14,103,qa,management,Jamie Dimon,,25,It's a good thing for us.,102,True,False,41,False
JPM,2023-Q1,earnings,2023-04-14,104,qa,management,Jeremy Barnum,,5,Yeah.,103,True,False,41,False
JPM,2023-Q1,earnings,2023-04-14,105,qa,analyst,Matt O'Connor,Deutsche Bank,320,"Okay. And then just separately to squeeze in – you guys took some securities losses again this quarter. And in the past you've talked about really just going security-by-security looking for, kind of, pricing opportunities. Is that kind of what drove it again this quarter, or is there some kind of broader, overarching…",104,True,True,42,False
JPM,2023-Q1,earnings,2023-04-14,106,qa,management,Jamie Dimon,,111,"That'll be every quarter for the rest of our lives. Sell what we find rich, and we buy what we think is dear...",105,True,False,42,False
JPM,2023-Q1,earnings,2023-04-14,107,qa,management,Jeremy Barnum,,6,Cheap.,106,True,False,42,False
JPM,2023-Q1,earnings,2023-04-14,108,qa,management,Jamie Dimon,,6,Cheap.,107,True,False,42,False
JPM,2023-Q1,earnings,2023-04-14,109,qa,analyst,Matt O'Connor,Deutsche Bank,27,Okay. All right. Thank you.,108,True,True,43,False
JPM,2023-Q1,earnings,2023-04-14,110,qa,operator,Operator,,29,We have no further questions.,109,True,False,43,False
JPM,2023-Q1,earnings,2023-04-14,111,qa,management,Jamie Dimon,,38,"Excellent. Folks, thank you very much.",110,True,False,43,False
JPM,2023-Q1,earnings,2023-04-14,112,qa,operator,Operator,,105,That concludes today's conference. Thank you all for your participation. You may disconnect at this time.,111,True,False,43,False
JPM,2023-Q2,earnings,2023-07-14,4,qa,analyst,Jim Mitchell,Seaport Global Securities,574,"Thanks. Good morning. Hey, Jeremy, you talked about NII guidance up. Clearly, Fed Funds futures are up so it makes some sense. But maybe I guess first, could you kind of discuss – I guess comment on deposit behavior broadly around betas and mix and what you're seeing there so far? It seems to be coming in a little better than expected. And then secondly, and probably more importantly, can you help us think about the implications of higher-for-longer rates on the outlook for NII next year and beyond? I guess the intermediate term outlook that you guys had talked about?",3,True,True,1,False
JPM,2023-Q2,earnings,2023-07-14,5,qa,management,Jeremy Barnum,,1366,"Yeah, sure. Thanks, Jim. So, yeah, so when we talk about the drivers of the upward revision, as I said, it's higher rates coupled with lower deposit reprice; hard to untangle the two drivers. And specifically, I think when you look at Consumer, the combination of the passage of time and the positive feedback we're getting from the field and the CD offerings in particular has meant that it's quite a kind of stable environment from that perspective. And similarly, in Wholesale we're just seeing slower internal migrations. You asked about mix. I think that obviously, we're seeing the CD mix increase and we would expect that to continue to take place probably even past the peak of the rate cycle into next year as we continue to capture money in motion. But as you say, the most important point is the fact that, as I said earlier, we don't consider this level of NII generation to be sustainable. And we talked previously about a sort of medium-term run rate in the mid-70s. That was before First Republic, and you could argue that maybe that number should be a little higher. But whatever it is, it's a lot lower than the current number. We don't know when that's going to happen. We're not going to predict the exact moment; that's going to be a function of competitive dynamics in the marketplace. But we want to be clear that we do expect it at some point.",4,True,False,1,False
JPM,2023-Q2,earnings,2023-07-14,6,qa,analyst,Jim Mitchell,Seaport Global Securities,231,"Okay. But I guess just one follow-up on that. Just if we don't get rate cuts till middle of next year or later, does that sort of give some confidence to the outlook for next year or are you still worried about significant reprice?",5,True,True,2,False
JPM,2023-Q2,earnings,2023-07-14,7,qa,management,Jeremy Barnum,,475,"I wouldn't necessarily assume that the evolution from the current run rate into that mid-70s number is that sensitive to the rate outlook in particular. When we put that number out there, we looked at a range of different types of rate environments and the reprice that we think would be associated with that. It was really meant to capture more of what we consider to be a through-the-cycle sustainable number, so I wouldn't think of it as being particularly rate-dependent.",6,True,False,2,False
JPM,2023-Q2,earnings,2023-07-14,8,qa,analyst,Jim Mitchell,Seaport Global Securities,20,Okay. Great. Thanks.,7,True,True,3,True
JPM,2023-Q2,earnings,2023-07-14,9,qa,operator,Operator,,71,"Next, we'll go to the line of Erika Najarian from UBS. You may proceed.",8,True,False,3,True
JPM,2023-Q2,earnings,2023-07-14,10,qa,analyst,Erika Najarian,UBS,870,"Hi. Good morning. Jeremy, I'm just laughing to myself because I said to you at Investor Day – do you have any more NII rabbits to pull out of the hat, and I guess you do. So I guess, I want to ask a broader question really here. And maybe, Jamie, I'd like to get your thoughts. So you earned 23% ROTCE on 13.8% CET1, and we hear you loud and clear that you're more normalized NII generation is not $87 billion. That being said, and fully taking into account the potential haircut from Basel III Endgame, is it possible that your natural ROTCE is maybe above that 17% through-the-cycle rate when rates aren't zero? Because when you first introduced that ROTCE target, we were in a different world from a rate scenario and everybody's talking about even if the Fed cuts, the natural sort of bottom in Fed funds is not going to be zero. So any input on that would be great.",9,True,True,4,False
JPM,2023-Q2,earnings,2023-07-14,11,qa,management,Jeremy Barnum,,1671,"Yeah. Thanks, Erika. I mean, it's a good question. There's a lot in there, obviously. I guess I would start by saying that when we talked about the 17% through-the-cycle ROTCE, even though we may have introduced that in a moment when we were at the lower zero bound, it was always premised on a sort of normalized rate environment, and at some level that remains true today. Furthermore, you didn't ask this explicitly, but in the context of the proposed Basel III Endgame, one relevant question might be if you have a lot more capital in the denominator, what happens to that target? So I think as I said in my prepared remarks, we feel very confident about the company's ability to produce excellent returns through the cycle. There's a lot of moving parts right now in that; some of them could be good, some of them could be bad. Narrowly, on the capital one, the one thing to point out is that the straight-up math of simply diluting down the ROTCE by expanding the denominator misses the possibility of reprice, repricing of products and services, which of course goes back to our point that these capital increases do have impacts on the real economy. So we're not suggesting that we can price our way out of it, but we obviously need to get the right returns on products and services, and where we have pricing power we will adjust to the higher capital. So a lot of moving parts in there, but I think the important point is that through a range of scenarios we feel good about our ability to deliver good results. And we'll see how the mix of all the various factors plays out especially after we see the Basel III proposal and then go through the comment period.",10,True,False,4,False
JPM,2023-Q2,earnings,2023-07-14,12,qa,management,Jamie Dimon,,549,"And Erika, I would just add one thing. We do have a mix of businesses that earn from like 0% ROTCE to 100%. We have some which are very capital-intensive so we look at kind of all of them, and I think 17% is a good number and a good target. The other thing we're over-earning on is credit. We've been over-earning on credit for a substantial amount of time now, we're quite conscious about it. We know that it's going to pick up just as it normalizes, considerably more than now. Look, we would consider credit card normalizing to be closer to 3.5%.",11,True,False,4,False
JPM,2023-Q2,earnings,2023-07-14,13,qa,analyst,Erika Najarian,UBS,149,"And so my follow-up question there. Maybe, Jeremy, could you remind us what unemployment rate is embedded in your ACL ratio as of the second quarter?",12,True,True,5,False
JPM,2023-Q2,earnings,2023-07-14,14,qa,management,Jeremy Barnum,,22,Yeah. It’s still 5.8%.,13,True,False,5,False
JPM,2023-Q2,earnings,2023-07-14,15,qa,analyst,Erika Najarian,UBS,10,Thank you.,14,True,True,6,True
JPM,2023-Q2,earnings,2023-07-14,16,qa,operator,Operator,,86,"Next, we'll go to the line of John McDonald from Autonomous Research. You may proceed.",15,True,False,6,True
JPM,2023-Q2,earnings,2023-07-14,17,qa,analyst,John McDonald,Autonomous Research,303,"Hi. Good morning. Jeremy, wanted to ask about capital in the wake of the Barr speech. We don't have the details yet, but just kind of wanted to ask about options that you have and strategies for mitigation both on RWA and potentially on the GSIB front as well as you contemplate what you heard recently.",16,True,True,7,False
JPM,2023-Q2,earnings,2023-07-14,18,qa,management,Jeremy Barnum,,1463,"Yeah. Thanks, John. So obviously, we're thinking about that a lot. On the other hand, as much as there have been a lot of very detailed rumors out there that might lead you to start to try to do some planning, it does seem like this time it's real and we are actually going to get a proposal presumably sometime this month or something. So soon enough, we'll get to see something actually on paper and we can stop kind of the guesswork. Having said that, indulging in a little bit of guesswork, it does seem like the biggest single driver of the increase that people are talking about, including Chair Powell's 20% number or Vice Chair Barr’s 2% of RWA which winds up being roughly the same, is just the way operational risk is getting introduced into the Standardized pillar. And that is a little bit of a straight-up, across-the-board tax on everything. It's kind of hard to optimize your way out of that, with the exception obviously of the fact that you can simply increase price, assuming you have pricing power, but that's obviously not what we want and that's what we sort of mean by impacts on the real economy. So there are details, there is a lot of the FRTB stuff; we can get way into the weeds there within the Markets business. And we do have a good track record of adjusting and optimizing, but this time around, it may be a more fundamental set of questions around business mix as opposed to the ability to sort of optimize in a very technical way.",17,True,False,7,False
JPM,2023-Q2,earnings,2023-07-14,19,qa,analyst,John McDonald,Autonomous Research,335,"Okay. That's helpful. And with a number of years for this to phase in and you generating capital at a high level even if the ROTCE comes down a bit, how should we think about your pace of building capital for these new changes versus doing your everyday course of investing and buybacks and things like that over the next couple years?",18,True,True,8,False
JPM,2023-Q2,earnings,2023-07-14,20,qa,management,Jeremy Barnum,,821,"Yeah. I mean, I guess I'm sort of tempted to give you our standard capital hierarchy here. I mean, we're not going to sacrifice investments, right? That won't come as a surprise to you. Generally speaking, we're always going to try to comply with new requirements early. So when we know the requirements and when we have visibility, obviously given how much organic capital we're generating right now, whatever the answer winds up being it'll be pretty easy to comply, narrowly speaking. But that's not the same as saying that there won't be consequences to returns or to pricing. And if for whatever reason things aren't exactly as we're anticipating, I don't see us sacrificing investments that we see as strategically critical in order to comply with higher capital requirements ahead of the formal timing or whatever.",19,True,False,8,False
JPM,2023-Q2,earnings,2023-07-14,21,qa,analyst,John McDonald,Autonomous Research,41,Okay. And there's some room for buybacks?,20,True,True,9,False
JPM,2023-Q2,earnings,2023-07-14,22,qa,management,Jeremy Barnum,,60,"It's unlikely, obviously. That would be an unlikely outcome.",21,True,False,9,False
JPM,2023-Q2,earnings,2023-07-14,23,qa,analyst,John McDonald,Autonomous Research,16,Okay. Thank you.,22,True,True,10,True
JPM,2023-Q2,earnings,2023-07-14,24,qa,management,Jeremy Barnum,,48,"Sorry, John. Go ahead. Did you have a follow-up?",23,True,False,10,True
JPM,2023-Q2,earnings,2023-07-14,25,qa,analyst,John McDonald,Autonomous Research,108,"Yeah. No, just do buybacks play a role in the next couple years strategically? Do you episodically buy back?",24,True,True,11,False
JPM,2023-Q2,earnings,2023-07-14,26,qa,management,Jeremy Barnum,,400,"I mean, capital hierarchy again, right? In the end, when we have nothing else to do with the money, we'll do buybacks. And we talked about the $12 billion for this year. Obviously a lot of new moving parts there. Although all else equal, given what we've done so far, that's still probably a reasonable number for the full year. But, yeah, that's always going to be at the end of the list. But, yeah.",25,True,False,11,False
JPM,2023-Q2,earnings,2023-07-14,27,qa,analyst,John McDonald,Autonomous Research,24,Got it. Okay. Thank you.,26,True,True,12,True
JPM,2023-Q2,earnings,2023-07-14,28,qa,operator,Operator,,72,"Next, we'll go to the line of Ken Usdin from Jefferies. You may proceed.",27,True,False,12,True
JPM,2023-Q2,earnings,2023-07-14,29,qa,analyst,Ken Usdin,Jefferies,471,Thanks. Good morning. I just wanted to ask a little bit about how you're feeling about the trade-off between like the commercial economy and what might come through in terms of future loan growth versus the kind of green shoots that people are talking about in the Investment Banking pipeline and just how it feels in terms of like re-opening of markets and the trade-off between getting some more of those fees in versus what's happening on the loan demand side. Thanks.,28,True,True,13,False
JPM,2023-Q2,earnings,2023-07-14,30,qa,management,Jeremy Barnum,,1107,"Sure. Good question, Ken. So I think in terms of Investment Banking and Markets, yeah, slightly better than expected last month. What I would talk about green shoots especially in Capital Markets generally, still definitely some headwinds in M&A, lower announced activity, some regulatory headwinds there, so we'll see. I think it's a little too early to call a trend there based on recent results, but we'll see. In terms of the broader economy and loan growth expectations, generally, we do still expect reasonably robust Card loan growth. But away from that for a variety of different reasons and different products, whether it be mortgage or C&I after revolver normalization, and especially if we see a little bit of a cooling off of the economy, I would expect loan demand to be relatively modest there, so we're not really expecting meaningful growth away from Card. But of course, we're there for the right deals, right products, right terms. We lend through the cycle, so I see that as more of a demand-driven narrative which will be a function of the economy rather than any tightening on our side.",29,True,False,13,False
JPM,2023-Q2,earnings,2023-07-14,31,qa,analyst,Ken Usdin,Jefferies,513,"That makes sense. And as a follow-up to that, on the Consumer side you mentioned that consumers continue to spend albeit a little more slowly, and you mentioned that consumers are also using their excess deposits a little bit more as well. Can you just elaborate a little bit more on just your feeling about the state of the consumer? And is that Card growth continue to be driven by people needing to revolve as opposed to wanting to have more in their deposits? Just kind of want the trade-off on that side too?",30,True,True,14,False
JPM,2023-Q2,earnings,2023-07-14,32,qa,management,Jeremy Barnum,,391,"Yeah. I mean, to us I think we still see this as a normalization, not deterioration story when we talk about consumer credit. Actually, revolve per account has still not gotten to pre-pandemic levels actually, so I would definitely say that it's a wanting rather than needing at least for our portfolio at this point. And, yeah, I think the consumer continues to surprise on the upside here.",31,True,False,14,False
JPM,2023-Q2,earnings,2023-07-14,33,qa,analyst,Ken Usdin,Jefferies,24,Got it. Okay. Thank you.,32,True,True,15,True
JPM,2023-Q2,earnings,2023-07-14,34,qa,operator,Operator,,87,"Next, we'll go to the line of Gerard Cassidy from RBC Capital Markets. Please go ahead.",33,True,False,15,True
JPM,2023-Q2,earnings,2023-07-14,35,qa,analyst,Gerard Cassidy,RBC Capital Markets,355,"Good morning, Jeremy. Good morning, Jamie. Jeremy, can you give us your view on how you're measuring the treasury functions and the asset liability of your balance sheet as we go forward versus the way you guys were positioning and managing it a year ago in view of the fact that it looks like maybe we're approaching the terminal rate on Fed funds rates?",34,True,True,16,False
JPM,2023-Q2,earnings,2023-07-14,36,qa,management,Jeremy Barnum,,1040,"Yeah. Gerard, I would say honestly not much changed there actually. We have been pretty consistently concerned about the risk of higher rates. Of course, we always try to position things to produce reasonable outcomes across a broad range of scenarios. But at the margin, we've been biased towards higher rates, and that may be a little less true at these levels than it was before, although a lot of that is just the consequence of deposit convexity playing out in the modeling. But in any case, all else equal, I think we are going to continue to focus on making sure we're fine in a higher rate scenario while staying balanced across a range of scenarios. So not really a lot of change in our positioning, and that's obviously including the fact that we took on First Republic which, even net of some of the liabilities, had a long structural interest rate position. We did not actually want to get longer as part of the deal, and so as a result we took actions to ensure that net-net we are still about the same as we were last quarter.",35,True,False,16,False
JPM,2023-Q2,earnings,2023-07-14,37,qa,analyst,Gerard Cassidy,RBC Capital Markets,409,"Very good. And then as a follow-up, you mentioned in giving us the read-through on the Commercial Banking segment of the business that you had some reserve building tied to some office real estate and also some downgrades in the Middle Market area. Can you go a little deeper? What are you guys seeing in this area, both Commercial Real Estate but also the C&I loans? What's happening in that segment as well?",36,True,True,17,False
JPM,2023-Q2,earnings,2023-07-14,38,qa,management,Jeremy Barnum,,812,"Yeah. So I would caution you from drawing too broad a conclusion from this. I mean, I think that when we talk about office for example, our portfolio as you know is quite small and our exposure to sort of so-called urban dense office is even smaller. The vast majority of our overall portfolio is multi-family lending so as a result, like our sample size of observed valuations on office properties is quite small. But you know we like to be sort of ahead of the cycle, and based on everything that we saw this quarter it just felt reasonable to build a little bit there to get to what felt like a comfortable coverage ratio. In the Middle Market segment, we saw downgrades in excess of upgrades, but I don't see that as sort of necessarily indicative of anything terribly significant in the broader read-across.",37,True,False,17,False
JPM,2023-Q2,earnings,2023-07-14,39,qa,analyst,Gerard Cassidy,RBC Capital Markets,10,Thank you.,38,True,True,18,False
JPM,2023-Q2,earnings,2023-07-14,40,qa,operator,Operator,,80,"Next, we'll go to the line of Steve Chubak from Wolfe Research. Please go ahead.",39,True,False,18,False
JPM,2023-Q2,earnings,2023-07-14,41,qa,management,Jeremy Barnum,,17,"Steve, you there?",40,True,False,18,False
JPM,2023-Q2,earnings,2023-07-14,42,qa,operator,Operator,,119,It looks like his line dropped so next we'll go to the line of Ebrahim Poonawala from Bank of America. You may proceed.,41,True,False,18,False
JPM,2023-Q2,earnings,2023-07-14,43,qa,analyst,Ebrahim H. Poonawala,Bank of America,574,"Good morning. I guess just first question, following up on the outlook for the economy. Like, we've all been worried about the recession for a year and there's a debate about the lagged effects of the Fed rate hike cycle. When you think about – Jeremy, I think you mentioned your unemployment outlook relatively similar today versus a quarter ago – how worried should we be in terms of the credit cycle 6 to 12 months from now? Or are you leaning towards concluding that maybe U.S. businesses, consumers have absorbed the rate cycle a lot better than we expected a year ago?",42,True,True,19,False
JPM,2023-Q2,earnings,2023-07-14,44,qa,management,Jeremy Barnum,,1188,"Yeah. So, I mean, I'm sure Jamie has some views here. But in my view, I would just caution against jumping to too many super-positive conclusions based on a couple of recent prints. And I think generally, our point is less about trying to predict a particular outcome and more about trying to make sure that we don't get too much euphoria that over-concentrates people on one particular prediction when we know that there's a range of outcomes out there. So obviously, people are talking a lot about the potential for soft-landing right now, no landing, immaculate disinflation or whatever. And whether our own views on that have changed meaningfully, I don't know. But the broader point is that we continue to be quite focused on Jamie's prior comment that loss rates still have room to normalize even post-pandemic, so we're probably over-earning on credit a little bit. Obviously, we've talked about the expectation that the NII is going to come down quite a bit. So even forgetting about whether you get some surprisingly negative outcomes on the economy from where we stand today, even in a central case you just need to recognize that there should be some significant normalization.",43,True,False,19,False
JPM,2023-Q2,earnings,2023-07-14,45,qa,management,Jamie Dimon,,940,"Yeah. And I would just add that the 5.8% is not our prediction. That is the average of the unemployment under multiple scenarios that we have to use which are hypothetical for CECL. So you have this prediction that's going to always look something different and we don't know the outcome. We try to be really clear here – the consumer is in good shape, they're spending down their excess cash – that's all tailwinds. Even if we go to a recession, they're going with rather good conditions, low borrowings and good house price values still. But the headwinds are substantial and somewhat unprecedented. There's war in Ukraine, oil and gas, quantitative tightening, unprecedented fiscal needs of governments, QT which we never experienced before. I just think people should take a deep breath on that. We don't know if those things could put us in a soft landing, a mild recession or a hard recession. And obviously, we all hope for the best.",44,True,False,19,False
JPM,2023-Q2,earnings,2023-07-14,46,qa,analyst,Ebrahim H. Poonawala,Bank of America,362,"Got it. And just a follow-up on the upcoming Basel reforms, two questions. You've talked about the impact to the U.S. economy, like others have said the same. At this point, is that falling on deaf ears? And secondly, maybe, Jeremy, if you can touch upon just structural changes that you expect to make in the Capital Markets business because of FRTB. Thank you.",45,True,True,20,False
JPM,2023-Q2,earnings,2023-07-14,47,qa,management,Jeremy Barnum,,96,"Yeah. So on your first point, I mean, I think you can just read Vice Chair Barr's speech, right?",46,True,False,20,False
JPM,2023-Q2,earnings,2023-07-14,48,qa,analyst,Ebrahim H. Poonawala,Bank of America,5,Yeah.,47,True,True,21,False
JPM,2023-Q2,earnings,2023-07-14,49,qa,management,Jeremy Barnum,,1314,"He addressed that point fairly directly. He clearly doesn't agree as is his right, so we'll see what happens. We continue to feel that, all else equal, higher capital requirements definitely are going to increase the cost of credit, which is bad for the economy, so we'll see what happens on that. On FRTB, it's really very nuanced. It's probably too much detail for this call, to be honest. But just to give you like one immaterial and insignificant but useful example, one product under FRTB is yield curve spread options. And if the FRTB proposal goes through as currently written, that product just becomes not viable. So, obviously, if we need to stop doing that product, no one really cares. But it's just one example of the way sometimes, when you're really disciplined about allocating capital thoroughly all the way down to individual products and responding accordingly, you can wind up having to change your business mix. There are obviously more significant products that matter much more for the real economy like mortgage where the layering-on of the operational risk and the way it's being proposed, especially if some of the other beneficial elements of the proposal don't come through, you're once again making that product even harder to offer to homeowners. So we'll see, we'll see what happens.",48,True,False,21,False
JPM,2023-Q2,earnings,2023-07-14,50,qa,management,Jamie Dimon,,450,"I would just add to that. Even if your product doesn't make money, you might do it for clients who are great clients. You're going to manage by product, by client, and by effectively business mix, and those need adjustments. Roughly, loans don't make sense to put on your balance sheet as a whole, almost any loan, and people have to recognize that. And so we just manage through all the various complications here and figure out what the hell to do.",49,True,False,21,False
JPM,2023-Q2,earnings,2023-07-14,51,qa,analyst,Ebrahim H. Poonawala,Bank of America,16,Okay. Thank you.,50,True,True,22,True
JPM,2023-Q2,earnings,2023-07-14,52,qa,operator,Operator,,85,"Next, we'll go to the line of Mike Mayo from Wells Fargo Securities. You may proceed.",51,True,False,22,True
JPM,2023-Q2,earnings,2023-07-14,53,qa,analyst,Mike Mayo,Wells Fargo Securities,554,"Hi. I had another question on Vice Chair Barr's speech from this week. To the extent that capital ratios do go up 20% for you and perhaps others, to what degree would you think about changing your business model in terms of remixing where you do business, repricing or simply removing activities that you used to do? It's kind of ironic, or maybe it's not ironic, that Apollo hits an all-time stock price high at the same week of the speech. So how much business leaves JPMorgan or the industry if capital ratios do go up as much as potentially proposed?",52,True,True,23,False
JPM,2023-Q2,earnings,2023-07-14,54,qa,management,Jeremy Barnum,,21,"Yeah. Mike, I mean...",53,True,False,23,False
JPM,2023-Q2,earnings,2023-07-14,55,qa,management,Jamie Dimon,,166,"Wait. Before Jeremy answers the question, this is great news for hedge funds, private equity, private credit, Apollo, Blackstone – and they’re dancing in the streets.",54,True,False,23,False
JPM,2023-Q2,earnings,2023-07-14,56,qa,management,Jeremy Barnum,,935,"Yeah, exactly. And I was going to say, Mike, yes to everything, so meaning repricing, yes, definitely. To the extent that we have pricing power and the higher capital requirements mean that we're not generating the right returns for shareholders, we will try to reprice and we'll see how that sticks and how that flows into the economy and how that affects demand for products. And if the repricing is not successful, then in some cases we will have to remix and that means getting out of certain products and services. And as Jamie points out, that probably means that those products and services leave the regulated perimeter and go elsewhere, and that's fine. As Jamie points out, those people are clients and I think that point was addressed also in Vice Chair Barr's speech. But traditionally, having risky activities leave the regulated perimeter has had some negative consequences, so these are all important things to consider.",55,True,False,23,False
JPM,2023-Q2,earnings,2023-07-14,57,qa,analyst,Mike Mayo,Wells Fargo Securities,634,"Alright, and separate question. I appreciate the Investor Day – gives a little bit more color on the degree that your investments may or may not pan out; we are still all watching that closely. Having said that, you just increased revenue guidance by $10 billion for NII between this quarter and the first quarter without changing expense guidance by even $1. Aren't you tempted to spend a little bit more? Why not spend more if you're gaining share? And I'm not saying that you should; I'm just wondering like aren't you tempted to do so? You have $10 billion more revenues and you're not spending $1 more of expenses. Like, why not?",56,True,True,24,False
JPM,2023-Q2,earnings,2023-07-14,58,qa,management,Jeremy Barnum,,109,"Mike, let me get this right. You're actually complaining that our expenses aren't high enough? Is that right?",57,True,False,24,False
JPM,2023-Q2,earnings,2023-07-14,59,qa,analyst,Mike Mayo,Wells Fargo Securities,110,"Wait, wait. Just to be clear. It's just the flip side of the question I asked for two years, going back to it.",58,True,True,25,False
JPM,2023-Q2,earnings,2023-07-14,60,qa,management,Jeremy Barnum,,962,"Fair enough. I appreciate the balance. In all seriousness, we've always been pretty clear, right, that our spending is through-the-cycle spending based on through-the-cycle investment, through-the-cycle spending based on our through-the-cycle view of the earnings-generating power of the company and the goal to produce the right returns. So broadly speaking, NII tends to flow straight through to the bottom line, both when it's going up and, by the way, when it's going down too, and we've been through those moments as you well remember. So whether or not there are opportunities to deploy some more dollars into marketing and stuff like that, we have actually looked at that recently. I don't see that being a meaningful item this year, which is part of why we have not revised the expense guidance so far. But this is about investing through the cycle and being honest and disciplined about which revenue items carry expense loading and which of them don't.",59,True,False,25,False
JPM,2023-Q2,earnings,2023-07-14,61,qa,analyst,Mike Mayo,Wells Fargo Securities,32,And then last quick follow-up...,60,True,True,26,False
JPM,2023-Q2,earnings,2023-07-14,62,qa,management,Jamie Dimon,,404,"Mike, I think we're kind of running as fast as we can. So if you actually sat down directly with credit compliance, auto market, bankers, recruiters, traders – Mike, this is it. We're full effort right now and we want to make sure we get things right and get things thoughtful and careful. So it's not just the money, it's the people and how many things you can change all at once and add to all at once.",61,True,False,26,False
JPM,2023-Q2,earnings,2023-07-14,63,qa,analyst,Mike Mayo,Wells Fargo Securities,443,"And then one quick follow-up to that. Your efficiency ratio this quarter is the lowest we've seen in a long, long time and I guess you're saying don't extrapolate this efficiency ratio because NII will come down at some point. But when you just simply look at – you benchmark yourself against the low-cost providers, where do you think you're there now and where can you still go because if you extrapolate this quarter, you're getting closer?",62,True,True,27,False
JPM,2023-Q2,earnings,2023-07-14,64,qa,management,Jeremy Barnum,,724,"Yeah. I mean, you said it yourself, right? You definitely can extrapolate the current numbers. But I think more broadly on benchmarking ourselves to low-cost providers, it sort of speaks to an area that you've been interested in for a long time which is all of the investment that we're doing in technology to improve generally scalability and get more of our cost base to be variable versus fixed in terms of how we respond to volumes – that's a big part of the reason that we're doing the investments that we're doing, and modernization and cloud and AI and all the type of stuff that we've talked about a lot. So I think we feel really good about our efficiency as a company, but there definitely is room for improvement.",63,True,False,27,False
JPM,2023-Q2,earnings,2023-07-14,65,qa,analyst,Mike Mayo,Wells Fargo Securities,19,Alright. Thank you.,64,True,True,28,True
JPM,2023-Q2,earnings,2023-07-14,66,qa,operator,Operator,,81,"Next, we'll go to the line of Steven Chubak from Wolfe Research. You may proceed.",65,True,False,28,True
JPM,2023-Q2,earnings,2023-07-14,67,qa,analyst,Steven Chubak,Wolfe Research,441,"Hey. Thanks for taking the question and apologies for the technical issues earlier. Wanted to ask on the deposit outlook – just with signs that recent liquidity drawdown has come predominantly out of RRP versus industry deposits, just wanted to get your thoughts on what expectations you have for deposit growth in the second half, both for you and even the broader industry, especially as Treasury issuance really begins to ramp in earnest.",66,True,True,29,False
JPM,2023-Q2,earnings,2023-07-14,68,qa,management,Jeremy Barnum,,1832,"Yeah. Good question, Steve, so let me say a couple things about this. So obviously, our deposit numbers have bounced around a little bit as a function of some of the turmoil that we saw in regional banks as well as obviously the First Republic transaction. But now, if you look at our kind of end-of-period deposits this quarter and you project forward, our core view is that we would expect a sort of modest downward trend to re-assert itself from this higher starting point, broadly as a function of QT playing through the system but noting that we do have some hope for offsets by taking share. Just to give a couple examples, like in Consumer, we've got some of our branch expansion markets seasoning and so there are share opportunities there. And in Wholesale, we’ve obviously invested a lot in products and services and so we think we have compelling offerings that are helping us win mandates, and so there are potentially some share offsets there. But broadly, our core view remains modest deposit declines across the franchise. Within that, you note the same thing we've noted that as we got through the debt ceiling and the TGA build has come into effect, and you've seen a lot of bill issuance, big question in the market about whether that was going to come out of reserves or come out of RRP. And so far, with most of the TGA build – I guess they're targeting $600 billion and they're at $550 billion – or something so they're almost done, more of it than some people feared has come out of RRP. So as you say, I think that's a relatively good sign and highlights how the system works better when you've got ample supply of short-dated collateral on the front end of the yield curve. So that whole RRP/TGA bank reserve dynamic is going to continue to be significant, but it is good to see RRP coming down a little bit.",67,True,False,29,False
JPM,2023-Q2,earnings,2023-07-14,69,qa,analyst,Steven Chubak,Wolfe Research,244,"Helpful color, and just a follow-up on Card income. Revenues were muted in the quarter. I was hoping you could unpack just the sources of pressure. Maybe more specifically, how much of a drag is associated with FAS 91 versus some other factors.",68,True,True,30,False
JPM,2023-Q2,earnings,2023-07-14,70,qa,management,Jeremy Barnum,,430,"Yeah. So actually, that Card income number, Steve, is a little bit of a one-off thing. So we had a reward liability adjustment this quarter, kind of a technical thing, so that's just a temporary headwind. And also, the sequential comparison is also getting hurt by a small positive one-off item in the prior period. And obviously, I know you guys looked at it, but Card income isn't sort of a thing we look at that much ourselves.",69,True,False,30,False
JPM,2023-Q2,earnings,2023-07-14,71,qa,analyst,Steven Chubak,Wolfe Research,41,Can you size the reward liability impact?,70,True,True,31,False
JPM,2023-Q2,earnings,2023-07-14,72,qa,management,Jeremy Barnum,,147,Why don't you get Mikael to give that to you? It's not that significant but it's enough to just make the sequential number look a little bit wonky.,71,True,False,31,False
JPM,2023-Q2,earnings,2023-07-14,73,qa,analyst,Steven Chubak,Wolfe Research,38,Great. Thanks for taking my questions.,72,True,True,32,True
JPM,2023-Q2,earnings,2023-07-14,74,qa,operator,Operator,,78,"Next, we'll go to the line of Glenn Schorr from Evercore ISI. You may proceed.",73,True,False,32,True
JPM,2023-Q2,earnings,2023-07-14,75,qa,analyst,Glenn Schorr,Evercore ISI,714,"Thank you. Just want to follow-up on this pricing power conversation because you've been consistent over time that you have a limited ability to sustain pricing power due to the competitive landscape. But I guess my question is if not now, when? Meaning, a lot has changed on the institutional side, the European bank side, the regional bank side and I would think that there’d be certain businesses that you have a greater ability and willingness to push price on. And then maybe you could tie that to your comments in the press release on what are the material – what are the real-world consequences for markets and end users that you're referring to when talking about material regulatory changes? Thanks a lot.",74,True,True,33,False
JPM,2023-Q2,earnings,2023-07-14,76,qa,management,Jeremy Barnum,,845,"Sure. So, look, on pricing power, you're right – it really depends on the product and it depends on the competitive landscape across different banks, and so it's very granular, it's very product-specific and in some cases we'll have more pricing power than in other cases. I think the overall point that we're trying to make in connection with Basel III Endgame is just that like we think the capital increases are excessive and it puts pressure on returns all else equal, that obviously puts pressure on us to increase price where we can. That is generally a bad thing for the real economy and how all that plays out in detail across different products and services remains to be seen, importantly since we don't actually have the proposal yet – so we need those details. And sorry, Glenn I forgot the second half of your question. What was it?",75,True,False,33,False
JPM,2023-Q2,earnings,2023-07-14,77,qa,analyst,Glenn Schorr,Evercore ISI,439,"Actually, I think you hit on it so I'll just do a follow-up on a related. So the notion of private credit doing large traditional investment-grade lending activity is maybe part of the competitive landscape that limits the ability to push price. In Jamie's letter, you talked about the downside – or my question is what's the downside if more of the mortgage credit asset-backed intermediation business is pushed out of the banking system?",76,True,True,34,False
JPM,2023-Q2,earnings,2023-07-14,78,qa,management,Jeremy Barnum,,1084,"I mean, I guess it depends on what you mean by downside. But I just think societally speaking, I think we've seen in recent history that when home lending is happening outside the regulated perimeter and things get bad, when you have economic downturns, it produces bad outcomes for individuals and homeowners and society as a whole, and Jamie has written about this extensively. Beyond that, financially, we've talked about how mortgage lending – I mean, the profitability swings obviously is reasonably cyclical and the recent past has actually been very profitable, then it was less so. Like, the correspondent channel right now is actually picking up a little bit. But it's a thin-margin business, it's challenging. And when you increase the capital requirements, it makes it even harder so that just becomes one of the areas where you're in that tension between remixing versus pricing power that we talked about a second ago. And it might, in fact, mean that we do less – less credit available for homeowners and more regulatory risk as the activity moves outside the perimeter.",77,True,False,34,False
JPM,2023-Q2,earnings,2023-07-14,79,qa,analyst,Glenn Schorr,Evercore ISI,24,"Appreciate that, Jeremy.",78,True,True,35,True
JPM,2023-Q2,earnings,2023-07-14,80,qa,operator,Operator,,81,"Next, we'll go to the line of Betsy Graseck from Morgan Stanley. You may proceed.",79,True,False,35,True
JPM,2023-Q2,earnings,2023-07-14,81,qa,analyst,Betsy L. Graseck,Morgan Stanley,17,Hi. Good morning.,80,True,True,36,True
JPM,2023-Q2,earnings,2023-07-14,82,qa,management,Jeremy Barnum,,10,"Hi, Betsy.",81,True,False,36,True
JPM,2023-Q2,earnings,2023-07-14,83,qa,analyst,Betsy L. Graseck,Morgan Stanley,290,"I just wanted to unpack a little bit more the drivers of the change you outlined that's coming in the 10-Q, Jeremy, regarding the asset sensitivity going from liability-sensitive to asset-sensitive, at least that's the way I read it. I just wanted to understand what the drivers of that is.",82,True,True,37,False
JPM,2023-Q2,earnings,2023-07-14,84,qa,management,Jeremy Barnum,,860,"Yeah, sure. No problem, Betsy. I mean, as you know, that's always been a challenging number. It's meant as a risk management measure of sorts, although it's also somewhat limited in that respect, and it has been of uneven usefulness in terms of a tool to be able to predict our NII trajectory when rates change. But as we've looked at that and try to improve it and spoken to all of you through this latest rate hiking cycle, we've come to the conclusion that it would improve the usefulness of the disclosure if we included in the modeling the effect of deposit repricing lags. And so, we've done that and that just has the effect that I talked about – it increases the EaR number about $4 billion from minus $1.5 billion, which is roughly what it was last quarter and what it would've been this quarter without the change to something more like $2.5 billion.",83,True,False,37,False
JPM,2023-Q2,earnings,2023-07-14,85,qa,analyst,Betsy L. Graseck,Morgan Stanley,8,So then…,84,True,True,38,False
JPM,2023-Q2,earnings,2023-07-14,86,qa,management,Jeremy Barnum,,268,"All the usual caveats apply, right? I mean, it's never – the answer is going to always – for any given change in rates, the change in our NII is always going to be for one reason or another different from what that disclosure shows. But we do our best to make it easy.",85,True,False,38,False
JPM,2023-Q2,earnings,2023-07-14,87,qa,analyst,Betsy L. Graseck,Morgan Stanley,466,"Okay. And so, is it fair for me to think about that change as a mark-to-market to where we are today? And when I think about your forward guide here, longer-term you're saying, look, deposit betas are accelerating. So as I go through the 10-Qs over the next four, five quarters, I should expect that that $2.5 billion should come down because deposit betas you're anticipating are going to be accelerating from here? I'm just trying to put those two things together.",86,True,True,39,False
JPM,2023-Q2,earnings,2023-07-14,88,qa,management,Jeremy Barnum,,841,"Yeah, it's a good question. It's quite a technical issue. So I think in the past, the way this number was constructed was to assume through-the- cycle betas on all the deposits, and so your notion that like the number would include deposit beta acceleration would not have been the case because it would've been using essentially terminal deposit betas based on the forward curve and then based on a 100% shock to the forward curve. The nuance that we've introduced now is to recognize that given the shock, the reprice that the beta predicts will not be instantaneous, and so you get sort of just the mathematical consequences of that. But I think translating that into a statement about our expectation for beta for the next 12 months relative to our NII guide might be a bridge too far. I'm not sure you can actually draw that conclusion.",87,True,False,39,False
JPM,2023-Q2,earnings,2023-07-14,89,qa,analyst,Betsy L. Graseck,Morgan Stanley,201,"Right. But you were saying earlier deposit betas you do anticipate are going to be accelerating from here, and that's part of the outlook for NII longer-term to normalize in the mid-70s. Is that right?",88,True,True,40,False
JPM,2023-Q2,earnings,2023-07-14,90,qa,management,Jeremy Barnum,,61,"Yes, but let me emphasize something on that. Go ahead, Jamie.",89,True,False,40,False
JPM,2023-Q2,earnings,2023-07-14,91,qa,management,Jamie Dimon,,348,"Yeah. I mean, basically, yes. If you have – if the next round is going to be the beta will be 30 to 40 to 50 bps, I mean, whatever the product is, yeah, that's the lag. And the $2.5 billion will go down over time as that actually happens – if rates actually go up. If rates don't actually go up, that $2.5 billion may be exactly $2.5 billion again.",90,True,False,40,False
JPM,2023-Q2,earnings,2023-07-14,92,qa,management,Jeremy Barnum,,5,Yeah.,91,True,False,40,False
JPM,2023-Q2,earnings,2023-07-14,93,qa,analyst,Betsy L. Graseck,Morgan Stanley,7,Got it.,92,True,True,41,False
JPM,2023-Q2,earnings,2023-07-14,94,qa,management,Jeremy Barnum,,437,"Yeah, exactly. And what I was going to say, Betsy, is just that the projection of the $87 billion coming down to a significantly lower number contains both the element of internal migration as well as the potential, which is by no means guaranteed, of product-level reprice. And furthermore then, obviously the dynamics are a little bit different in the different business segments as you move from large corporate Wholesale to Consumer.",93,True,False,41,False
JPM,2023-Q2,earnings,2023-07-14,95,qa,analyst,Betsy L. Graseck,Morgan Stanley,42,Okay. All right. Thank you. Appreciate it.,94,True,True,42,False
JPM,2023-Q2,earnings,2023-07-14,96,qa,management,Jeremy Barnum,,5,Yeah.,95,True,False,42,False
JPM,2023-Q2,earnings,2023-07-14,97,qa,operator,Operator,,80,"Next, we'll go to the line of Matt O'Connor from Deutsche Bank. You may proceed.",96,True,False,42,False
JPM,2023-Q2,earnings,2023-07-14,98,qa,analyst,Matt O'Connor,Deutsche Bank,635,"Good morning. So I'm in your camp that eventually consumers will want more deposit rate sensitivity here. But I guess what would make you change your rates meaningfully? So the top two banks have about 50% consumer market share, loan-to-deposit ratios are low. Your outlook for loan growth, and I think others, is fairly sluggish, at least outside of Card. I get that it's common sense, and that's what we've seen historically. But there really is this kind of big divergence among big banks and everybody else where the big banks just don't need to pay that much for deposits for a slew of reasons. So what would make you change that?",97,True,True,43,False
JPM,2023-Q2,earnings,2023-07-14,99,qa,management,Jeremy Barnum,,126,"Yeah. In the end, Matt, it's just feedback from the field. It's competition and feedback from the field. We – Jamie, go ahead.",98,True,False,43,False
JPM,2023-Q2,earnings,2023-07-14,100,qa,management,Jamie Dimon,,1048,"I think every bank is in a different position about what they need, and so you have a whole range of outcomes. But remember, we do this also by city, so you have different competition in Arizona – in Phoenix – than you have in Chicago, Illinois. And when you do have high interest rate products, so it's a combination of all those things. I wouldn't call it big bank versus small bank, and you're going to see when everyone reports who kind of paid up a little more for things and who didn't and things like that. So, look, guys, I would take it as a given. I think it's a mistake. There is very little pricing power in most of our business and betas are going to go up. Take it as a given. There is no circumstance that we've ever seen in the history of banking where rates didn't get to a certain point that you had to have competing products. And rates go up through migration or direct rates or movement to CDs or money market funds. We're going to have to compete for that – you already see it in parts of our business, and not in other parts.",99,True,False,43,False
JPM,2023-Q2,earnings,2023-07-14,101,qa,analyst,Matt O'Connor,Deutsche Bank,15,Yeah. I 100%...,100,True,True,44,False
JPM,2023-Q2,earnings,2023-07-14,102,qa,management,Jeremy Barnum,,106,"Yeah. Matt, it's really just about primary bank relationships in the end. That's the core of the strategy.",101,True,False,44,False
JPM,2023-Q2,earnings,2023-07-14,103,qa,analyst,Matt O'Connor,Deutsche Bank,291,"Yeah. I mean, again, I 100% agree, but we've never seen kind of loans-to-deposit ratios for banks like yours this low, so you could just let deposits run off at a modest amount for quite some time and make the decision not to pay up. I mean, I've seen the trade-off that eventually you'll...",102,True,True,45,False
JPM,2023-Q2,earnings,2023-07-14,104,qa,management,Jamie Dimon,,146,"But that's a little more complicated because a lot of that loan-to-value ratio is lower because of regulatory stuff, LCR, capital ratio, etcetera.",103,True,False,45,False
JPM,2023-Q2,earnings,2023-07-14,105,qa,analyst,Matt O'Connor,Deutsche Bank,35,Got it. Okay. All right. Thank you.,104,True,True,46,False
JPM,2023-Q2,earnings,2023-07-14,106,qa,management,Jeremy Barnum,,7,Thanks.,105,True,False,46,False
JPM,2023-Q2,earnings,2023-07-14,107,qa,operator,Operator,,96,"And for our final question, we'll go to Charles Peabody from Portales Partners. You may proceed.",106,True,False,46,False
JPM,2023-Q2,earnings,2023-07-14,108,qa,analyst,Charles W. Peabody,Portales Partners,545,"Morning. Jeremy, on page 4 of your presentation, you show some liquidity metrics. And there's been a meaningful deterioration, or I shouldn't say deterioration, depletion of some of that excess liquidity, obviously for First Republic primarily. So my question is how quickly do you want to rebuild that liquidity because as I look out towards 2024, there's probably a half dozen variables that are going to make liquidity a premium event – to have excess liquidity? So that's my first question. What's your plans for replenishing that liquidity?",107,True,True,47,False
JPM,2023-Q2,earnings,2023-07-14,109,qa,management,Jeremy Barnum,,824,"Yeah. Charlie, so I know we talked about this a little bit at Investor Day, right? So as I said in my prepared remarks, yeah, we think about half of the change in the bank LCR number is a consequence of First Republic and the rest of it is just the expected decrease in system-wide deposits flowing through into our HQLA balances and the bank LCR ratio. So that's all entirely as expected and therefore, I think that the replenishing notion is not correct. In fact, obviously, we still have ample, ample liquidity. Now, if you want to project trends forward, that's a different story but that's sort of the business of banking. We'll adjust accordingly in terms of our asset and liability mix across different products and to ensure compliance to the ratios and fortress balance sheet principles as you would expect from us.",108,True,False,47,False
JPM,2023-Q2,earnings,2023-07-14,110,qa,management,Jamie Dimon,,457,"And I would just add to that – just look at the top of the page in the press release, $1.4 trillion of cash and marketable securities. Even if we get down to no excess, we're going to have like, I forgot the exact number, $1.2 trillion. I think we have excess liquidity, and the liquidity ratio is slightly something different. I think there's plenty of liquidity in the system and, of course, we do multiple things to change this overnight if we wanted to.",109,True,False,47,False
JPM,2023-Q2,earnings,2023-07-14,111,qa,analyst,Charles W. Peabody,Portales Partners,725,"All right. So sort of wrapped into that as a follow-up, if you take your $87 billion forecast for NII this year, and that implies at least one quarter of maybe $22 billion of NII, and you take your eventual forecast of mid-$70 billion of NII at some point in the future, that would imply at least one quarter of $18 billion of NII so that's about an 18% drop. And if you hold the balance sheet steady, you're talking about a 30-basis point drop in your margin, your NIM, to get from $22 billion to $18 billion. I mean, what is driving – is it really the deposit or are you thinking in terms of interest reversals as credit deteriorates or is it rebuilding of liquidity? I'm just trying to get a better sense of the impact is.",110,True,True,48,False
JPM,2023-Q2,earnings,2023-07-14,112,qa,management,Jeremy Barnum,,879,"Yeah. Hey, Charlie. I would think about that as being really entirely a deposit story. It's just not that complicated, right? I think we did this – I think it was either in the fourth quarter or in the first quarter – where we put a little chart on a page, just very simple terms, that shows what the dollar consequences are of whatever – like 10-basis point change in deposit rate paid in terms of NII run rate. So whether it's as a consequence of migration from lower-yielding to higher-yielding, going from 0% to a 4% CD is obviously a big impact on margin. Or whether it's because savings reprices, relatively small changes in rate there are kind of a lot of money when you've got a couple trillion dollars of deposits. So it's really not any more complicated than that and that's why we're being so forceful about reminding people about what we expect that trajectory to be.",111,True,False,48,False
JPM,2023-Q2,earnings,2023-07-14,113,qa,analyst,Charles W. Peabody,Portales Partners,10,Thank you.,112,True,True,49,False
JPM,2023-Q2,earnings,2023-07-14,114,qa,operator,Operator,,46,And we have no further questions at this time.,113,True,False,49,False
JPM,2023-Q2,earnings,2023-07-14,115,qa,management,Jeremy Barnum,,20,Thank you very much.,114,True,False,49,False
JPM,2023-Q2,earnings,2023-07-14,116,qa,management,Jamie Dimon,,16,"Thank you, guys.",115,True,False,49,False
JPM,2023-Q2,earnings,2023-07-14,117,qa,operator,Operator,,121,Thank you all for participating in today's conference. You may disconnect at this time and have a great rest of your day.,116,True,False,49,False
JPM,2023-Q2,event,2023-05-01,4,qa,analyst,Steven Chubak,Wolfe Research,18,Hey. Good morning.,3,False,True,1,True
JPM,2023-Q2,event,2023-05-01,5,qa,management,Jeremy Barnum,,13,Good morning.,4,False,False,1,True
JPM,2023-Q2,event,2023-05-01,6,qa,analyst,Steven Chubak,Wolfe Research,421,"So congrats on the deal. You noted, Jeremy, $500 million boost to earnings from the acquisition. FRC generated close to $1 billion of earnings annualized in the most recent quarter. Your funding base is admittedly much lower cost. Just trying to understand why the accretion isn't greater. Any help you can provide just to quantify the benefit in terms of funding or interest expense savings versus legacy First Republic.",5,False,True,2,False
JPM,2023-Q2,event,2023-05-01,7,qa,management,Jeremy Barnum,,343,"Yeah. Good question, Steve. I would say we're just generally trying to be a bit conservative. Obviously, there are open questions about deposit retention. We are very eager. We're going to fight hard to keep all the clients. We welcome any clients who left to come back. But this is an uncertain situation and we want to be a bit conservative.",6,False,False,2,False
JPM,2023-Q2,event,2023-05-01,8,qa,analyst,Steven Chubak,Wolfe Research,376,"Understood. And maybe just for my follow-up on the – because you alluded to deposit attrition. What attrition assumptions are you contemplating for First Republic, whether its loans, deposits, advisors as part of the accretion analysis? And what expense synergies can be realized just given the strong footprint overlap in terms of wealth deposit coverage that you alluded to?",7,False,True,3,False
JPM,2023-Q2,event,2023-05-01,9,qa,management,Jeremy Barnum,,1252,"So, Steve, maybe I'll start with the wealth advisors question. Because, not surprisingly, we've had a number of advisor teams from First Republic reach out on an unsolicited basis over the past several weeks who are interested in joining JPMorgan, which, as a starting point, we think is encouraging from a retention perspective. And then, furthermore, there are still nearly 150 advisors with the firm, and we believe that our brand, the investment platform, the banking capabilities and our research can make us a firm of choice for many of these advisors, and we think JPMorgan is a great place for advisors to grow their practice and stay for the rest of their careers. We do understand that these are really good teams of high quality advisors who have choices. So your question about attrition is well stated, and we're really looking forward to discussing everything we have to offer when we meet with them. I think you had a few other questions about, what I would call, general transaction modeling assumptions about attrition and expense synergies and so on. And what I would say is that, generally, we've tried to be conservative and we'll probably be giving you some more updates on that, both at Investor Day and subsequent earnings calls.",8,False,False,3,False
JPM,2023-Q2,event,2023-05-01,10,qa,analyst,Steven Chubak,Wolfe Research,90,"All right. Looking forward to that update, Jeremy. Thanks so much for taking my questions.",9,False,True,4,False
JPM,2023-Q2,event,2023-05-01,11,qa,management,Jeremy Barnum,,5,Yeah.,10,False,False,4,False
JPM,2023-Q2,event,2023-05-01,12,qa,operator,Operator,,71,"Next, we'll go to the line of Erika Najarian from UBS. You may proceed.",11,False,False,4,False
JPM,2023-Q2,event,2023-05-01,13,qa,analyst,Erika Najarian,UBS,446,"Yes, thank you. Jeremy, my first question is how much of the loss share agreement is contemplated in the CET1 impact at close? Is there anything else other than the risk weighted assets going down to 25% in terms of the loss share agreement impact? And assuming that most of the marks are interest rate-related, how are you going to share that net interest income purchase accounting accretion from the FDIC? Or how would that work going forward?",12,False,True,5,False
JPM,2023-Q2,event,2023-05-01,14,qa,management,Jeremy Barnum,,825,"Okay. A lot of technical details in there, Erika, about loss share which is, to be fair, complicated stuff. It can be a little bit hard to understand. So, if we need to follow up, we can do it offline. But what I would say broadly is that, given the nature of the portfolio in question, I think First Republic is very well-known for a very good credit discipline. As you point out, these are primarily rate marks. And therefore, the benefit of the loss share really is the sort of enhancement to the RWA risk weighting, which in turn is what makes these otherwise generally not very high returning assets – in other words, prime jumbo mortgages primarily – actually quite attractive from a returns perspective. So the CET1 numbers fully incorporate the expected risk weighting of the RWA. And we'll leave it at that, I think.",13,False,False,5,False
JPM,2023-Q2,event,2023-05-01,15,qa,analyst,Erika Najarian,UBS,410,"Got it. And if Jamie is in the room, I just wanted to ask, I know you mentioned it on the media call, but just in case your investors weren't on that. Is this sort of the end of the more acute liquidity issues? In other words, do you expect the resolution of First Republic to sort of be the big signpost that the acute liquidity issues that the industry suffered in March should be mostly behind the industry?",14,False,True,6,False
JPM,2023-Q2,event,2023-05-01,16,qa,management,Jamie Dimon,,658,"Well, no crystal ball is perfect. But, yes, I think the banking system is very stable. You guys have reported already on tons of regional banks who actually had good results, very modest outflow. A lot of the deposit outflow was because of quantitative tightening, it wasn't because people are having runs. There are only so many banks offsides this way and I think this is – there may be another smaller one, but this pretty much resolves them all. But this part of the crisis is over. That does not – down the road, there are rates going way up, real estate, recession – that's a whole different issue, but for now, everyone should just take a deep breath.",15,False,False,6,False
JPM,2023-Q2,event,2023-05-01,17,qa,analyst,Erika Najarian,UBS,10,Thank you.,16,False,True,7,True
JPM,2023-Q2,event,2023-05-01,18,qa,operator,Operator,,86,Next we'll go to the line of Gerard Cassidy from RBC Capital Markets. You may proceed.,17,False,False,7,True
JPM,2023-Q2,event,2023-05-01,19,qa,analyst,Gerard Cassidy,RBC Capital Markets,32,"Thank you. Good morning, Jeremy.",18,False,True,8,True
JPM,2023-Q2,event,2023-05-01,20,qa,management,Jeremy Barnum,,21,"Good morning, Gerard.",19,False,False,8,True
JPM,2023-Q2,event,2023-05-01,21,qa,analyst,Gerard Cassidy,RBC Capital Markets,485,"Jeremy and maybe Jamie as well. Obviously, you guys have experience in buying failed institutions – Washington Mutual obviously was the big one back in 2008-2009 – and I know this is very different than Washington Mutual. Then, of course, you bought Bear Stearns in a distress acquisition. Can you share with us what are the risks that you have identified based on your experience in doing those deals that you really have to focus in on to make this deal as good as it looks on paper?",20,False,True,9,False
JPM,2023-Q2,event,2023-05-01,22,qa,management,Jamie Dimon,,477,"We're leaving behind a lot of things. You're basically getting a very clean bank in the most clean way you can get it. That does not mean there's no risk. It just means you have a very clean bank and the cleanest way you can get it that didn't have those problems. And, of course, we didn't have the mortgage crisis sitting on top of Bear Stearns and WaMu there. So, we feel pretty good about it, but that doesn't mean that something doesn't pop its ugly head up down the road.",21,False,False,9,False
JPM,2023-Q2,event,2023-05-01,23,qa,analyst,Gerard Cassidy,RBC Capital Markets,262,Very good. And then on the assumptions that with the deposits you're assuming – do you guys get to reprice those deposits from the get-go or do you have to wait until – if there are term deposits – do you have to wait until they mature and then you reprice them?,22,False,True,10,False
JPM,2023-Q2,event,2023-05-01,24,qa,management,Jeremy Barnum,,351,"Bunch of nuances in there, Gerard. So, one set of issues is system integration. Obviously any term deposits, any CDs or anything with a contractual maturity remains that way. So, I think the reprice experience will blend over time into the rest of our deposit franchise is what I would say. But it's going to evolve, I think, over the next few months.",23,False,False,10,False
JPM,2023-Q2,event,2023-05-01,25,qa,analyst,Gerard Cassidy,RBC Capital Markets,23,"Great. Thank you, guys.",24,False,True,11,True
JPM,2023-Q2,event,2023-05-01,26,qa,operator,Operator,,85,Next we'll go to the line of Ebrahim Poonawala from Bank of America. You may proceed.,25,False,False,11,True
JPM,2023-Q2,event,2023-05-01,27,qa,analyst,Ebrahim H. Poonawala,Bank of America,344,"Good morning. Jeremy, if I could follow up just in terms of the loan book. So, if you can help us, what's going to be the yield of these loans that are coming on when you mark-to-market? I am just trying to understand the NII contribution tied to the loan and the securities book as we go forward and back into your $500 million net income map.",26,False,True,12,False
JPM,2023-Q2,event,2023-05-01,28,qa,management,Jeremy Barnum,,242,"Yeah. Good question, Ebrahim. I guess, in simple terms, I would just say, as part of purchase accounting, all this stuff gets fair valued so you can just kind of look at the screen, mark these things to market and assume the associated yield.",27,False,False,12,False
JPM,2023-Q2,event,2023-05-01,29,qa,analyst,Ebrahim H. Poonawala,Bank of America,467,"Got it. And I guess one just separate question, given the amount of time you had to spend with the regulators through this whole FRC transaction, it does feel like the industry is in need of consolidation. Would love to hear, Jamie, your thoughts or, Jamie, your comments around do you think the regulators are prepared for allowing some of the regional banks to consolidate and become a market solution if we get into more stress over the coming months and quarters?",28,False,True,13,False
JPM,2023-Q2,event,2023-05-01,30,qa,management,Jamie Dimon,,408,"Yeah. So, I would say, and we've been very clear, we're hoping for open bank solution here. We support and want community banks and regional banks. You need big banks too, to try to do the type of business we do around the world for our larger clients. And banks will consolidate. You're going to have all of that taking place. But you should ask the bank regulators what their real view is of consolidation.",29,False,False,13,False
JPM,2023-Q2,event,2023-05-01,31,qa,analyst,Ebrahim H. Poonawala,Bank of America,18,Got it. Thank you.,30,False,True,14,True
JPM,2023-Q2,event,2023-05-01,32,qa,operator,Operator,,96,The next question comes from the line of Mike Mayo with Wells Fargo Securities. You may proceed.,31,False,False,14,True
JPM,2023-Q2,event,2023-05-01,33,qa,analyst,Mike Mayo,Wells Fargo Securities,85,Hi. Just one specific question. What is the rate on the five-year loan from the FDIC?,32,False,True,15,False
JPM,2023-Q2,event,2023-05-01,34,qa,management,Jeremy Barnum,,94,"Mike, I'd rather not disclose the specific rate. It's at-market financing is what I would say.",33,False,False,15,False
JPM,2023-Q2,event,2023-05-01,35,qa,management,Jamie Dimon,,11,Fixed rate.,34,False,False,15,False
JPM,2023-Q2,event,2023-05-01,36,qa,analyst,Mike Mayo,Wells Fargo Securities,152,"Okay. That's all part of the $500 million accretion – and the $500 million accretion is immediate accretion and assumes zero synergies, is that correct?",35,False,True,16,False
JPM,2023-Q2,event,2023-05-01,37,qa,management,Jeremy Barnum,,325,"So the way we talked about it is sort of run rate $500 million-plus offset excluding the bargain purchase gain day one as well as the restructuring costs that we expect to incur over the next couple of years. So once all that's worked its way through the income statement, that's when that sort of $500 million-plus kicks in.",36,False,False,16,False
JPM,2023-Q2,event,2023-05-01,38,qa,analyst,Mike Mayo,Wells Fargo Securities,585,"And Jamie, just I guess for the history books, your report in the media that you were kind of the ringleader to help stabilize First Republic, help move the industry past this phase. It didn't play out maybe exactly as planned, but certainly the loss to the FDIC is less than, I think, almost anybody had expected, no systemic risk exception, anything like that. So, just as you pull the lens back, how do you think about JPMorgan's involvement? How do you think about this resolution? How do you think about kind of the way things played out and the way things should have played out?",37,False,True,17,False
JPM,2023-Q2,event,2023-05-01,39,qa,management,Jamie Dimon,,1133,"Yeah. So, the first one, now – look, I was just the first phone call. All of those banks were deeply involved in trying to figure out what we can do to stem the run and the tide – slow things down for First Republic to give them chance to seek out an open bank. So we didn't know at the time whether that would be possible – some thought yes and some thought no – but we wanted to give them the time. It did, in fact, calm things down and stop the run, and it did give them time to look at it. They couldn't get there. I think Jeremy's made the point that this is actually a very good outcome for everyone, because this is how the system was meant to work. No systemic – SRE, systemic whatever you call that. It was put up for bid. It was competitive bidding. Cheapest cost to the DIF, which the FDIC said it will be something north of $13 billion. But, remember – and everyone should remember – that DIF is paid for by the banks. So, I think you're never going to have no bank failure. So, if this is how these things work in the future, that's a rather good thing. So, all in all okay, and hopefully, this mini bank crisis is over.",38,False,False,17,False
JPM,2023-Q2,event,2023-05-01,40,qa,analyst,Mike Mayo,Wells Fargo Securities,205,And one last quick follow-up in terms of you said this part of the crisis is over. Have you seen that in the deposit flows? Like for a while you got an influx of deposits. Is that still stable like it was?,39,False,True,18,False
JPM,2023-Q2,event,2023-05-01,41,qa,management,Jamie Dimon,,466,"Yeah. I think, really, I was reading all the regional bank reports from you and some of the analysts out there. They’re all mostly – some of the banks are down 2% or 3% – a lot had to do with QT. They were not having runs. The runs were really limited to the people who had too big uninsured deposits and money that can move very quickly and stuff like that. So, yeah, I think that's over. And obviously, there's always future issues, but I think that's mostly over.",40,False,False,18,False
JPM,2023-Q2,event,2023-05-01,42,qa,analyst,Mike Mayo,Wells Fargo Securities,21,All right. Thank you.,41,False,True,19,True
JPM,2023-Q2,event,2023-05-01,43,qa,operator,Operator,,81,"Next, we'll go to the line of Betsy Graseck from Morgan Stanley. Please go ahead.",42,False,False,19,True
JPM,2023-Q2,event,2023-05-01,44,qa,analyst,Betsy L. Graseck,Morgan Stanley,52,Hi. Good morning. How are you? Can you hear me okay?,43,False,True,20,True
JPM,2023-Q2,event,2023-05-01,45,qa,management,Jeremy Barnum,,21,We can hear you fine.,44,False,False,20,True
JPM,2023-Q2,event,2023-05-01,46,qa,analyst,Betsy L. Graseck,Morgan Stanley,764,"Okay. Great. A couple of questions. One, when I think about First Republic, the loan book, it feels to me like a loan book that is priced differently from how you would go to market for those types of loans – I'm talking specifically around the mortgage and high net worth loans. And I'm trying to think through how to model this out. Should I expect that the loan portfolio that you have is more of a melting ice cube that you would be replacing with your own lending profile on your own standards and yields, et cetera, over time – and that would be maybe a multiyear fade and then rebuild? Part of the reason for asking the question is the $500 million net income accretion seemed a little light, and I'm trying to think through how to try to get there. Thanks.",45,False,True,21,False
JPM,2023-Q2,event,2023-05-01,47,qa,management,Jamie Dimon,,597,"You know I'm not a fan of putting mortgages on the balance sheet. And these are pristine loans, so keep that in mind, and largely high net worth – jumbo high net worth loans. The loans themselves are credit – really creditworthy. And being marked, obviously, you're going to have a much higher return going forward, but we're not going to be putting a lot of jumbo – cheap jumbo mortgage loans on our books. And we've already incorporated all of our numbers and potential run-off. And First Republic did a great job in service, but being in the low-cost lending business is not what JPMorgan does.",46,False,False,21,False
JPM,2023-Q2,event,2023-05-01,48,qa,analyst,Betsy L. Graseck,Morgan Stanley,283,"So then the follow-up on this is, when I'm thinking through the IRRs, what are you thinking about with regard to how are you going to take this client set and expand what business they're doing with you, with the former FRC. You're not going to keep the First Republic name, are you?",47,False,True,22,False
JPM,2023-Q2,event,2023-05-01,49,qa,management,Jamie Dimon,,406,"We're not. And I said – I think they did do a lot of mortgages very quickly for people and the people were very happy with it. But, remember, they also had extraordinary client service, good wealth management, excellent branch location. So you’re dealing with high net worth clients, they have a very good model. But that one piece of it I’m not fond of, and it’s all built into our forecast going forward.",48,False,False,22,False
JPM,2023-Q2,event,2023-05-01,50,qa,analyst,Betsy L. Graseck,Morgan Stanley,31,Okay. Great. Thank you so much.,49,False,True,23,False
JPM,2023-Q2,event,2023-05-01,51,qa,management,Jamie Dimon,,177,"As best that we can. So, we assume a little bit of extra attrition, we assume a bunch of little stuff, but making very large, cheap mortgage loans will not happen going forward.",50,False,False,23,False
JPM,2023-Q2,event,2023-05-01,52,qa,analyst,Betsy L. Graseck,Morgan Stanley,166,And so this is a multi-year repositioning of the client activity with the folks that you are bringing in from First Republic. Is that a fair way of thinking about it?,51,False,True,24,False
JPM,2023-Q2,event,2023-05-01,53,qa,management,Jamie Dimon,,455,"Yeah. My experience has always been, when you do an acquisition, there are some things the other side does really well and you should learn from that. And so this gives us a kind of an opportunity to look at how we deal with high net worth clients – we have Chase Private Client, we have Chase Wealth Management, we have J.P. Morgan advisors – and we want to fit them in a way that's great for them and their clients, and we hope to learn a lot from them.",52,False,False,24,False
JPM,2023-Q2,event,2023-05-01,54,qa,management,Jeremy Barnum,,99,"Betsy, there is also like a Northern California nexus too – an interesting opportunity to be there.",53,False,False,24,False
JPM,2023-Q2,event,2023-05-01,55,qa,management,Jamie Dimon,,111,"And a business banking nexus, they have a lot of good business banking relationships and we like that business.",54,False,False,24,False
JPM,2023-Q2,event,2023-05-01,56,qa,management,Jeremy Barnum,,555,"And at the risk of pointing out the obvious, this happened relatively quickly. This is not the outcome that we necessarily planned for or expected, although we do contingency planning. So there are a bunch of day two issues about strategy and client retention and all that stuff that we're going to be working through, clearly. Jenn Piepszak, Marianne Lake, Ben Walter, Kristin Lemkau are on a plane as of 6 or 7 o'clock this morning to go out there to meet the folks, do some town halls, learn a lot, and there will be a lot more to report down the road.",55,False,False,24,False
JPM,2023-Q2,event,2023-05-01,57,qa,analyst,Betsy L. Graseck,Morgan Stanley,36,Thanks for your time. Appreciate it.,56,False,True,25,True
JPM,2023-Q2,event,2023-05-01,58,qa,operator,Operator,,77,Next we'll go to the line of Glenn Schorr from Evercore ISI. You may proceed.,57,False,False,25,True
JPM,2023-Q2,event,2023-05-01,59,qa,analyst,Glenn Schorr,Evercore ISI,317,"Hi. First, a quick follow-up on the advisor base. So, FRC had attracted a bunch of advisors over the last couple of years on some of these deals. I don't know if you can share with us how much of them were on deals, but my bigger question is, did the deal stay in place, did they have change of controls? Sometimes...",58,False,True,26,False
JPM,2023-Q2,event,2023-05-01,60,qa,management,Jamie Dimon,,40,They’ll stay in place if they did deals.,59,False,False,26,False
JPM,2023-Q2,event,2023-05-01,61,qa,analyst,Glenn Schorr,Evercore ISI,170,"Okay. So we should feel good then about the retention going forward, even though your assumptions are conservative. I would assume that they want to keep those deals, so.",60,False,True,27,False
JPM,2023-Q2,event,2023-05-01,62,qa,management,Jamie Dimon,,798,"I think I'm going to try and have a call with them myself later on today. And they're very – as far as we know, very high quality, and we want to keep all the high-quality people. But every deal I've ever been in, everyone else is trying to hire these people at the same time. On the other hand, this is a great home for them. So, if you are an advisor and you're listening to me, we have the best research, best equity, best debt, best munis. We have a concierge services. We take care of people. We've got excellent compensation plans. We're very steady. We got unbelievable banking products. We have unbelievable products for your business banking clients, your middle market clients, your corporate clients. So we have huge capability we can bring to help them do a great job for their clients.",61,False,False,27,False
JPM,2023-Q2,event,2023-05-01,63,qa,analyst,Glenn Schorr,Evercore ISI,352,"If advisors are listening, I agree with all that except the second-best research. Just kidding. Question for you. I find it interesting that the deposit cap wasn't a function in this and there seem to be plenty of other bidders, or at least a few other bidders, that were not over the deposit caps. So was it truly about minimizing the cost to the DIF?",62,False,True,28,False
JPM,2023-Q2,event,2023-05-01,64,qa,management,Jamie Dimon,,288,"The FDIC is truly about minimizing the cost to the DIF. The United States government is truly about systemic – not having systemic problems. And the OCC decides about the cap. But they always – but the cap, I think, has always been given up in deals like this, for the sake of the system.",63,False,False,28,False
JPM,2023-Q2,event,2023-05-01,65,qa,analyst,Glenn Schorr,Evercore ISI,26,Okay. Thank you very much.,64,False,True,29,True
JPM,2023-Q2,event,2023-05-01,66,qa,operator,Operator,,102,"And for our final question, we'll go to the line of Scott Siefers from Piper Sandler. You may proceed.",65,False,False,29,True
JPM,2023-Q2,event,2023-05-01,67,qa,analyst,Scott Siefers,Piper Sandler,334,"Thank you. Good morning, everybody. Jeremy, can you maybe walk through, just at a top level, you don't have to get too deep in the weeds, but how you arrive at the $2.6 billion after-tax gain. It can just be a little difficult from the outside to get from the sort of the implied asset discount down to the tangible book value impact.",66,False,True,30,False
JPM,2023-Q2,event,2023-05-01,68,qa,management,Jeremy Barnum,,435,"Sure. And we can definitely do this for you offline, but broadly it's the net asset value, core deposit intangible, associated deferred tax liabilities – it's kind of BAU. There is one nuance that might be a little confusing which is the fact that our $5 billion deposit gets eliminated in consolidation. So, when you add that to your mental math using whatever that page is in the presentation, I think you'll get there pretty easily.",67,False,False,30,False
JPM,2023-Q2,event,2023-05-01,69,qa,analyst,Scott Siefers,Piper Sandler,705,"Okay. Perfect. Thank you very much. And then I guess, Jamie, while we've got you – certainly hear what you're saying on the strength of the industry, but we do have a situation where over the course of eight weeks, like 3 of the top 30 banks in the country failed, deposits flowed to you all and a handful of the other largest banks and to look for the sort of solution to one of the biggest ones, the government looked to you guys. Do you think, as we look forward, sort of the rest of the industry is going to have to be constructed more like a JPMorgan, just higher capital, better liquidity just sort of all-around for people to have the same level of confidence sort of uniformly across the industry.",68,False,True,31,False
JPM,2023-Q2,event,2023-05-01,70,qa,management,Jamie Dimon,,778,"I wrote in my Chairman's Letter – I think people should take a deep breath and be very, very thoughtful about changes. So, obviously, there should be some changes made about held to maturity, disclosure on interest rate exposure, uninsured deposit percentages, percent held in HTM, et cetera. But I think they should do that intelligently because what you want to do is have a healthier, strong and competitive regional banking, community bank system. If they don't do it intelligently, you’ll make it much harder to be a community bank or regional bank. And you can do things that create a lot of security without creating additional unnecessary burdens. But that's obviously going to be up to the regulators who already reported out some of the things they think about things.",69,False,False,31,False
JPM,2023-Q2,event,2023-05-01,71,qa,analyst,Scott Siefers,Piper Sandler,60,"Okay. All right. Well, thank you very much. I appreciate it.",70,False,True,32,False
JPM,2023-Q2,event,2023-05-01,72,qa,operator,Operator,,33,And we have no further questions.,71,False,False,32,False
JPM,2023-Q2,event,2023-05-01,73,qa,management,Jamie Dimon,,21,Excellent. Thank you.,72,False,False,32,False
JPM,2023-Q2,event,2023-05-01,74,qa,management,Jeremy Barnum,,10,Thank you.,73,False,False,32,False
JPM,2023-Q2,event,2023-05-01,75,qa,operator,Operator,,121,Thank you all for participating in today's conference. You may disconnect at this time and have a great rest of your day.,74,False,False,32,False
JPM,2023-Q3,earnings,2023-10-13,5,qa,analyst,John McDonald,Autonomous Research,291,"Hi, good morning. Jeremy, I was wondering if you could give us a little more color in what you're seeing so far on deposit reprice and migration. What's been better than expected so far on that front? And how do you see higher-for-longer rates potentially impacting deposit reprice pressure?",4,True,True,1,False
JPM,2023-Q3,earnings,2023-10-13,6,qa,management,Jeremy Barnum,,1180,"Sure. Thanks, John. I think the themes are pretty much the same as we've seen in prior quarters. So, as we talked a little bit about on the press call, we've been trying to be a little bit cautious about recognizing that we don't think the current levels are sustainable and we do think that we'll have to reprice in some pockets to some degree, maybe tiering or whatever at some point in the future. And, of course, that hasn't happened yet this year, so that's one factor. In the meantime, the CD strategy is working well. We're getting – continue to get very good feedback from the field and we're capturing money in motion, and so we're seeing the sort of internal migration and the associated slow increase in deposit rate paid as a result of CD migration. But that’s sort of working as we would have hoped and so everything is kind of playing out according to plan, I would say. In terms of higher-for-longer, I think it just means that there will continue to be upward pressure on deposit pricing both from internal migration and possibly moderate effects. And in the end, as we always say, we’re going to price products as a function of the competitive market environment.",5,True,False,1,False
JPM,2023-Q3,earnings,2023-10-13,7,qa,analyst,John McDonald,Autonomous Research,225,"And just as a follow up, it seems like you’ve done some securities repositioning the last couple quarters. How are you positioning the balance sheet in terms of cash and the securities portfolio, given your outlook for rates?",6,True,True,2,False
JPM,2023-Q3,earnings,2023-10-13,8,qa,management,Jeremy Barnum,,709,"Yeah. I think I would say that while we're not predicting higher rates, I don't know if Jamie will have something to say here, we believe in being prepared for it and that's been our position for some time and, of course, that's produced good results. And we continue to try to position ourselves so that neither have significantly higher rates nor significant lower rates present a particularly large challenge to the company. So probably at the margin, we're still a little bit biased for slightly higher rates. But, do keep in mind that when modeling the duration of the balance sheet, higher rates do extend the duration or rather shorten the duration on the deposit side, so that can be a factor as well.",7,True,False,2,False
JPM,2023-Q3,earnings,2023-10-13,9,qa,analyst,John McDonald,Autonomous Research,13,"Okay, thanks.",8,True,True,3,True
JPM,2023-Q3,earnings,2023-10-13,10,qa,operator,Operator,,91,Thank you. Our next question comes from Steven Chubak with Wolfe Research. You may proceed.,9,True,False,3,True
JPM,2023-Q3,earnings,2023-10-13,11,qa,analyst,Steven Chubak,Wolfe Research,18,"Hey, good morning.",10,True,True,4,True
JPM,2023-Q3,earnings,2023-10-13,12,qa,management,Jeremy Barnum,,11,"Hey, Steve.",11,True,False,4,True
JPM,2023-Q3,earnings,2023-10-13,13,qa,analyst,Steven Chubak,Wolfe Research,369,"Hi. Jeremy, I was hoping to just inquire about the capital markets outlook. You cited improved activity levels in September. But given persistently higher rates, geopolitical tensions, and just poor performance of recent IPOs, how are you thinking about the outlook over the near to medium term? And how are you thinking about just the timing of an inflection activity?",12,True,True,5,False
JPM,2023-Q3,earnings,2023-10-13,14,qa,management,Jeremy Barnum,,987,"Yeah. Good question. I mean, as you know obviously, the current levels in investment banking remain quite depressed; certainly relative to the elevated levels we saw during the pandemic, but even relative to sort of 2019, which is what you might consider the last normal year. We do eventually think we'll recover to those levels and hopefully recover to above those levels, recognizing by the time it happens you will have had many years of economic growth in the meantime. And to be fair, while the current environment is a little bit complicated and mixed and there are some headwinds as you pointed out, things have improved a little bit. And I think I would say our banking team is a little bit more optimistic than they were last quarter. So it feels to me like a little bit of a slow grind with some positive momentum but obviously significant uncertainty in the outlook and some structural headwinds given lower levels of announced M&A and some regulatory headwinds on that side.",13,True,False,5,False
JPM,2023-Q3,earnings,2023-10-13,15,qa,analyst,Steven Chubak,Wolfe Research,434,"Thanks for the color. Just for my follow up, on some of the regulatory commentary you provided. Certainly, a lot of helpful color in the slides, so thank you for that. If the proposal were to go through as written, what proportion of the inflation do you believe can be mitigated over time? And was also hoping you could provide some context as to the quantum of how you think CECL inclusion could potentially impact the SCB and CCAR.",14,True,True,6,False
JPM,2023-Q3,earnings,2023-10-13,16,qa,management,Jeremy Barnum,,2452,"Yeah. Those are all good questions, Steve. I think it's probably too early to try to provide that level of quantification on either front. If I start first with the Basel III Endgame proposal, from our perspective, we're currently focused on advocating as aggressively as possible for the necessary changes. Some of which are what you might call philosophical in nature or some of the things I highlighted in my prepared remarks, but some of them are sort of very technical in nature, including things that we think might actually be mistakes in the proposal. And so talking a lot about optimizing away stuff that might change just feels like a bit premature at this point. I would point out that given how significant operational risk RWA is as part of the proposal, that is, you can think of that sort of as a generic tax across the entire spectrum and is therefore in some sense non-optimizable. So, we feel that it's important to manage expectations about the level of optimization that's possible, once the rule is finalized and hopefully some of the technical items are addressed. Also, it depends on your definition of optimization. Sometimes I use the term costless optimization, whereas these technical fixes that don’t affect revenue and don’t require you to exit businesses; I think that type of optimization will be harder to find than it has been in the past. But as we pointed out, we may simply need to exit things. And that will be because it is better than the alternative, which would be to do activity that’s shareholder value destructive but it won’t be costless. A good example of that is the renewable energy tax credit investment business, which as a result of the quadrupling of the risk weight, may no longer make sense. Now, that's one that we hope will be changed but it's tricky because those are very long duration assets. So between now and the rule is finalized, it raises some questions about whether we want to put that stuff on the balance sheet. So, sorry a bit of a long answer but then, yeah, on quantifying CECL and CCAR, I think we better wait for that one. Cause given the relative lack of transparency that we have into the Fed's exact modeling, in terms of which quarter is the peak and so on and so forth, it's a little bit hard to predict what the exact impact of putting CECL and CCAR is going to be. We just know probabilistically that it will, like everything else these days, tend to push capital higher.",15,True,False,6,False
JPM,2023-Q3,earnings,2023-10-13,17,qa,analyst,Steven Chubak,Wolfe Research,58,"Very helpful color, Jeremy. Thanks for taking my question.",16,True,True,7,False
JPM,2023-Q3,earnings,2023-10-13,18,qa,management,Jeremy Barnum,,5,Yeah.,17,True,False,7,False
JPM,2023-Q3,earnings,2023-10-13,19,qa,operator,Operator,,96,Thank you. Our next question comes from Ebrahim Poonawala with Bank of America. You may proceed.,18,True,False,7,False
JPM,2023-Q3,earnings,2023-10-13,20,qa,analyst,Ebrahim H. Poonawala,Bank of America,368,"Hey. Good morning. Just first question, Jeremy, on credit. I think you mentioned some of the reserves release was tied to the change in the central scenario. So just talk to us and remind us what the central scenario is today, what changed? And then in terms of fundamentally on credit, like where are you seeing softness either on the Consumer or the Commercial side?",19,True,True,8,False
JPM,2023-Q3,earnings,2023-10-13,21,qa,management,Jeremy Barnum,,1454,"Yeah. So on the central scenario, you should read the research that gets put out by our competitors and our excellent research team. No, but in all seriousness, I think our U.S. economists had their central case outlook to include a very mild recession with I think two quarters of negative half a percent of GDP growth in the fourth quarter and first quarter of this year, and that then got revised out early this quarter to now have sort of modest growth I think around 1% for a few quarters into 2024. So, just flowing that through our process while acknowledging that we're still skewed to the downside, we're still reserved to a significantly higher unemployment rate on a weighted-average basis than is in the central case outlook. So that number we've sometimes given you is 5.5% this quarter. So, it's really not much more complicated than that. We're just kind of following the process. And I think your other question was where am I seeing softness in credit? And I think the answer to that is actually nowhere, roughly. We're certainly nowhere that's not expected, meaning, we continue to see the normalization story play out in Consumer more or less exactly as expected, and then of course, we are seeing a trickle of charge-offs coming through the office space. You see that in the charge-off number of the Commercial Bank, but the numbers are very small and more or less just the realization of the allowance that we've already built there.",20,True,False,8,False
JPM,2023-Q3,earnings,2023-10-13,22,qa,analyst,Ebrahim H. Poonawala,Bank of America,534,"That's helpful. And just going back to the details you laid out on Basel Endgame, maybe on the philosophical side I think Jamie was speaking last month, said that we don't expect any changes but at the same time, you make everything that makes sense in terms of the pushback. Is it all falling on deaf ears from a shareholder perspective? Are we resigned to the fact that we are going to see more towards the worst-case outcome play out or is there some level of sort of meeting in the middle of the road as this thing gets finalized?",21,True,True,9,False
JPM,2023-Q3,earnings,2023-10-13,23,qa,management,Jeremy Barnum,,1002,"Yeah. So I'll let Jamie speak for himself on that point, but our job is to advocate. We're not going to guess what the sentiment is in Washington. It's a thousand-page rule proposal, as you know. We've got the big team of very smart people studying it very closely. Interestingly, we noted recently that in some of the analysis that they did about the impact on lending, they sort of forgot about like – the Fed, in their preamble, they forgot about a $1 billion (sic) [trillion] of operational risk RWA. So it just highlights that there is the possibility, or seemed to have forgotten, they simply omitted the impact of the operational risk RWA on fees. So anyway, the point is it's long, it’s complicated, it’s technical. We do think there are probably some technical mistakes in there. We're not going to forcefully advocate on all of those. And while we disagree with a lot of this stuff, these are technical issues that should be, in some sense, resolved technically, and hopefully they'll listen.",22,True,False,9,False
JPM,2023-Q3,earnings,2023-10-13,24,qa,analyst,Ebrahim H. Poonawala,Bank of America,18,Got it. Thank you.,23,True,True,10,False
JPM,2023-Q3,earnings,2023-10-13,25,qa,management,Jeremy Barnum,,74,"Sorry, I'm just getting a correction in the room. I meant to say trillion.",24,True,False,10,False
JPM,2023-Q3,earnings,2023-10-13,26,qa,analyst,Ebrahim H. Poonawala,Bank of America,62,"Yeah, no. I got that. I got the trillion dollars. Yup, thanks.",25,True,True,11,False
JPM,2023-Q3,earnings,2023-10-13,27,qa,management,Jamie Dimon,,45,"Is that what we were talking about, actually?",26,True,False,11,False
JPM,2023-Q3,earnings,2023-10-13,28,qa,management,Jeremy Barnum,,28,BPI put something out on it.,27,True,False,11,False
JPM,2023-Q3,earnings,2023-10-13,29,qa,analyst,Ebrahim H. Poonawala,Bank of America,25,"BPI did, yeah. Thank you.",28,True,True,12,True
JPM,2023-Q3,earnings,2023-10-13,30,qa,operator,Operator,,88,Thank you. Our next question comes from Ryan Kenny with Morgan Stanley. You may proceed.,29,True,False,12,True
JPM,2023-Q3,earnings,2023-10-13,31,qa,analyst,Ryan Kenny,Morgan Stanley,18,Hey. Good morning.,30,True,True,13,True
JPM,2023-Q3,earnings,2023-10-13,32,qa,management,Jamie Dimon,,4,Hey.,31,True,False,13,True
JPM,2023-Q3,earnings,2023-10-13,33,qa,management,Jeremy Barnum,,3,Hi.,32,True,False,13,True
JPM,2023-Q3,earnings,2023-10-13,34,qa,analyst,Ryan Kenny,Morgan Stanley,310,Want to dig in on the NII side. So you raised the 2023 NII ex. Markets guidance by $2 billion for this year. So I know your comments in the press release suggest JPMorgan's over earning. So I just want to triangulate there. What does normalized NII look like? And do we get to normalized next year or later on?,33,True,True,14,False
JPM,2023-Q3,earnings,2023-10-13,35,qa,management,Jeremy Barnum,,1147,"Yeah, a couple things. So, let me do the timing question first. So we're being very clear that we are not predicting when. When is going to be a function of the marketplace and the rate environment and competitive dynamics and so on and so forth. So we're just really just trying to remind everyone to not bank on the current run rates, which we just don't fundamentally think are sustainable. You'll be aware that before Investor Day earlier this year, we tried to quantify what we thought that kind of normalized range might look like, and we put a sort of mid-70s type number out there. And at Investor Day, we talked about how the acquisition of First Republic was going to push that number up a little bit, although there was some overlap and so on and so forth. So anyway, with the benefit of time and having everything settled in a little bit, if you sort of push us for that, kind of, what is that number now look like, we think it’s probably closer to about $80 billion, with all of the obvious caveats that this is a guess, and we don’t know when. But we’re just trying to point out that it’s quite a bit lower than the current run rate.",34,True,False,14,False
JPM,2023-Q3,earnings,2023-10-13,36,qa,analyst,Ryan Kenny,Morgan Stanley,7,Got it.,35,True,True,15,False
JPM,2023-Q3,earnings,2023-10-13,37,qa,management,Jamie Dimon,,141,"Inside the company, some people think it'll happen sooner, i.e. me. Some people think it'll happen later, i.e., Jenn and Marianne and Jeremy.",36,True,False,15,False
JPM,2023-Q3,earnings,2023-10-13,38,qa,management,Jeremy Barnum,,49,"I wasn't aware that I was in that camp, actually.",37,True,False,15,False
JPM,2023-Q3,earnings,2023-10-13,39,qa,management,Jamie Dimon,,7,"Oh, ok.",38,True,False,15,False
JPM,2023-Q3,earnings,2023-10-13,40,qa,management,Jeremy Barnum,,61,"But I don't know, I'm not trying to have an opinion over you.",39,True,False,15,False
JPM,2023-Q3,earnings,2023-10-13,41,qa,operator,Operator,,10,Thank you.,40,True,False,15,False
JPM,2023-Q3,earnings,2023-10-13,42,qa,analyst,Ryan Kenny,Morgan Stanley,357,"And then on the loan growth side, industry loan growth has slowed significantly this year. What demand are you seeing for loan growth across the different categories? And I know it might be too early to talk about next year, but directionally, how should we think about loan growth given where we are in the cycle and the higher capital requirements coming?",41,True,True,16,False
JPM,2023-Q3,earnings,2023-10-13,43,qa,management,Jeremy Barnum,,1395,"Yeah, sure. So on loan growth, the story is pretty consistent with what we've been saying all year. So we've, of course, seen very robust loan growth in Card, and that's coming from both spending growth and the normalization in revolving balances. As we look forward, we're still optimistic about that, but it'll probably be a little bit more muted than it has been during this normalization period. In Auto, we've also seen pretty robust loan growth recently, both as a function of sort of slightly more competitive pricing on our side as the industry was a little bit slow to raise rates. And so we lost some share previously, and that's come back now. And generally, the supply chain situation is better, so that's been supported. As we look forward there, it should be a little bit more muted. And I think generally in Wholesale the loan growth story is going to be driven just by the economic environment. So depending on what you believe about soft landing, mild recession, no landing, you have slightly lower or slightly higher loan growth. But in any case, I would expect it to be relatively muted. And, of course, Home Lending remains fairly constrained both by rates and market conditions. But also, and I think this is true across the board, we will be managing things actively, as mentioned in light of Basel III, which may not change originations, but it will change what we retain.",42,True,False,16,False
JPM,2023-Q3,earnings,2023-10-13,44,qa,analyst,Ryan Kenny,Morgan Stanley,10,Thank you.,43,True,True,17,True
JPM,2023-Q3,earnings,2023-10-13,45,qa,operator,Operator,,81,Thank you. Our next question comes from Gerard Cassidy with RBC. You may proceed.,44,True,False,17,True
JPM,2023-Q3,earnings,2023-10-13,46,qa,analyst,Gerard Cassidy,RBC Capital Markets,34,"Good morning, Jeremy. How are you?",45,True,True,18,True
JPM,2023-Q3,earnings,2023-10-13,47,qa,management,Jeremy Barnum,,12,"Hey, Gerard.",46,True,False,18,True
JPM,2023-Q3,earnings,2023-10-13,48,qa,analyst,Gerard Cassidy,RBC Capital Markets,639,"Jeremy, you guys have put up a really strong ROTCE number of 22% for the quarter. And when you dive into your different segments, what really jumps out at us is the 40% ex-First Republic ROE in Consumer & Community Banking. I know you and Jamie have talked about your over-earning on credit. We get that. But in view of all of these fintechs and all of these other nonbank competitors that we're all supposed to pick away at everybody's market share, you guys have put up great numbers here. What's the drivers behind an ROE? Even when you take that credit over-earning out, what's driving this business' profitability at such high levels?",47,True,True,19,False
JPM,2023-Q3,earnings,2023-10-13,49,qa,management,Jeremy Barnum,,1234,"Yeah, Gerard. So I'd say a couple things there. So first, it's not just credit. It's also deposit margin, right? So when we talk about over-earning on NII, a disproportionate amount of that is coming out of the Consumer franchise for all of the reasons that we've talked about. But, I would also point out sometimes we don't like the word over-earning because right now, customers are happy and they're doing CDs. And the broader answer to your question about why we're able to be effectively really comes back to a decade, two decade long history of investing for the future and recognizing that there's a holistic value proposition here that includes branches, and the app, and all of the online services, and the entire suite of products and services that is around this enterprise which drives engagement and customer loyalty. And we're seeing some of the benefits of that now, although we're not complacent. The competition is still there. The fintechs are still there, and we know we need to continue investing to preserve the value. And it's also true that the particular circumstances of the current rate and credit environment mean that the earnings are a little bit above normal, but that core franchise is extremely robust.",48,True,False,19,False
JPM,2023-Q3,earnings,2023-10-13,50,qa,analyst,Gerard Cassidy,RBC Capital Markets,678,"Very good. And then as a follow up, which ties into your answer on the deposit margin and consumer and your earlier comments you and Jamie about the internal debate inside JPMorgan about the migration of rates going higher on the funding side. Your non-interest-bearing deposits I think are around 28% of total deposits which is slightly above the 26% you guys had back in 2018 or 2019 or pre-pandemic. Is this expectation that you're going to see more of the non-interest-bearing deposits go into interest-bearing? Or, is it just the repricing of interest- bearing deposits that have some of your folks inside JPMorgan a little more cautious on that net interest income number?",49,True,True,20,False
JPM,2023-Q3,earnings,2023-10-13,51,qa,management,Jeremy Barnum,,1231,"Yeah. It's a good question, Gerard. I think it's a little bit bigger picture than that. And I'm not sure – I get your questions, a good question, but I'm not sure that the reported interest-bearing, non-interest-bearing split is the best lens to look at this through for a couple of reasons. So first, like between Wholesale and Retail, we've got some amount of non-interest-bearing and Wholesale that's part of the ECR product, so you see some dynamics there that play out. And in Consumer, in a world where savings is paying a relatively low-rate paid to cross-checking and savings, the migration dynamics are probably not that different right now. But then of course, even within Consumer across both consumers and small businesses, you've got slightly different dynamics in terms of how people manage their operating balances. So I would tend to zoom out a little bit and see this as a holistic answer, that's driven by internal migration from checking, savings to CDs, from ECR to interest-bearing and Wholesale and then our potential response to the rate environment, the competitive environment, the overall level of system-wide deposits in terms of product level reprice that may or may not happen in moments in the future.",50,True,False,20,False
JPM,2023-Q3,earnings,2023-10-13,52,qa,analyst,Gerard Cassidy,RBC Capital Markets,17,Great. Thank you.,51,True,True,21,True
JPM,2023-Q3,earnings,2023-10-13,53,qa,operator,Operator,,81,Thank you. Our next question comes from Erika Najarian with UBS. You may proceed.,52,True,False,21,True
JPM,2023-Q3,earnings,2023-10-13,54,qa,analyst,Erika Najarian,UBS,588,"Hi. Good morning. Jeremy, my first question is for you, again sort of maybe re-asking the question in a different way. Your new guide for net interest income for this year would imply an exit run rate of $22.9 billion in the fourth quarter. As we think about the dynamics in higher-for- longer, on one hand, your fixed rate assets will continue to reprice. On the other, you even asked a lot about the deposit dynamics that could continue to creep higher. How do we think about those puts and takes as we think about that relative to that exit rate of $22.9 billion in the fourth quarter?",53,True,True,22,False
JPM,2023-Q3,earnings,2023-10-13,55,qa,management,Jeremy Barnum,,178,"Yeah. So, Erika, I think the simple answer to your question is I believe that fourth quarter exit number equates to a $90 billion run rate ex. Markets and we're kind of saying...",54,True,False,22,False
JPM,2023-Q3,earnings,2023-10-13,56,qa,management,Jamie Dimon,,14,$22.5 billion.,55,True,False,22,False
JPM,2023-Q3,earnings,2023-10-13,57,qa,management,Jeremy Barnum,,37,Yeah. Isn't that what I meant to say?,56,True,False,22,False
JPM,2023-Q3,earnings,2023-10-13,58,qa,management,Jamie Dimon,,23,She said $22.9 billion.,57,True,False,22,False
JPM,2023-Q3,earnings,2023-10-13,59,qa,management,Jeremy Barnum,,39,"Oh, I didn't hear that, okay. Anyway...",58,True,False,22,False
JPM,2023-Q3,earnings,2023-10-13,60,qa,management,Jamie Dimon,,28,We didn’t model it that way.,59,True,False,22,False
JPM,2023-Q3,earnings,2023-10-13,61,qa,management,Jeremy Barnum,,1130,"So call it $90 billion run rate on an exit rate basis, and we're saying that we think something a bit more normal is closer to $80 billion, so that's one building block. Underneath that, I think one thing that's interesting actually, is that as the percentage of the deposits which are CDs increases, the sort of balance between internal migration and betas and rate and volume, it's a little bit less binary and a little bit smoother, so when we look at this type of stuff and we model migration, balances, product level reprice, as you get out of that lower zero bound with 0% CD mix world, things get a little bit smoother, I would say, overall. So it'll be interesting to watch that, but it's obviously one of the most important things for us as a company right now and we do everything we can to manage it, but it's also worth remembering that the big picture point is just the client franchise and as we've often said, we're very focused on primary bank relationships and we didn't lose any of those in the last cycle, and we're not planning to lose any in this cycle, and that's what sort of a long-term focus means for us.",60,True,False,22,False
JPM,2023-Q3,earnings,2023-10-13,62,qa,management,Jamie Dimon,,296,"And I would just add quantitative tightening in there. That will be a large number, and we don't exactly know the effect, where wholesale, consumer as – remember also the Fed has the RRP program which is also sucking money into the Fed directly and reducing deposits. That's still a trillion too.",61,True,False,22,False
JPM,2023-Q3,earnings,2023-10-13,63,qa,analyst,Erika Najarian,UBS,938,"Thank you. And my second question is on maybe zooming out on the Basel III Endgame impacts. It's clearly complex, overly complex, and I completely agree with you that it is unnecessary at this point and very backward looking. I guess, what is not complex is the fact that you generated 75 basis points of CET1 this quarter while your RWAs are down. And I guess my question here is, is that I understand that we're in the public advocacy process. I hear you loud and clear in terms of how this could have harm in terms of pricing for Main Street and dislocating the pipes in American capital markets. But for JPMorgan, does this change your natural return profile of 17%? Jamie, I know you lingered a little bit on 14% when you were at Barclays in September. But at the end of the day, it feels like for the portfolio managers that own JPMorgan through the cycle, does Basel III Endgame really harm your natural earnings power and returns?",62,True,True,23,False
JPM,2023-Q3,earnings,2023-10-13,64,qa,management,Jeremy Barnum,,2594,"Yeah. Okay. That's a good question, Erika. I think there's a couple pieces in there, so let me take the most important piece first, which is the 17% through the cycle target. Are we keeping that or not in light of the Basel III Endgame proposal? So, short answer is we're not going to change that number today, but when you look at what we've disclosed about a 25% increase in capital, you have to start by acknowledging that that is a major headwind to returns. In simple terms, you talk about earnings power and returns, but they're two different things, right. We have to be a little bit pedantic and do numerator and denominator here. Okay, so say the numerator doesn't change. If you just dilute down the numerator by the increased capital, that's a significantly lower return number. I would say that that's probably the lower bound in terms of the impact of the Basel III Endgame for a couple reasons. One is, we are hoping for changes. Two is, once the rule is final, we will seek to reprice in the places where we can. And that'll be different in Consumer and Wholesale, some of it will be product level, some of it will be relationship level, but that hopefully can mitigate some of it but of course the flip side of that is that's cost getting passed into the real economy and that's part of the point that we've made about lowering availability of products and services and lending. There may be some opportunities for costless optimization. I'm personally a little bit more pessimistic about those, but we've surprised ourselves on those points in the past, so we'll see. And then finally, yeah, we may stop doing certain things and we may exit things. But, I wouldn't necessarily assume that that's going to do a lot to preserve returns at the 17%. That's going to be about exiting things that are shareholder-destructive, but not necessarily producing much higher returns, if you know what I mean. So that's that, and then the other part of your question implicitly was talking about organic capital generation and I think it's just very important to separate impacts on the economy and impacts on long-term returns from our ability to meet the requirements. Of course, as Jamie always says, JPMorgan is going to be fine and we're building a lot of capital and we were managing capital conservatively and we'll be able to build the necessary capital in order to achieve on-time or early compliance, which is always what we strive to do, but that doesn't really have any particular bearing on the question of what the long-term return target is or the impacts on the real economy.",63,True,False,23,False
JPM,2023-Q3,earnings,2023-10-13,65,qa,analyst,Erika Najarian,UBS,18,Got it. Thank you.,64,True,True,24,True
JPM,2023-Q3,earnings,2023-10-13,66,qa,operator,Operator,,88,Thank you. Our next question comes from Glenn Schorr with Evercore ISI. You may proceed.,65,True,False,24,True
JPM,2023-Q3,earnings,2023-10-13,67,qa,analyst,Glenn Schorr,Evercore ISI,659,"Hi. Thank you. So I very much appreciate the comments in the release on the big picture things, what's going on in the world and their potential impact on markets, on food markets, global trade, everything that you mentioned, and sadly agree about the most dangerous time in decades. The question I have is, does it surprise you that markets are hanging in, that you, yourself, have green shoots or still green shoots type of mindset about banking while that's going on? And then maybe more importantly, if you believe what obviously what you wrote, what are you doing about it? How do you manage yourself conservatively? How do you prepare for tougher times?",66,True,True,25,False
JPM,2023-Q3,earnings,2023-10-13,68,qa,management,Jamie Dimon,,17,"Go ahead, Jeremy.",67,True,False,25,False
JPM,2023-Q3,earnings,2023-10-13,69,qa,management,Jeremy Barnum,,758,"You want to start? Okay. So, I mean, on green shoots, you'll just note that our comments are cautious. I mean, there is momentum. I do think we are a little bit more optimistic than we were, but obviously, markets have been bumpy, both equity markets and rate markets have been very whippy recently. So we don't want to get too carried away with optimism here. We are coming in off a very low base and so there's a hope and an expectation that we are on the path to normalization and improvement. And of course, the overall economic picture at least currently looks solid, this sort of immaculate disinflation trade is actually happening. So those are all reasons to be a little bit optimistic in the near-term, but it's tempered with quite a bit of caution.",68,True,False,25,False
JPM,2023-Q3,earnings,2023-10-13,70,qa,management,Jamie Dimon,,1895,"So I would add a question. There has been an extraordinary amount of fiscal monetary stimulus still in the system, and you can't look at, and of course, it can drive markets in sentiment and sales and profits and all that, but you can't stay like this forever. Between QT, if you never had and how much the fiscal stimulus could continue at this rate before you have kind of the crowding out kind of factor. So I think people have to be very cautious, and of course, the geopolitics I think is just an extraordinary issue we have to deal with. How do you prepare the company for that? We do 100 stress tests a week, and we do multiple views of it, including geopolitical problems, interest rate problems, but usually, geopolitics presents itself as a deep recession or a mild recession, or a recession part of the world, or markets going down a lot, and because markets do well is not a reason, ever, to say that they are going to continue to do well. If you don't believe me, remember 1987, 1990, 1994, the year 2000, the year 2009, and people don't predict those inflection points. But my caution is that we are facing so many uncertainties out there. You just got to be very cautious with what you're facing. And like I said, the other thing about the green shoots, regardless of that, we try to run the company so that we serve the clients day in and day out, better products and better services, securely, safely, and all those things, so that's the ultimate goal. We know there are going to be bad times. That's not a surprise that there are going to be bad times. We don't always know how they're coming, and where they're coming from, but we'll keep on serving clients and doing good for clients, you can build a good business kind of separate from what it does to your returns. That's a slightly different issue at this point, but we'll deal with that too when we figure out what to do.",69,True,False,25,False
JPM,2023-Q3,earnings,2023-10-13,71,qa,analyst,Glenn Schorr,Evercore ISI,33,"Thank you for all that, all good.",70,True,True,26,False
JPM,2023-Q3,earnings,2023-10-13,72,qa,management,Jeremy Barnum,,14,"Thanks, Glenn.",71,True,False,26,False
JPM,2023-Q3,earnings,2023-10-13,73,qa,operator,Operator,,95,Thank you. Our next question comes from Mike Mayo with Wells Fargo Securities. You may proceed.,72,True,False,26,False
JPM,2023-Q3,earnings,2023-10-13,74,qa,analyst,Mike Mayo,Wells Fargo Securities,745,"Hi. I understand the NII strategy benefited from First Republic, asset sensitivity, CD strategy, money in motion, and I'm curious to how much is the NII increase and the deposit benefits a function of the 67 million digital banking customers? Do you have more digital banking customers than branch customers now? If you can just refresh that. And then a more general question. I guess I have the first one for Jeremy and the second one for Jamie. You have record tech spend. What's the benefit of having record tech spend, if you can kind of mark-to-market your thoughts there as it relates to AI, as it relates to maybe wasted spending, your outlook for next year? And does it really help to be the biggest tech spender in the banking industry?",73,True,True,27,False
JPM,2023-Q3,earnings,2023-10-13,75,qa,management,Jeremy Barnum,,396,"Yes. Let me do digital banking, Mike. I spent some time on this actually a couple weeks ago. And it's interesting to note this sort of extent to which the growth in digitally engaged consumers is higher than the overall growth in consumer accounts, meaning that we're continuing to increase the percentage of our consumers that are digitally engaged. And it sort of goes back to my prior point...",74,True,False,27,False
JPM,2023-Q3,earnings,2023-10-13,76,qa,management,Jamie Dimon,,61,But the percent who are digital only is much lower than that.,75,True,False,27,False
JPM,2023-Q3,earnings,2023-10-13,77,qa,management,Jeremy Barnum,,1027,"For sure. For sure. Which actually links to the broader point that what – in terms of your question about how much is this helping the current NII story, it goes to the larger point of it holistic through the cycle, multichannel, fully engaged customer strategy which requires a lot of investment in branches, obviously, but also in digital services of all sorts. So in many ways, you can see the current environment as a little bit of a payoff of that investment. But that's not like, therefore, we stop investing, obviously. So I guess that's part of the answer. And I guess your other question is the benefits of being the biggest tech spender. I just think like it's sort of mandatory, right? I mean we're big and it's a very technology-centric business, and the world is competitive, and everything is changing. Younger generations have different expectations, and we have to be nimble, and we have to be on our front foot. And otherwise, we risk getting severely disrupted. So I don't know if Jamie wants to add anything.",76,True,False,27,False
JPM,2023-Q3,earnings,2023-10-13,78,qa,management,Jamie Dimon,,606,"Just the competition, when we look at it, it's Wells, who's coming back, which I'm happy for you guys. It's obviously Marcus, it's Apple, it's Chime, it's Dave. There are a lot of people coming up after these businesses in different ways, and there some have been quite successful. It's Stripe in payments. And so we want to be very good and very competitive. Some of that tech spending is things which are almost a sine qua non, which is cybersecurity, data center resiliency, regulatory requirements, and things like that, which we simply are going to do and be very, very good at to protect the company.",77,True,False,27,False
JPM,2023-Q3,earnings,2023-10-13,79,qa,analyst,Mike Mayo,Wells Fargo Securities,310,"As it relates to AI specifically, which is the talk of the town, I guess the consensus among people outside the banking industry is that banks will not win that battle, including JPMorgan. You won't control the front end. What are you doing with AI to make a difference now, or is this just simply a moon shot?",78,True,True,28,False
JPM,2023-Q3,earnings,2023-10-13,80,qa,management,Jamie Dimon,,930,"Oh, I don't agree with that statement. Banks have an extraordinary amount of proprietary data in addition to when you do like a large language model, that's public data, looking at everything on the internet or everything that's ever been published or something like that. But AI is an extraordinarily good tool to use. We just put a woman who's running it at our table. So it's data analytics, AI, et cetera. And there are multiple types of AI. So we use AI for risk, fraud, marketing, prospecting. And the management team's getting better and better at saying how can we use the data to do a better job to reduce errors, to serve clients better, to have a salesperson have co-pilots so they know to widen the client's coin or something like that. And so, we simply have to do it. Does it create opportunity for disruptors to come in? Yeah, of course. That's always been true with technology. And, but, we'll be quite good at it.",79,True,False,28,False
JPM,2023-Q3,earnings,2023-10-13,81,qa,analyst,Mike Mayo,Wells Fargo Securities,148,"And then lastly, I think you had made a mention at a conference about investment spend or tech spend over the next year. Where do you stand on that?",80,True,True,29,False
JPM,2023-Q3,earnings,2023-10-13,82,qa,management,Jeremy Barnum,,382,"Yeah. Now because you did ask a little bit about the expense outlook for next year. So I think at the conference we said, I think the consensus was $88 billion, but we're still going through the budget process, et cetera, et cetera. So that's still true. I think we're still kind of in the ballpark, but I would say at the margin there's going to be a little bit of upward pressure.",81,True,False,29,False
JPM,2023-Q3,earnings,2023-10-13,83,qa,management,Jamie Dimon,,38,"Is that for First Republic too, or no?",82,True,False,29,False
JPM,2023-Q3,earnings,2023-10-13,84,qa,management,Jeremy Barnum,,382,"Yeah, this is all now including First Republic. And I think there will be a little bit of upward pressure on that as we sort of do our usual thing and look at all of the opportunities that we see and the investments that we want to make. So no surprise in that sense that we're going to invest prudently. Nothing dramatic, but probably a little bit of upward pressure at the margin.",83,True,False,29,False
JPM,2023-Q3,earnings,2023-10-13,85,qa,analyst,Mike Mayo,Wells Fargo Securities,21,All right. Thank you.,84,True,True,30,False
JPM,2023-Q3,earnings,2023-10-13,86,qa,management,Jamie Dimon,,10,Thank you.,85,True,False,30,False
JPM,2023-Q3,earnings,2023-10-13,87,qa,operator,Operator,,90,Thank you. Our next question comes from Jim Mitchell with Seaport Global. You may proceed.,86,True,False,30,False
JPM,2023-Q3,earnings,2023-10-13,88,qa,analyst,Jim Mitchell,Seaport Global Securities,302,"Hey. Good morning. Jeremy, do you think there's any receptivity among regulators regarding the double counting not only of operational risk but I think you alluded to this earlier in the Markets business, but there's clearly double counting in market risk in the trading book. Is there any receptivity?",87,True,True,31,False
JPM,2023-Q3,earnings,2023-10-13,89,qa,management,Jamie Dimon,,474,"Can I just answer that real quickly? We don't really know. It's a one-sided conversation generally. They say put it in your comments, so everyone is going to put in extensive comments, kind of like you heard from Jeremy and we don't really know. We don't really know what's going on inside the Fed, how many people get involved. In my view, it's become a very politicized process as opposed to the technical analysis I think is required to do it exactly right. So we'll see.",88,True,False,31,False
JPM,2023-Q3,earnings,2023-10-13,90,qa,analyst,Jim Mitchell,Seaport Global Securities,397,"Okay. And then if it weren't to change, and you talked about the potential negative impact on liquidity in the Markets business specifically, is that a JPM pulling out of certain businesses type event? Or is it more a comment that there'd be fewer providers of liquidity as less scaled players exit, and maybe that's almost equal a market share gain opportunity for JPMorgan in a smaller business?",89,True,True,32,False
JPM,2023-Q3,earnings,2023-10-13,91,qa,management,Jamie Dimon,,1430,"I think so if you look at Markets alone, it's a huge, I think 60%, increase in capital. And if you look at it, you can do that by product. For some products it's worse than for others, but generally it's bad across all products. But the really important thing is market making is a critical function and if you look at the world, only some of these large market makers who could make markets for governments, hospitals, cities, schools, states, IMF, World Bank, BlackRock, Blackstone, and all those various things who buy and sell for their clients in size. And market makers have a different function than hedge funds, and I don't know what the real intent was with this. This is another one I think that needs to be really thought through with what are you trying to accomplish. We do market making quite safe. We've never lost the kind of money that people talk about in market making in the global market shock or something like that, but the other thing about market making, I do agree, it could actually force some people out. It will force lower positions which is why I think it's a little risky, but it may also force more consolidation. And so clients, since they need it so much, there may be consolidation in an unintended way in market making and obviously more volatile markets because with all the constraints, with the LCR, SLR, capital, et cetera, you will constantly be up against limitations in what you can do.",90,True,False,32,False
JPM,2023-Q3,earnings,2023-10-13,92,qa,management,Jeremy Barnum,,815,"Yeah. And I think that last point of Jamie's is particularly important because, sure, if you want, you can construct what I would consider a very optimistic argument that the higher cost of doing business will lead smaller scale players to exit and that's a share gain opportunity for us, but if I refer back to the comments about the disincentives to beneficial diversification and scale, getting bigger, especially in markets is quite expensive from, for example, a GSIB perspective, and so you wind up kind of hemmed in on all sides which is one of the reasons why we're sort of highlighting, but it does seem like the only way out, sometimes, when you look at the cumulative effect of everything that's happened in markets over the last 15 years, is a fundamentally very different system, and while obviously...",91,True,False,32,False
JPM,2023-Q3,earnings,2023-10-13,93,qa,management,Jamie Dimon,,208,"Great opportunity for European market makers. I mean, a great opportunity, like they can do repo and FX and swaps and credit and stuff with 30% less capital. That is a big difference in that kind of business.",92,True,False,32,False
JPM,2023-Q3,earnings,2023-10-13,94,qa,analyst,Jim Mitchell,Seaport Global Securities,30,Right. That's helpful. Thanks.,93,True,True,33,True
JPM,2023-Q3,earnings,2023-10-13,95,qa,operator,Operator,,92,Thank you. Our last question comes from Matt O'Connor with Deutsche Bank. Your line is open.,94,True,False,33,True
JPM,2023-Q3,earnings,2023-10-13,96,qa,analyst,Matt O'Connor,Deutsche Bank,560,"Hi, good morning. You talked about increased investment spend in some areas in response to an earlier question. But just how do you think about cost control overall, looking at the medium term? The outlook for revenue is obviously pressured at least on net interest income. Fees might help, but the backdrop is for potentially declining revenue or at least flattish revenue for a couple or few years. So, I know you always say you want to invest for the cycle, and it's really paid off over time, but how are you thinking about cost control the next few years?",95,True,True,34,False
JPM,2023-Q3,earnings,2023-10-13,97,qa,management,Jeremy Barnum,,1430,"Yeah. I mean, I wish I had sort of an answer that fit better into your framework. But in some fundamental sense, we just kind of don't agree with the framework in the sense that and we've been through this over the last couple of years, right? In a world where rates drop very suddenly and recover like quite dramatically, and credit becomes abnormally good and then rebounds, and you've seen these very significant fluctuations in capital markets. We saw that in 2021 going into 2022 where the revenue environment can change a lot in the short term for reasons that can be largely out of your control. And while of course there are parts of our expense base, which are in the short term directly sensitive to the revenue environment and some of those adjust naturally and some of them we adjust more forcefully as a function of volumes, but other things are much more structural. And the goal is to make sure that those other things are sized appropriately to what we believe sustainable through the cycle returns are. So we're always very focused on cost. You can be rest assured of that. That discipline internally is as aggressive as ever as we go through the budget cycle. But there are long-term plays and you really shouldn’t expect us to see trying to generate cosmetically lower costs in response to a lower revenue environment where we didn’t balloon the costs when the revenue became as we’ve argued unsustainably high.",96,True,False,34,False
JPM,2023-Q3,earnings,2023-10-13,98,qa,analyst,Matt O'Connor,Deutsche Bank,322,"Yeah. Fair enough. And if I could just squeeze in on First Republic, obviously the contribution there is coming in multiples higher-than- expected. How do you think about the puts and takes in terms of, I think there's probably some run-off of loans still to come, but also opportunities to deepen the relationships there?",97,True,True,35,False
JPM,2023-Q3,earnings,2023-10-13,99,qa,management,Jeremy Barnum,,1249,"Yeah. So you're right about the contribution and about the run-off of loans, and it is notable the First Republic related net income that we've printed this quarter – so the first thing to say is that we don't think that that First Republic related net income number from this quarter is a sustainable indicator of the future run rate. Some of the same dynamics that we've just talked about, in particular, over-earning on deposits or sort of above normal on deposit margins, also apply to the First Republic franchise to some degree. So we would expect that to normalize. And probably more significantly as the things you alluded to, we do have some accelerated pull to par on some of the commitments that we took on at a fair value discount as part of the acquisition, so that's a short-term tailwind in the revenue that will come out of that over the next few quarters. And yeah, in terms of how it's going overall and deepening the relationships, that remains a focus and I think more of that will happen as we continue the integration and we continue stabilizing. And yeah, I think as I said on the press call, things are going well arguably a little bit better than we'd sort of modeled as part of the acquisition, and we're happy to see that.",98,True,False,35,False
JPM,2023-Q3,earnings,2023-10-13,100,qa,analyst,Matt O'Connor,Deutsche Bank,26,Okay. Thank you very much.,99,True,True,36,False
JPM,2023-Q3,earnings,2023-10-13,101,qa,operator,Operator,,42,Thank you. There are no further questions.,100,True,False,36,False
JPM,2023-Q3,earnings,2023-10-13,102,qa,management,Jamie Dimon,,20,Thank you very much.,101,True,False,36,False
JPM,2023-Q3,earnings,2023-10-13,103,qa,operator,Operator,,83,Thank you for participating in today's conference. You may disconnect at this time.,102,True,False,36,False
JPM,2023-Q4,earnings,2024-01-12,4,qa,analyst,Matt O'Connor,Deutsche Bank,136,Good morning. Thanks for all the comments on the net interest income. Any updates on that medium term outlook that you've put out there?,3,True,True,1,False
JPM,2023-Q4,earnings,2024-01-12,5,qa,management,Jeremy Barnum,,818,"Yeah. Matt, not particularly updating. I think you're referring to that $80 billion number that we'd put out there, and I wouldn't exactly describe that as an outlook. I think it's more just a number that we put out there to try to quantify a little bit the extent of the over earning. So, not particularly necessary to revise the number. But I just would point out, again, as we highlight on the page, and as I highlighted in the prepared remarks, that when you look at that $94 billion exit rate and full year guidance of $88 billion, that implies obviously exiting below $88 billion and some significant sequential decline. So, in that sense, you can see us kind of marching on the path to that $80 billion. Whether we ever get to the $80 billion or not and when is maybe a topic for later in the year or next year.",4,True,False,1,False
JPM,2023-Q4,earnings,2024-01-12,6,qa,analyst,Matt O'Connor,Deutsche Bank,224,"Okay. And then just separately, you bought back couple of billion dollars of stock this quarter. What's your thought process on buybacks given the strong capital generation, but also some uncertainty on regulatory proposals?",5,True,True,2,False
JPM,2023-Q4,earnings,2024-01-12,7,qa,management,Jeremy Barnum,,715,"Yeah. Good question. And I think you framed it exactly correctly in the sense that we obviously have a lot of buyback capacity in general based on our organic capital generation. So, the normal capital hierarchy will apply. But for now, we plan to remain on a modest pace of buybacks consistent with that kind of $2 billion net buyback a quarter number that we've talked about and that you've seen us do, in light of the – probably the need to continue building to have a bit of a buffer, as you said, the uncertainty about the finalization of the rules. And also just as a reminder, the SCB is probably a little bit low right now and has been quite volatile. So, that's another factor that we need to keep in mind.",6,True,False,2,False
JPM,2023-Q4,earnings,2024-01-12,8,qa,analyst,Matt O'Connor,Deutsche Bank,16,Okay. Thank you.,7,True,True,3,False
JPM,2023-Q4,earnings,2024-01-12,9,qa,management,Jeremy Barnum,,13,"Thanks, Matt.",8,True,False,3,False
JPM,2023-Q4,earnings,2024-01-12,10,qa,operator,Operator,,87,"Next, we'll go to the line of John McDonald from Autonomous Research. You may proceed..",9,True,False,3,False
JPM,2023-Q4,earnings,2024-01-12,11,qa,analyst,John McDonald,Autonomous Research,252,"Thanks. Jeremy, could you give a little more color on what's baked into the loan loss reserve in terms of kind of weighted average assumptions and how any change in macro outlook played into the dynamics of the reserve builds and releases this quarter?",10,True,True,4,False
JPM,2023-Q4,earnings,2024-01-12,12,qa,management,Jeremy Barnum,,564,"Yeah. Actually, John, this quarter, that's all like pretty quiet. So, the weighted average unemployment rate number is still 5.5%. We didn't have any really big revisions in the macro outlook driving the numbers, and our skew remains as it has been – a little bit skewed to the downside. Just recognizing that we still see risks being elevated, which obviously you can see that skew in the difference between the weighted average unemployment of 5.5%, and what's in our central outlook, which I think is something like 4.6% (sic) [4.4%] peak of the current levels.",11,True,False,4,False
JPM,2023-Q4,earnings,2024-01-12,13,qa,analyst,John McDonald,Autonomous Research,394,"Okay. And then, just to follow up on the NII, could you give us some sensitivity to that outlook when you flex the amount of Fed cuts? Like what's the impact of a few Fed cuts and how much does it matter like for the first two versus if you're thinking four, five, six? I know it's complicated, but maybe a little bit of color on like how sensitive you are to a couple of cuts might be helpful.",12,True,True,5,False
JPM,2023-Q4,earnings,2024-01-12,14,qa,management,Jeremy Barnum,,747,"Sure. Yeah, happy to do that, John. So, I think probably the best way to do this is to look at our EaR numbers. So, as you know, we don't update that until the Q. But on an estimated basis, it's going to be a little bit lower. So, I think something like $1.9 billion as opposed to $2.1 billion. So, just round numbers, about $2 billion in EaR. I think, empirically, the number is maybe a little higher than that just because even though we do model lags in the EaR, we've been seeing the lag effect be a little bit bigger. But just crudely, I think as I noted, we do remain asset-sensitive. That's one way to quantify it. I would say the empirical number would maybe be a little higher than that, and hopefully, that gives you enough to work with.",13,True,False,5,False
JPM,2023-Q4,earnings,2024-01-12,15,qa,analyst,John McDonald,Autonomous Research,13,Okay. Thanks.,14,True,True,6,True
JPM,2023-Q4,earnings,2024-01-12,16,qa,operator,Operator,,91,"Next, we'll go to the line of Jim Mitchell from Seaport Global Securities. You may proceed.",15,True,False,6,True
JPM,2023-Q4,earnings,2024-01-12,17,qa,analyst,Jim Mitchell,Seaport Global Securities,328,"Hey. Good morning. Maybe just to follow up in a different way on the NII question, just in deposits, can you, Jeremy, discuss your assumptions on the reprice and migration thoughts? And then, layering in if we do get six cuts, does that start to change the dynamic around growth in deposits? How are you thinking about all that?",16,True,True,7,False
JPM,2023-Q4,earnings,2024-01-12,18,qa,management,Jeremy Barnum,,1696,"Yeah. Both good questions. So let's do reprice first. So, I think all else equal, this more dovish Fed environment and these six cuts has the effect of taking a little bit of pressure off the reprice, especially product-level reprice. At the same time, we do continue to expect internal migration, particularly out of checking and savings into CDs, and in Wholesale, a little bit of ongoing migration out of non-interest-bearing into interest-bearing. And that trajectory, I would expect to continue even in a lower rate environment. So, as a result, if you look at weighted average rate paid, for example, for the consumer deposit franchise, we would actually expect that number to be a little bit higher, just even in a world with six cuts. And that's actually intuitive when you think about it, as people continue migrating into CDs, but maybe a little non-intuitive if you're kind of trying to do beta type math with like change in rates and change in rate paid. It gets a little bit non-intuitive. And then, in terms of balances, yeah, you'll note that I said that our outlook is for balances to be very modestly down, which when you consider the QT, despite the various speculations about having it slow down later in the year, continues and that loan growth in the system as a whole is expected to be quite muted. It's a pretty modest decline outlook consistent with the lower rates. So, I kind of agree with you that this environment is at the margin, a little bit more supportive for system-wide deposit balances. And then, obviously, we continue to be optimistic about our ability to take share in deposits based on our customer value proposition across all of our different businesses.",17,True,False,7,False
JPM,2023-Q4,earnings,2024-01-12,19,qa,analyst,Jim Mitchell,Seaport Global Securities,26,Right. Okay. Thanks a lot.,18,True,True,8,True
JPM,2023-Q4,earnings,2024-01-12,20,qa,operator,Operator,,100,"Next, we'll go to the line of Ebrahim Poonawala from Bank of America Merrill Lynch. You may proceed.",19,True,False,8,True
JPM,2023-Q4,earnings,2024-01-12,21,qa,analyst,Ebrahim H. Poonawala,Bank of America,515,"Hey. Good morning. I guess maybe one question looking at your statement, and I think Jamie is quoted as saying as he sees the consumer as resilient and the market expecting a soft landing. I would love to hear – I'm not sure Jamie's on the call – but maybe, Jeremy, I would love to hear your thoughts around do you believe that the outlook for a soft landing has increased? Is the market pricing in correctly? Or when you look at your customer base, are you still worried about the lagged effects of the rate hikes?",20,True,True,9,False
JPM,2023-Q4,earnings,2024-01-12,22,qa,management,Jeremy Barnum,,1290,"Right. Okay, Ebrahim. So, I think a lot of those things aren't actually mutually exclusive. So, statement one, I think it's uncontroversial that the economic outlook has evolved to include a significantly higher probability of a soft landing. That's, I think, the consensus at this point. So, whether you believe it or not is a separate issue, but I think that is the consensus. In terms of consumer resilience, I made some comments about this on the press call. The way we see it, the consumer is fine. All of the relevant metrics are now effectively normalized. And the question really, in light of the fact that cash buffers are now also normal, but that that means that consumers have been spending more than they're taking in, is how that spending behavior adjusts as we go into the new year in a world where their cash buffers are less comfortable than they were. So, one can speculate about different trajectories that that could take. But I do think it's important to take a step back and remind ourselves that consistent with that soft landing view, just in the central case modeling – obviously, we always worry about the tail scenarios – is a very strong labor market. And a very strong labor market means, all else equal, strong consumer credit. So, that's how we see the world.",21,True,False,9,False
JPM,2023-Q4,earnings,2024-01-12,23,qa,analyst,Ebrahim H. Poonawala,Bank of America,398,"And maybe just taking that a step further, there has been concern around whether we see some of the CRE pain filter into multi-family apartments. You all have a pretty large multi-family exposure, high quality. But just give us a sense of, one, are you seeing any bleed-through of what we've seen in office in other areas of commercial real estate or any particular parts of C&I lending? Thank you.",22,True,True,10,False
JPM,2023-Q4,earnings,2024-01-12,24,qa,management,Jeremy Barnum,,547,"Yeah. So, good question on the multi-family, and the short answer is that, for us, it's pretty uncontroversially no – no bleed-through. And the reason is that while we are aware of some of the pressure on multi-family, that's in kind of different markets from the ones that we are actually big in. So, it's higher-end stuff in much less supply constrained markets that is under more pressure. And as you know, our multi-family portfolio is much more affordable, supply constrained markets. And so, the performance there remains really very robust.",23,True,False,10,False
JPM,2023-Q4,earnings,2024-01-12,25,qa,analyst,Ebrahim H. Poonawala,Bank of America,20,Got it. Thank you. .,24,True,True,11,True
JPM,2023-Q4,earnings,2024-01-12,26,qa,operator,Operator,,71,"Next, we'll go to the line of Erika Najarian from UBS. You may proceed.",25,True,False,11,True
JPM,2023-Q4,earnings,2024-01-12,27,qa,analyst,Erika Najarian,UBS,618,"Hi. Good morning. My first question is a follow-up on Matt's with regarding the buyback. You printed 15% CET1 in the quarter. On a net basis, net of RWA growth, your net income produces 51 basis points every quarter. Again, that's net of RWA growth. I'm wondering what guideposts you're looking for, Jeremy, in terms of that buyback increasing from that $2 billion a quarter. Do we need to wait for Basel III finalization, which seems like it could be quite delayed? Or will having clarity in the June D-FAST results – you mentioned the SCB – sort of be enough that you could reconsider this pace over the medium term?",26,True,True,12,False
JPM,2023-Q4,earnings,2024-01-12,28,qa,management,Jeremy Barnum,,901,"Yeah. Erika, that's a good question. And I understand what you're asking – why you're asking it. I think the answer is going to be a little bit unsatisfying, which is that this is classic decision-making under uncertainty and it's kind of a probabilistic cloud of a variety of different factors. But, all the ingredients that you've listed are the right ingredients; right, very strong organic capital generation, uncertainty about the finalization of the rule, uncertainty about the SCB requirements, and obviously, our normal capital hierarchy, which is that buybacks are always at the bottom of the hierarchy after we're done using the capital for our other priorities. So, I think what I said previously stands, which is that we're sticking with the modest pace for now. But obviously, we have a lot of flexibility to adjust that whenever we want under the current regime, and we may well do that.",27,True,False,12,False
JPM,2023-Q4,earnings,2024-01-12,29,qa,analyst,Erika Najarian,UBS,200,"Thanks. And just as a follow-up, the $90 billion in expenses for 2024, does that contemplate a significant increase or the comeback of investment banking that everybody seems to be expecting for 2024?",28,True,True,13,False
JPM,2023-Q4,earnings,2024-01-12,30,qa,management,Jeremy Barnum,,415,"A little bit of that is in there, yeah. So, you would see that. We often talk about the volume in revenue related category, and I think in my prepared remarks, you will have noted that I talked about a $1 billion increase in that category year-on-year as a result of an improved NIR outlook. So, the hope and expectation of a continued rebound in the investment banking wallet and our share of that is part of that.",29,True,False,13,False
JPM,2023-Q4,earnings,2024-01-12,31,qa,analyst,Erika Najarian,UBS,10,Thank you.,30,True,True,14,True
JPM,2023-Q4,earnings,2024-01-12,32,qa,operator,Operator,,85,"Next, we'll go to the line of Mike Mayo from Wells Fargo Securities. You may proceed.",31,True,False,14,True
JPM,2023-Q4,earnings,2024-01-12,33,qa,analyst,Mike Mayo,Wells Fargo Securities,514,"Hi. So, you're guiding to $90 billion of expenses, that's up $7 billion year-over-year. Seems like quite a big increase. And if you could just give some color on that. I know we've been through this before two years ago with the big increase in expenses and without a lot of visibility. So, if you could just upfront give us visibility, how much of that is due to incentive pay, how much is that due to tech, how much is that due to AI and what are the expected returns to get from that $7 billion pick-up? Thanks.",32,True,True,15,False
JPM,2023-Q4,earnings,2024-01-12,34,qa,management,Jeremy Barnum,,4404,"Yeah. Mike, thanks for the question. And yeah – and of course, you will, as I noted, be hearing more from us at Investor Day and between now and Investor Day. But I will take a little bit of extra time here to answer your question, because you're right, it's important to give you the transparency. And I'm going to follow the structure that we used on the page and go through each line of business. So, starting with CCB, it's the biggest dollar driver overall. It's an 8% increase year-on-year, which is about the same as we had last year. One key driver is the branch strategy and the associated staff for that. In 2023, we built 166 new branches, and we're planning about a similar number this year. Marketing is also a driver. We're seeing great opportunities, great demand and engagement in our Card products. And so, that shows up in marketing. And as you well know, our wealth strategy in CCB remains a big focus and priority. I think it's worth noting here, right, that as we've talked about and as you know, Mike, some of our investments are designed to produce short- term payoffs and some of them are much longer-term and some of them are just table stakes. But we actually see quite a bit of evidence of current payoffs in our current results in the CCB investment. So, for example, in 2023, we had 2 million net new checking accounts. We had an 8% growth in active card accounts. And over the last three years, we've increased deposit market share by 180 basis points. So, as we've often said about the company as a whole, we're very happy to be producing very good current returns and growth while investing for the future. In AWM, continued client advisor hiring is a key driver, as well as making sure that both the advisors and all of their new clients have the support that they need. And a little bit to the prior question, in AWM, we also have a little bit of volume and revenue-related driver tied to an improved revenue outlook. The Commercial Bank is an interesting story in the sense that about half of it is the exit rate impact of ads that we did in the middle of the year based on market disruption and all the kind of new clients and new loans that we saw and the need to support that across the entire ecosystem. As well as the fact that that created an opportunity in the middle of the year to accelerate our longstanding and preexisting innovation economy strategy. So, we took some opportunities to onboard some key teams in different parts of the franchise. And then, as you look into 2024, it's really pretty consistent themes to the ones that we had before, including hiring bankers both domestically and internationally. The CIB story is a little bit different. The percentage growth there is lower, which recognizes, I think, both our very, very strong share positions as a starting point and also the fact that we've been investing quite aggressively for some time in the Payments business, which has produced meaningful payoffs already there in terms of significant share gains. So, as a result, the biggest driver in the CIB is really generic inflation, including labor as well as, again to the prior question, volume and revenue-related increases tied to the improved NIR outlook. And I do want to say for the avoidance of doubt that despite all of this, our core strategy of looking very granularly at all the areas of strength and weakness and making sure that we're upgrading where appropriate to have absolutely the best talent in the CIB remains fully in effect. Finally, you'll note that I haven't actually talked about technology in any of the businesses, and that's actually because even though all of the businesses in various ways are investing in technology and spending money on it, the drivers are actually very consistent across the entire firm, even though it's very bottoms-up driven. And those drivers are consistent with what they've been, new products, features and customer platforms, as well as modernization. So, that's happening throughout the company both at the app level and otherwise. And I will say actually in closing, talking about technology – which I think is interesting – that to the point about a driver being growth writ large, one of the things that we see is higher volume-related technology expense throughout the company. So, thanks for the question, Mike. It was a good opportunity to give you guys a bit more color here.",33,True,False,15,False
JPM,2023-Q4,earnings,2024-01-12,35,qa,analyst,Mike Mayo,Wells Fargo Securities,47,Okay. I have a short follow-up. I'm still here.,34,True,True,16,True
JPM,2023-Q4,earnings,2024-01-12,36,qa,management,Jeremy Barnum,,5,Sure.,35,True,False,16,True
JPM,2023-Q4,earnings,2024-01-12,37,qa,analyst,Mike Mayo,Wells Fargo Securities,401,"Yeah. Can you just talk about the impact of AI on your technology approach? And I know I’ve asked you this before and you said you're spending it, you're being careful, you want to see a return on your dollars. But how much difference can this make? How big is your tech budget last year? How much should it be this year? How much could AI make a difference? Just a little more meat on the tech bones.",36,True,True,17,False
JPM,2023-Q4,earnings,2024-01-12,38,qa,management,Jeremy Barnum,,1291,"Yeah, sure. So, let me address the AI point, and I think maybe I won't go into a lot of quantitative detail on this stuff and I'll save that for Investor Day, if you don't mind. But, I will address the AI point. So, as you may be aware, we actually have Teresa Heitsenrether now running the AI strategy for the company as a member of the Operating Committee, which I think is an indication of the priority that we place on this, and in partnership with Lori and all of the technology organization. So, I think that – I think of this as being a little bit barbelled, where on the one hand, we're very excited about this. There's clearly some very significant opportunities, not for nothing, starting with technology developers themselves in terms of the opportunity for significantly increased productivity there. At the same time, we're JPMorgan Chase. We're not going to be chasing shiny objects here in AI. We want to do this in an extremely disciplined way, it's very commercial and very linked to tangible outcomes. And so, the current focus is on making sure we have a contained, well-chosen list of high-impact use cases and that we're throwing resources at those in the right way, that's extremely pragmatic and disciplined, and we're holding ourselves accountable for actual results.",37,True,False,17,False
JPM,2023-Q4,earnings,2024-01-12,39,qa,analyst,Mike Mayo,Wells Fargo Securities,21,All right. Thank you.,38,True,True,18,False
JPM,2023-Q4,earnings,2024-01-12,40,qa,management,Jeremy Barnum,,13,"Thanks, Mike.",39,True,False,18,False
JPM,2023-Q4,earnings,2024-01-12,41,qa,operator,Operator,,87,"Next, we'll go to the line of Gerard Cassidy from RBC Capital Markets. You may proceed.",40,True,False,18,False
JPM,2023-Q4,earnings,2024-01-12,42,qa,analyst,Gerard Cassidy,RBC Capital Markets,24,"Hi, Jeremy. How are you?",41,True,True,19,True
JPM,2023-Q4,earnings,2024-01-12,43,qa,management,Jeremy Barnum,,12,"Hey, Gerard.",42,True,False,19,True
JPM,2023-Q4,earnings,2024-01-12,44,qa,analyst,Gerard Cassidy,RBC Capital Markets,415,"Jeremy, coming back to your outlook and forecast for net interest income for the upcoming year with the six Fed fund rate cuts that you guys are assuming, can you give us a little insight why you're assuming six cuts? Is it your customers are telling you that their businesses are weaker or is it your just economic outlook, the forward curve? Can you give us something behind why you're assuming so many rate cuts?",43,True,True,20,False
JPM,2023-Q4,earnings,2024-01-12,45,qa,management,Jeremy Barnum,,164,"Yeah. Gerard, I wish the answer were more interesting, but it's just our practice. We just always use the forward curve for our outlook, and that's what's in there.",44,True,False,20,False
JPM,2023-Q4,earnings,2024-01-12,46,qa,analyst,Gerard Cassidy,RBC Capital Markets,372,"Okay, very good. And then, as a follow-up, obviously, you pointed out also in the outlook you're going to have some deposit attrition. You had some, of course, in 2023. Can you guys give us some insights on the impact QT is having on the deposit base for your organization? And second, are you surprised that QT hasn't been more disruptive to the liquidity in the markets?",45,True,True,21,False
JPM,2023-Q4,earnings,2024-01-12,47,qa,management,Jeremy Barnum,,1093,"Yeah. Good question, Gerard. I mean, I think you've heard Jamie talk about this a lot. QT is obviously a big focus and one of the complicating elements that we have in the current environment. I think that the math is the math in the sense that QT, all else equal, is withdrawing from system-wide deposits. In the last six months of this year, that's been offset, hopefully, by a reduction in the size of RRP. And so, that's been supportive of system-wide deposits. As we go into 2024, RRP is at lower levels, and so that may be a little bit less of a tailwind. But it's also the case, as you know, that there's – the market's expectation is that QT is going to start slowing down at some point this year. So – and we still have reasonable levels of reserves and some cushion from RRP. So, that's part of the reason that our outlook is for deposits to be modestly down, with the shrinkage in system- wide deposits maybe partially offset by our belief that we can take some share. But, also I think the second half of this year is going to be interesting to watch in terms of what the Fed does.",46,True,False,21,False
JPM,2023-Q4,earnings,2024-01-12,48,qa,analyst,Gerard Cassidy,RBC Capital Markets,17,Great. Thank you.,47,True,True,22,False
JPM,2023-Q4,earnings,2024-01-12,49,qa,management,Jeremy Barnum,,15,"Thanks, Gerard.",48,True,False,22,False
JPM,2023-Q4,earnings,2024-01-12,50,qa,operator,Operator,,81,"Next, we'll go to the line of Manan Gosalia from Morgan Stanley. You may proceed.",49,True,False,22,False
JPM,2023-Q4,earnings,2024-01-12,51,qa,analyst,Manan Gosalia,Morgan Stanley,367,"Hey. Good morning. Thanks for taking my questions. There has been a lot of talk about capital markets rebound. You noted you're starting the year with a healthy pipeline. Could you give us some more color on what you're seeing there and how the rate in – how the change in the rate environment is changing the conversations that you're having across M&A, ECM and DCM?",50,True,True,23,False
JPM,2023-Q4,earnings,2024-01-12,52,qa,management,Jeremy Barnum,,1367,"Yeah, sure. So, as you know, all else equal, this more dovish rate environment is of course supportive for capital markets. So, if you go into the details a little bit, if you start with ECM, that helps. Higher and – well, the recent rally in the equity markets helps. I think there've been some modest challenges with the 2023 IPO vintage in terms of post-launch performance or whatever. So, that's a little bit of a headwind at the margin in terms of converting the pipeline, but I'm not too concerned about that in general. So, I would expect to see rebound there. In DCM, again, all else equal, lower rates are clearly supportive. One of the nuances there is the distinction between the absolute level of rates and the rate of change, that sometimes you see corporates seeing and expecting lower rates, and therefore, waiting to refinance in the hope of even lower rates. So, that can go both ways. And then, M&A is a slightly different dynamic. I think there's a couple nuances there. One, as you obviously know, announced volume was lower this year. So, that will be a headwind in reported revenues in 2024, all else equal. And of course, we are in an environment of M&A regulatory headwinds, as has been heavily discussed. But having said that, I think we're seeing a bit of pick-up in deal flow, and I would expect the environment to be a bit more supportive.",51,True,False,23,False
JPM,2023-Q4,earnings,2024-01-12,53,qa,analyst,Manan Gosalia,Morgan Stanley,285,"Great. And on the flip side, in C&I, you spoke about lower revolver utilization, more muted demand. What would it take for that to rebound? Do you think it accelerates from here if rates come down or is there room for this to slow even further if the capital markets open up even more?",52,True,True,24,False
JPM,2023-Q4,earnings,2024-01-12,54,qa,management,Jeremy Barnum,,726,"Yeah. It's a good question. I mean, I think as you say, it's a little bit of a – I mean, I wouldn't necessarily say that, like, lack of debt market access in the last year, that was more of an earlier effect in terms of having that drive revolver utilization. I think the main driver there is just a little bit of residual anxiety in the C-suite, which increases as the companies get smaller in size. So, it's really going to be a function of how 2024 plays out. The softer the landing is, the more supported the utilization should be, I would think. If things turn out a little bit worse, I think management teams are going to be incrementally more cautious about CapEx and so on, and so you might see utilization even lower.",53,True,False,24,False
JPM,2023-Q4,earnings,2024-01-12,55,qa,analyst,Manan Gosalia,Morgan Stanley,17,"Great, thank you.",54,True,True,25,False
JPM,2023-Q4,earnings,2024-01-12,56,qa,management,Jeremy Barnum,,5,Yeah.,55,True,False,25,False
JPM,2023-Q4,earnings,2024-01-12,57,qa,operator,Operator,,78,"Next, we'll go to the line of Glenn Schorr from Evercore ISI. You may proceed.",56,True,False,25,False
JPM,2023-Q4,earnings,2024-01-12,58,qa,analyst,Glenn Schorr,Evercore ISI,562,"Hi. Thank you. So, I want to get your perspective on private credit overall. The industry saw a lot of growth, but it's only so big relative to the banking market. I think there's been a lot of share shift in direct lending and middle market lending. But now, you're starting to see more in asset-backed finance and you're seeing them raise a lot of money in infrastructure and energy. So, my question to you is, how big of a trend is this? How much do you think about it as cyclical versus secular? And most importantly, how does JPMorgan adapt and participate?",57,True,True,26,False
JPM,2023-Q4,earnings,2024-01-12,59,qa,management,Jeremy Barnum,,1549,"Yeah. Thanks, Glenn. So, I think the last part of your question, as you say, is the most important part, which is this as an important factor in the competitive dynamic and what is one of the key things that we offer as a company. So, it is a meaningful shift in the environment and something that we've been watching for some time. We've made some enhancements and some new initiatives to ensure that we can compete effectively both in our traditional syndicated lending businesses, but also go head-to-head with the private credit providers in these types of unitranche structures, if and when that's what the client actually wants. It tends to be a trade-off between the best possible pricing versus speed and certainty of execution, and we can provide both off our sort of exceptionally strong long-time DCM franchise. So, that's been a priority, and we're actually already starting to see some results from that across both the Commercial Bank and the CIB with certain client segments. And in the bigger picture, of course, in the context of the Basel III Endgame, people talk a lot about the risk of certain lending activity getting pushed out of the regulated perimeter. It's important to be clear, right, these are important clients of ours too. We compete with them. They're also clients. And in the end, our point here is just people, and regulators in particular, should just be aware of the likely consequences of what's happening here and make sure that the results are intentional and that we're looking around the corner a little bit.",58,True,False,26,False
JPM,2023-Q4,earnings,2024-01-12,60,qa,analyst,Glenn Schorr,Evercore ISI,140,Anything specific on asset-backed? It's an important part of your business too. Do you see it following the same path as direct lending has?,59,True,True,27,False
JPM,2023-Q4,earnings,2024-01-12,61,qa,management,Jeremy Barnum,,207,"It's interesting. I haven't heard much about that, Glenn. So, we can look into it for you. But to be honest, the fact that I haven't heard much makes me think that it's maybe not such a big driver right now.",60,True,False,27,False
JPM,2023-Q4,earnings,2024-01-12,62,qa,analyst,Glenn Schorr,Evercore ISI,31,"Okay, cool. Thank you for that.",61,True,True,28,True
JPM,2023-Q4,earnings,2024-01-12,63,qa,operator,Operator,,108,"And for our final question, we'll go to the line of Charles Peabody from Portales Partners. You may proceed.",62,True,False,28,True
JPM,2023-Q4,earnings,2024-01-12,64,qa,analyst,Charles W. Peabody,Portales Partners,806,"Thank you. I have a question about the role that First Republic plays in your NII forecast. I'm assuming, because you'll have a full year in 2024 of First Republic that their contribution of NII will be up, let's say, from $3.7 billion this year to $5 billion to $6 billion next year. But given that you're forecasting six rate cuts, is that a detractor to your assumptions of NII from First Republic? Or – I mean, you have that FDIC note, and then you also have a significant amount of adjustable rate mortgages that I assume are repricing upwards. So, if you're talking about rate cuts, that would hurt your NII forecast from First Republic, I'm guessing. But if rates stay higher for longer, wouldn't First Republic be a much bigger contributor? So, talk about the sensitivities of First Republic there.",63,True,True,29,False
JPM,2023-Q4,earnings,2024-01-12,65,qa,management,Jeremy Barnum,,1304,"Yeah. Thanks, Charlie. So, one thing that we said when we kind of gave First Republic guidance at Investor Day earlier this year is that while we understood the need to track that, and we've been splitting out First Republic in our reported results in order to improve period-on-period comparability, we kind of want to stay out of the business of guiding on First Republic. And so, we really focused on having our guidance be Firmwide, including First Republic, now that everything is embedded in the franchise. Having said that, let me just react to a couple of the things that you said. So, again, I don't want to get into like micro-validation one way or the other of some of your back-of-the-envelope math. But we did have some accelerated pull to par on some of the accretion of some of the loans that we purchased this year. So, I think the annualization that you're doing is maybe a bit high for the 2024 number. And then, from a sensitivities perspective, I actually think I can simplify the math for you a little bit and just kind of direct you to the EaR per my response to the prior question. Because that EaR fully includes all of the First Republic assets and liabilities with all of the various dynamics. And so, I think that's kind of like an easier way to think about it for the company.",64,True,False,29,False
JPM,2023-Q4,earnings,2024-01-12,66,qa,analyst,Charles W. Peabody,Portales Partners,196,"Just to make sure I understood what you're saying, so you have NII ex. Markets going from $94 billion to $88 billion. Within that, would the contribution from First Republic be down as well or up?",65,True,True,30,False
JPM,2023-Q4,earnings,2024-01-12,67,qa,management,Jamie Dimon,,43,"It's going to hit… the day we did it, so...",66,True,False,30,False
JPM,2023-Q4,earnings,2024-01-12,68,qa,management,Jeremy Barnum,,944,"Yeah. I mean, I can probably answer that question if I think about it for a second, but it sort of violates my prior statement that I really don't want to get into the business of guiding on First Republic. If I do the big picture, right, so big picture, 2023, we had eight months of First Republic NII. 2024, we're going to have 12. So, all else equal, there's calendarization in there. What's also true is that in 2023, as a result of the impact of the NII of the pull to par of certain relatively short-dated assets that we fair-valued at a meaningful discount as part of the transaction, that sort of – that pull to par happens quite quickly, and therefore, probably juiced the 2023 number a little bit. So, therefore, straight annualization is probably not the right way to think about it. Then, you just get into the questions about the FTP and the funding and whatever, and then this is like too complicated. So, I'd rather not go there.",67,True,False,30,False
JPM,2023-Q4,earnings,2024-01-12,69,qa,analyst,Charles W. Peabody,Portales Partners,21,All right. Thank you.,68,True,True,31,False
JPM,2023-Q4,earnings,2024-01-12,70,qa,operator,Operator,,49,And we do have no further questions at this time.,69,True,False,31,False
JPM,2023-Q4,earnings,2024-01-12,71,qa,management,Jeremy Barnum,,33,"Okay. Thanks very much, everyone.",70,True,False,31,False
JPM,2023-Q4,earnings,2024-01-12,72,qa,operator,Operator,,118,Thank you all for participating in today's conference. You may disconnect at this time and enjoy the rest of your day.,71,True,False,31,False
JPM,2024-Q1,earnings,2024-04-12,4,qa,analyst,Betsy L. Graseck,Morgan Stanley,17,Hi. Good morning.,3,True,True,1,True
JPM,2024-Q1,earnings,2024-04-12,5,qa,management,Jamie Dimon,,8,Morning.,4,True,False,1,True
JPM,2024-Q1,earnings,2024-04-12,6,qa,analyst,Betsy L. Graseck,Morgan Stanley,777,"So, a couple of questions here. Just, one, Jamie, could you talk through the decision to raise the dividend kind of mid-cycle, it felt like, pre- CCAR? And also, help us understand how you're thinking about where that payout ratio, that dividend payout ratio, range should be. Because over the past several years, it's been somewhere between 24% and 32%. And so, is this suggesting we could be towards the higher-end of that range or even expanding above that? And then I also just wanted to understand the buyback and the keeping of the CET1 at 15% here. The minimum is 11.9%. I know it's – we have to wait for Basel III Endgame re-proposal to come through and all that, but should we be expecting that, hey, we're going to hold 15% CET1 until we know all these rules? Thanks.",5,True,True,2,False
JPM,2024-Q1,earnings,2024-04-12,7,qa,management,Jamie Dimon,,2894,"Yeah. So, Betsy, before I answer the question, I want to say something on behalf of all of us at JPMorgan and, me personally, thrilled to have you on this call. For those that don't know, Betsy has been through a terrible medical episode and it's a reminder to all of us how lucky we are to be here. But, Betsy, in particular, the amount of respect we have, not just in your work, but in your character over the last 20 plus years has been exceptional. So, on behalf of all of us, I just want to welcome you back and thrilled to have you here. And so, you're asking a pertinent question. So, we're earning a lot of money. Our capital cup runneth over, and that's why we've increased the dividend. And if you're asking me what we'd like to do is to pay out something like a third, a third of normalized earnings. Of course, it's hard to calculate always what normalized earnings are, but we don't mind being a little bit ahead of that sometimes, a little bit behind that sometimes. If I could give people kind of consistent dividend guidance, et cetera, I think the far more important question is the 15%. So, look at the 15%, I'm going to oversimplify it, that basically will prepare us for the total Basel Endgame today, roughly. The specifics don't matter that much. Remember, we can do a lot of things to change that in the short-run or the long-run, but it looks like Basel III Endgame may not be the worst case. It'll be something less than that. So, obviously, when and if that happens, it would free up a lot of capital, and I'm going to say in the order of $20 billion or something like that. And, yes, we've always had the capital hierarchy the same way, which is we're going to use capital to build our business first, I mean, pay the dividend – steady dividend, build the business, and if we think it's appropriate to buy back stock. We're continuing to buy back stock at $2 billion a quarter (sic). I personally do not want to buy back a lot more than that at these current prices. I think you've all heard me talk about the world, things like that. So, waiting in preparation for Basel. Hopefully we'll know something later, and then we can be much more specific with you all. But in the meantime, there's also – it's very important to put in mind, there are short-term uses for capital that are good for shareholders, that could reduce our CET1 too. So, you may see us do things in the short-run that will increase earnings, increase capital, that are using up that capital. Jeremy mentioned on the – on one of the things that we know, the balance sheet and how we use the balance sheet for credit and trading, we could do things now. So, it's a great position to be in. We're going to be very, very patient. I urge all the analysts to keep in mind, excess capital is not wasted capital, it's earnings in store. We will deploy it in a very good way for shareholders in due course.",6,True,False,2,False
JPM,2024-Q1,earnings,2024-04-12,8,qa,analyst,Betsy L. Graseck,Morgan Stanley,29,Excellent. Thank you so much.,7,True,True,3,False
JPM,2024-Q1,earnings,2024-04-12,9,qa,management,Jeremy Barnum,,218,"And yeah, Betsy, I just wanted to add my welcome back thoughts as well, and just a very minor edit to Jamie's answer. I think he just misspoke when he said $2 billion a year in buybacks. The trajectory is $2 billion...",8,True,False,3,False
JPM,2024-Q1,earnings,2024-04-12,10,qa,management,Jamie Dimon,,38,Oh. Sorry. $2 billion a quarter. Yeah.,9,True,False,3,False
JPM,2024-Q1,earnings,2024-04-12,11,qa,management,Jeremy Barnum,,104,"...a quarter. Otherwise, I have nothing to add to Jamie's very complete answer. But welcome back, Betsy.",10,True,False,3,False
JPM,2024-Q1,earnings,2024-04-12,12,qa,analyst,Betsy L. Graseck,Morgan Stanley,102,"Okay. Thank you so much, and appreciate it. Looking forward to seeing you at Investor Day on May 20th.",11,True,True,4,False
JPM,2024-Q1,earnings,2024-04-12,13,qa,management,Jeremy Barnum,,18,Excellent. Us too.,12,True,False,4,False
JPM,2024-Q1,earnings,2024-04-12,14,qa,operator,Operator,,90,Thank you. Our next question comes from Jim Mitchell with Seaport Global. You may proceed.,13,True,False,4,False
JPM,2024-Q1,earnings,2024-04-12,15,qa,analyst,Jim Mitchell,Seaport Global Securities,197,"Hey. Good morning. Jeremy, can you speak to the trends you're seeing with respect to deposit migration in the quarter, if there's been any change? Have you seen that migration start to slow or not?",14,True,True,5,False
JPM,2024-Q1,earnings,2024-04-12,16,qa,management,Jeremy Barnum,,1574,"Yeah. Good question, Jim. I think the simplest and best answer to that is: not really. So, as we've been saying for a while, migration from checking and savings to CDs is sort of the dominant trend with this driving the increase in weighted average rate paid in the consumer deposit franchise, that continues. We continue to capture that money-in-motion at a very high rate. We're very happy about what that means about the consumer franchise and level of engagement that we're seeing. I'm aware that there's a little bit of a narrative out there about are we seeing the end of what people sometimes refer to as cash sorting. We've looked at that data. We see some evidence that maybe it's slowing a little bit. We're quite cautious on that. We really sort of don't think it makes sense to assume that in a world where checking and savings is paying effectively zero and the policy rate is above 5% that you're not going to see ongoing migration. And frankly, we expect to see that even in a world where – even if the current yield curve environment were to change and meaningful cuts were to get reintroduced and we would actually start to see those, we would still expect to see ongoing migration and yield-seeking behavior. So, it's quite conceivable and this is actually on the yield curve that we had in fourth quarter that had six cuts in it. We were still nonetheless expecting an increase in weighted average rate paid as that migration continues. So, I would say no meaningful change in the trends and the expectation for ongoing migration is very much still there.",15,True,False,5,False
JPM,2024-Q1,earnings,2024-04-12,17,qa,analyst,Jim Mitchell,Seaport Global Securities,307,"Okay. And just a follow-up on that and just sort of bigger picture on NII. Is that sort of the biggest driver of your outlook? Is it migration? Is it the forward curve? Is it balances? It sounds like it's migration, but just I'd be curious to hear your thoughts on the biggest drivers of upside or downside.",16,True,True,6,False
JPM,2024-Q1,earnings,2024-04-12,18,qa,management,Jeremy Barnum,,1333,"Yeah. So, I mean I think the drivers of, let's say, what's embedded in the current guidance is actually not meaningfully different from what it was in the fourth quarter, meaning it's the current yield curve, which is a little bit stale now. But the snap from quarter-end had roughly three cuts in it. So, it's the current yield curve, it's what I just said, the expectation of ongoing internal migration. There is some meaningful offset from Card revolve growth, which while it's a little bit less than it was in prior years, is still a tailwind there. We expect deposit balances to be sort of flat to modestly down, so that's a little bit of a headwind at the margin. And then, there's obviously the wild card of potential product level reprice, which we always say we're going to make those decisions situationally as a function of competitive conditions in the marketplace, and you know this obviously, but in a world where we've got something like $900 billion of deposits paying effectively zero, relatively small changes in the product level reprice can change the NII run rate by a lot. So, the error bands here are pretty wide, and we're always going to stick with our mantra, which has been not losing primary bank relationships and thinking about the long- term health of the franchise when we think about deposit pricing.",17,True,False,6,False
JPM,2024-Q1,earnings,2024-04-12,19,qa,analyst,Jim Mitchell,Seaport Global Securities,41,Right. Okay. Great. Thanks for the color.,18,True,True,7,False
JPM,2024-Q1,earnings,2024-04-12,20,qa,management,Jeremy Barnum,,7,Thanks.,19,True,False,7,False
JPM,2024-Q1,earnings,2024-04-12,21,qa,operator,Operator,,96,Thank you. Our next question comes from John McDonald with Autonomous Research. You may proceed.,20,True,False,7,False
JPM,2024-Q1,earnings,2024-04-12,22,qa,analyst,John McDonald,Autonomous Research,356,"Thanks. Jeremy, you had mentioned at a conference earlier this year that the Street might need to build in more reserve growth – for the Card growth, you've had more reserve build. We didn't see that this quarter. Is that just kind of seasonal? And would you still expect the kind of growth math to play out in terms of Card growth and reserve build needs?",21,True,True,8,False
JPM,2024-Q1,earnings,2024-04-12,23,qa,management,Jeremy Barnum,,883,"Yeah, John. So, in short, yes to both questions. So, yes, the relative lack of build this quarter is a function of the normal seasonal patterns of Card. Yes, we still expect 12% Card loan growth for the full year. And yes, that still means that all else equal, we think the consensus for the allowance build for the back three quarters is still a little too low, if you map it to that expected Card loan growth. Obviously, there's the wild card of what happens with our probabilities and our parameters and the output of our internal process of assessing the skew in the seasonal distribution and so on, and we're not speaking to that one way or the other. So, if guys have your own opinions about that, that's fine, but we're narrowly just saying that based on the Card loan growth that we expect and normal coverage ratios for that, we do expect build in the back half of the year.",22,True,False,8,False
JPM,2024-Q1,earnings,2024-04-12,24,qa,analyst,John McDonald,Autonomous Research,458,"Okay. Got it. And then just to follow up to make it super clear on the idea of the Markets NII, that outlook being revised down by $1 billion but revenue neutral. I guess, the obvious thing is, there, there's typically an offset in fee income and you don't guide to that. But the idea would be the way you're structuring trades, the way the balance sheet is evolving, there’s some offset that you'd expect in Markets fees from the lower Markets NII, correct?",23,True,True,9,False
JPM,2024-Q1,earnings,2024-04-12,25,qa,management,Jeremy Barnum,,1014,"That is exactly right. And specifically, what's going on here is there's shift between on-balance sheet and off-balance sheet in the financing businesses and prime and so on within Markets. And you can actually see a little bit of a pop in the Markets balance sheet in the supplement and these things are all related. So, fundamentally, you can think of it as like we either hold the equities on the balance sheet, non-interest- bearing, high-funding expense, negative for NII, or we receive that in total return form through derivatives, exactly the same economics, no impact on NII. So, that shift is a function of the sort of borrowing relationships in the marketplace in ways that are bottom line effectively neutral. It's second order effects, but they change the geography quite a bit, and that's what happened this quarter. And that's why we've been emphasizing for some time that the NII ex. Markets is the better number to focus on in terms of an indicator of how the core banking franchise is performing.",24,True,False,9,False
JPM,2024-Q1,earnings,2024-04-12,26,qa,analyst,John McDonald,Autonomous Research,18,Got it. Thank you.,25,True,True,10,False
JPM,2024-Q1,earnings,2024-04-12,27,qa,management,Jeremy Barnum,,10,Thank you.,26,True,False,10,False
JPM,2024-Q1,earnings,2024-04-12,28,qa,operator,Operator,,96,Thank you. Our next question comes from Ebrahim Poonawala with Bank of America. You may proceed.,27,True,False,10,False
JPM,2024-Q1,earnings,2024-04-12,29,qa,analyst,Ebrahim H. Poonawala,Bank of America,668,"Hey. Good morning. I guess, just in terms of, Jeremy, when you think about the outlook for the economy, I would appreciate your thoughts on the health of the customer base, both commercial and consumer. And when we think about higher-for-longer, maybe the economy is too strong so we don't get any rate cuts, are you seeing that when you talk to your customers and the feedback you're getting from your bankers where the momentum is picking up? And I appreciate all the macro risks that Jamie has pointed out, but I'm just getting – trying to get to a sense of what your view is in terms of the most likely outcome based on what you're seeing today from the customers.",28,True,True,11,False
JPM,2024-Q1,earnings,2024-04-12,30,qa,management,Jamie Dimon,,2403,"I would say consumer customers are fine. The unemployment is very low. Home prices are up. Stock prices are up. The amount of income they need to service their debt is still kind of low, but the extra money of the lower-income folks is running out – not running out, but normalizing, and you see credit normalizing a little bit. And of course, higher-income folks still have more money, they're still spending it. So, whatever happens, the customer is in pretty good shape and they're – if they – you go into a recession, they'll be in pretty good shape. Businesses are in good shape. If you look at it today, their confidence is up, their order books are up, their profits are up. But what I caution people, these are all the same results of a lot of fiscal spending, a lot of QE, et cetera. And so, we don't really know what's going to happen. And I also want to look at the year. Look at two years or three years, all the geopolitical effects and oil and gas and how much fiscal spending will actually take place, our elections, et cetera. So, we're in good shape – we're okay right now. It does not mean we're okay down the road. And if you look at any inflection point, being okay in the current time is always true. That was true in 1972. It was true in any time we've had it. So, I just – I'm just on the more cautious side. How people feel and confidence levels and all that, that doesn't necessarily stop you from having an inflection point. And so, everything is okay today, but you've got to be prepared for a range of outcomes, which we are. And the other thing I want to point out, because all of these questions about interest rates and yield curves and NII and credit losses, it's – one thing to project it today based on what – not what we think in economic scenarios, but the generally accepted economic scenario, which is the generally accepted rate cuts of the Fed, but these numbers have always been wrong. You have to ask the question, what if other things happen like higher rates with this modest recession, et cetera? Then all these numbers change. I just don't think any of us should be surprised if and when that happens. And I just think the chance of happening is higher than other people. I don't know the outcome. We don't want to guess the outcome. I've never seen anyone actually positively predict big inflection point in the economy, literally in my life or in history.",29,True,False,11,False
JPM,2024-Q1,earnings,2024-04-12,31,qa,analyst,Ebrahim H. Poonawala,Bank of America,281,"That's helpful. And just tied to that, as we look at commercial real estate both for J.P. and for the economy overall, is higher rates alone enough to create more vulnerability than issues beyond office CRE? Like, how would you characterize the health of the CRE market? Thank you.",30,True,True,12,False
JPM,2024-Q1,earnings,2024-04-12,32,qa,management,Jamie Dimon,,1904,"Yeah, so I'll put it into two buckets. Okay? First of all, we're fine. We've got good reserves against office. We think our multifamily is fine. Jeremy can give you more detail on that if you want. But if you think of real estate, there's two pieces. If rates go up, think of the yield curve. The whole yield curve, not Fed funds, but the 10-year bond rate, it goes up 2%, all assets, all assets, every asset on the planet, including real estate, is worth 20% less. Well, obviously, that creates a little bit of stress and strain, and people have to roll those over and finance it more. That's not just true for real estate, it's true for everybody. And that happens, leveraged loans, real estate will have some effect. The second thing is the, why does that happen? If that happens because we have a strong economy, well, that's not so bad for real estate because people will be hiring and throwing things out and other financial assets. If that happens because we have stagflation, well that’s the worst case. All of a sudden, you are going to have more vacancies, you are going to have more companies cutting back, you are going to have less leases. It will affect – including multifamily, that will filter through the whole economy in a way that we – people haven't really experienced since 2010. So, I just put in the back of your mind the why is important, the interest rates are important, the recession is important. If things stay where they are today, we have kind of the soft landing that seems to be embedded in the marketplace, everyone will – the real estate will muddle through. Obviously, it will be idiosyncratic if you're in different cities and different types and B versus A buildings and all of that, but people muddle through. They won't muddle through under higher rates with the recession. That would be tough for a lot of folks and not just real estate if, in fact, that happens.",31,True,False,12,False
JPM,2024-Q1,earnings,2024-04-12,33,qa,analyst,Ebrahim H. Poonawala,Bank of America,27,Helpful. Thank you so much.,32,True,True,13,False
JPM,2024-Q1,earnings,2024-04-12,34,qa,management,Jeremy Barnum,,16,"Thanks, Ebrahim.",33,True,False,13,False
JPM,2024-Q1,earnings,2024-04-12,35,qa,operator,Operator,,81,Thank you. Our next question comes from Erika Najarian with UBS. You may proceed.,34,True,False,13,False
JPM,2024-Q1,earnings,2024-04-12,36,qa,analyst,Erika Najarian,UBS,388,"Hi. Good morning. Given that your response to Betsy's question is that 15% CET1 today prepares you for Basel III Endgame as written, you earn 22% on – without the FDIC assessment. Ahead of Investor Day, I guess, six weeks from now or a week from now, as we think about that 17% through-the-cycle target, if you're at the right capital level per you guys, where are you over-earning today?",35,True,True,14,False
JPM,2024-Q1,earnings,2024-04-12,37,qa,management,Jeremy Barnum,,2195,"Right. So, interesting framing of the question, Erika. So, I think we've been pretty consistent about where we're over-earning, right? So, obviously, one major area is that we're over-earning in deposit margin, especially in consumer and that's sort of why we're expecting sequential declines in NII, why we've talked about compressing deposit margins and increases in weighted average rate paid. So, I think that's probably the single biggest source of, let's call it, excess earnings currently. You also have heard Jamie say that we're over-earning in credit. I mean, Wholesale charge-offs have been particularly low, but we have builds for that. So, in the current run rate, a bit less clear the extent of what we're earning. And in Card, of course, while charge-offs are now close to normalized essentially, we did go through an extended period of charge-offs being very low by historical standards, although that was coupled with NII also being low by historical standards. So, from a bottom line perspective, it's not entirely clear what the net of that was. But broadly, it's really deposit margin that's the biggest single factor in the over-earning narrative. Embedded in your question, I think, is a little bit of the “what are you thinking about the 17% CET1 in light of the current level of capital” and so on and you did talk about Investor Day. I was hoping that we would have interesting things to say about that at Investor Day in light of potential updates of the Basel III Endgame, given that the single most important factor for that 17% is how much denominator expansion do we see through the Basel III Endgame. At the rate we're going, we won't actually know that much more about that by Investor Day, so we might not have that much more to say except to reiterate what I've said in the past which is that, whatever it is, it's going to be very good, our returns in absolute terms, very good in relative terms. We will optimize, we will seek to reprice, we will adjust in various ways to the best of our ability. But given the structure of the rule as proposed at least, a lot of this cannot be optimized away. And so, in the base case you have to think of it as a headwind.",36,True,False,14,False
JPM,2024-Q1,earnings,2024-04-12,38,qa,analyst,Erika Najarian,UBS,447,"Got it. And just as a follow-up question, you mentioned that the current curve that you set your NII outlook upon is stale. I guess, does it matter that – it seems like the market down pricing, and obviously no June cut, no September cut and a toss-up in December, which should matter for this year. As we think about that $90 billion, if we price rate cuts out totally, does that matter much given it seems like June is the only one that would...",37,True,True,15,False
JPM,2024-Q1,earnings,2024-04-12,39,qa,management,Jeremy Barnum,,769,"Yeah. Sorry, Erika. So, just quick things on this. One, let's focus on NII ex., not on total NII. So, I'd anchor you to the $89 billion. Number two, if you want to do math for like the changes of the average funds rate for the rest of the year and multiply that times the EaR like, be my guest, it's like as good as an approach as any. But I would just once again remind you of the $900 billion of deposits paying practically zero, that very small changes there can make a big difference. And we've got other factors. We've got the impact of QT on deposit balances, et cetera, et cetera, et cetera. So, we want to make sure that we don't get too precise here. We're giving you our best guess based on a series of assumptions and it's going to be where it's going to be.",38,True,False,15,False
JPM,2024-Q1,earnings,2024-04-12,40,qa,management,Jamie Dimon,,36,Which we know are going to be wrong.,39,True,False,15,False
JPM,2024-Q1,earnings,2024-04-12,41,qa,analyst,Erika Najarian,UBS,7,Thanks.,40,True,True,16,True
JPM,2024-Q1,earnings,2024-04-12,42,qa,operator,Operator,,83,Thank you. Our next question comes from Ken Usdin with Jefferies. You may proceed..,41,True,False,16,True
JPM,2024-Q1,earnings,2024-04-12,43,qa,analyst,Ken Usdin,Jefferies,691,"Thanks. Good morning. Jeremy, I was wondering if you could expand a little bit on one of your prepared comments. When you talked about, we'll have hopes and expectations for the Investment Banking pipeline that continued to move along, we obviously saw the good movement in ECM and DCM and the lag in Advisory. Can you just talk about that? You mentioned like potential cautiousness around the election. Just what are you hearing from both the corporate side and the sponsor side with – as it relates to M&A on like go-no-go type of feel and conversation levels? And then, what are you thinking we need to have to kickstart just another good level of IPO activity in the ECM markets? Thanks.",42,True,True,17,False
JPM,2024-Q1,earnings,2024-04-12,44,qa,management,Jeremy Barnum,,1890,"Sure. Yeah. Let me take the IPO first. So, we have been a little bit cautious there. Some cohorts and vintages of IPOs had performed somewhat disappointingly. I think that narrative has changed to a meaningful degree this quarter. So I think we're seeing better IPO performance. Obviously, Equity Markets have been under a little bit of pressure last few days. But in general, we have a lot of support there and that always helps. Dialogue is quite good. A lot of interesting different types of conversations happening with global firms, multinationals, carve-out type things. So, dialogue is good. Valuation environment is better, like sort of decent reasons for optimism there. But of course, with ECM, there's always a pipeline dynamic and conditions were particularly good this quarter. And so, we cautioned a little bit there about pull-forward. Which is even more acute I think on the DCM side, given that quite a higher percentage of the total amount of debt that needed to be refinanced this year, has gotten done in the first quarter. So, that's a factor. And then, the question of M&A I think is probably the single most important question, not only because of its impact on M&A, but also because of it's knock-on impact on DCM through acquisition, financing and so on. And there is the well-known kind of regulatory headwinds there and that's definitely having a bit of a chilling effect. I don't know, I've heard some narratives that maybe there is like some pent-up deal demand. Who knows how important politics are in all this? So, I don't know. We're fundamentally, as I said, I think on the press call, happy to see momentum this quarter. Happy to see momentum in announced M&A. A little bit cautious about the pull-forward dynamic. A little bit cautious about the regulatory headwinds. And in the end, we're just going to fight really hard for our share of the wallet here.",43,True,False,17,False
JPM,2024-Q1,earnings,2024-04-12,45,qa,analyst,Ken Usdin,Jefferies,596,"Got it. And I guess, I'll just stick on the theme of capital markets, and not surprising at all to see a little bit tougher comp in FICC. I think you guys have kind of indicated that maybe a flattish fee pool is a reasonable place, and I know that's impossible to guide on. But just, maybe talk to some of the dynamics in terms of activity across the Fixed Income and Equities business. And do you feel like this is the type of environment where, given that lingering uncertainty about rates, clients are either more engaged or less engaged in terms of how they're positioning portfolios? Thanks.",44,True,True,18,False
JPM,2024-Q1,earnings,2024-04-12,46,qa,management,Jeremy Barnum,,1248,"Yeah. Really good question. I would say, in general, that the sort of volatility and uncertainty in the rate environment overall on balance is actually supportive for the Markets revenue pool. And I think that, together with generally more balance sheet deployment as well as sort of some level of natural background growth, is one of the reasons that the overall level of Markets revenue has stabilized at meaningfully above what was normal in the pre-pandemic period. And well, that does occasionally make us a little bit anxious like, “Oh, is this sustainable? Might there be downside here?” For now, that does seem to be the new normal. And I do think that having rates off the lower zero bound and a sort of more normal dynamic and global rates, that not only affects the rates business, but it affects the Foreign Exchange business. It generally just makes asset allocation decisions more important and more interesting. And so, all of that creates risk management needs and active managers need to grapple with it, and so on and so forth. So, I think that – those are some of the themes on the Market side at the margin. And yeah, we'll see how the rest of the year goes. But it sort of seems to be behaving relatively normally, I would say.",45,True,False,18,False
JPM,2024-Q1,earnings,2024-04-12,47,qa,operator,Operator,,84,Thank you. Our next question comes from Mike Mayo with Wells Fargo. You may proceed.,46,True,False,18,False
JPM,2024-Q1,earnings,2024-04-12,48,qa,analyst,Mike Mayo,Wells Fargo Securities,710,"Hi. Jamie, I'm just trying to reconcile some of your concerns in your CEO letter. I'm sure the 60 pages – I can see you put a lot of effort into that, and it's appreciated. But you talked about scenarios, tail risk, macro risk, geopolitical risk and all that over several years, if not weeks or months. I get it. On the other hand, the firm is investing so much more outside the U.S., whether it's commercial or some digital banking, consumer or wholesale payments. So, I'm just trying to reconcile kind of your actions with your words. And specifically, how is global Wholesale Payments going? You mentioned you're in 60 countries. You do business a lot more. How is that business in particular doing? Thanks.",47,True,True,19,False
JPM,2024-Q1,earnings,2024-04-12,49,qa,management,Jeremy Barnum,,1649,"Right, Mike. So I’m sorry to tell you that Jamie actually left us because he’s at a leadership off-site. That’s why he was here remote. So, I think he left the call in my hands, for better or for worse. But let me try to address some of your points and without sort of speaking for Jamie here. I think that when we talk about the impact of the geopolitical uncertainty on the outlook, part of the point there is to note that the U.S. is not isolated from that. If we have global macroeconomic problems as a result of geopolitical situations, that’s not only a problem outside of the U.S.; that affects the global economy and therefore the US and therefore our corporate customers, et cetera, et cetera. And in that context, keeping in mind what we always say that we invest through-the-cycle, that we sort of, we don’t go into countries and then leave countries, et cetera. Obviously, we adjust around the edges, we manage risks, we do make choices as a function of the overall geopolitical environment. But broadly, the notion that we would pull back meaningfully from one of the key competitive strengths that this company has always had which is, its sort of global character because of a particular moment geopolitically, would just be inconsistent with how we've always operated. And in terms of the Wholesale Payments business, it's going great. We're taking share. There's been a lot of innovation there, a lot of investment in technology, a lot of connectivity to payment systems in different countries around the world. And yeah, I'm sure we'll give you more color in other settings on that, but it's a good story. It's a nice thing to see.",48,True,False,19,False
JPM,2024-Q1,earnings,2024-04-12,50,qa,analyst,Mike Mayo,Wells Fargo Securities,225,"Just as a follow up to that then, why is it doing great in terms of Wholesale Payments, given such the – the dislocations in the world from wars to supply chain changes, everything else? Why is Wholesale Payments doing great?",49,True,True,20,False
JPM,2024-Q1,earnings,2024-04-12,51,qa,management,Jeremy Barnum,,585,"Well, I think one of the things about Payments businesses is that, in some sense they are – I mean, recession proof is probably the wrong word; and in any case, we're not dealing with the recession. We're talking fundamentally about moving money through pipes around the world, and that's a thing that people need to do more or less, no matter what. So, that's one piece. But I think the other piece is that, our willingness to invest which has always been a focus of yours, is one of the key things separating us in this business right now. And so, we are seeing the benefits of that.",50,True,False,20,False
JPM,2024-Q1,earnings,2024-04-12,52,qa,analyst,Mike Mayo,Wells Fargo Securities,19,Alright. Thank you.,51,True,True,21,False
JPM,2024-Q1,earnings,2024-04-12,53,qa,management,Jeremy Barnum,,13,"Thanks, Mike.",52,True,False,21,False
JPM,2024-Q1,earnings,2024-04-12,54,qa,operator,Operator,,84,Thank you. Our next question comes from Glenn Schorr with Evercore. You may proceed.,53,True,False,21,False
JPM,2024-Q1,earnings,2024-04-12,55,qa,analyst,Glenn Schorr,Evercore ISI,618,"Thank you. Your commentary with Ken's questions were great and clear on Investment Banking for the near term in this year. I have a bigger picture question in terms of, you're always so good in spelling out where you're over-earning. Do you feel like you're under-earning on the Investment Banking side? And I just use some of your own numbers from the past of like, the market has added like $40 trillion of equity market cap and $40 trillion of fixed income market cap last 10 years, yet the wallet is like 20% plus below the 10-year average. So, is there just a bigger upside and it's just a matter of when, not if.",54,True,True,22,False
JPM,2024-Q1,earnings,2024-04-12,56,qa,management,Jeremy Barnum,,1090,"Yeah, Glenn. In short, yes. I mean, I think we're not shy about saying that we're under-earning in Investment Banking right now. Clearly, we're below cycle averages, as you point out. We've been talking about when do we get back to the pre-pandemic wallet? But as you know, I mean on this point, what it was, like March 2020, right, was the beginning of the pandemic. So, it's like four years ago at this point. So, there has been GDP growth, especially in nominal terms during that period, and you would expect the wallet to growth with that. So, I do think there's meaningful upside in the Investment Banking fee wallet. As I've noted, there are some headwinds, I think particularly in M&A. But over time, you would hope that the amount of M&A is a function of the underlying industrial logic rather than the regulatory environment. So, you could see some mean reversion there. And, yeah, so that's why we're sort of leaning in. We're engaging with clients. We're making sure that we're appropriately resourced for a more robust level of the wallet and fighting for every dollar of share.",55,True,False,22,False
JPM,2024-Q1,earnings,2024-04-12,57,qa,analyst,Glenn Schorr,Evercore ISI,411,"Cool. Maybe one other follow-up. You're always investing. You clearly get paid in growth across the franchise as you do. But relative to a lot of other banks that have been keeping the expenses a lot closer to flat, do you envision environment, or maybe I should rephrase that, what type of environment would have J.P. Morgan pull back on this tremendous investment spending wave that you've been going through?",56,True,True,23,False
JPM,2024-Q1,earnings,2024-04-12,58,qa,management,Jeremy Barnum,,1923,"Sure. So, I think the first thing to say which is somewhat obvious but I'm going to say it anyway is that, there are some like auto-governors in this, right? Like some portion of the expense base is directly related to revenue, whether it's volume-related commissions, whether it's incentive compensation, whether it's other things. So, there are some auto-correcting elements of the expense base that would happen automatically as part of the normal discipline. So, that's point one. Point two is that, independently of the environment, we are always looking for efficiencies. It's a little bit hard to see it, and in a world where we're guiding to, I guess, now with the special assessment added, $91 billion of expenses, it's hard to tell a story about all the efficiencies that have been generated underneath. But that is part of the DNA of the company, that does happen in BAU all the time as we grind things out, get the benefits of scale and try to extract that efficiency. And I think to get to the heart of your question which is, okay, in what type of an environment would we make different strategic questions? And in the end, I think that's a little bit about what that environment is really like. So, if you talk about like a normal recession, with visibility on the cycle, would we change our long-term strategic investment plans which are always built up from a financial modeling perspective assuming resilience through-the-cycle? No, we wouldn't. Could there be some environments that for whatever reason change the business case for certain investments, or even certain businesses, that lead us to make meaningfully different strategic choices? Yes, but that would be because the through-the-cycle analysis has changed for some reason. I just don't see us fundamentally making strategically different decisions if the strategic outlook is unchanged, simply because of the business cycle in the short-term.",57,True,False,23,False
JPM,2024-Q1,earnings,2024-04-12,59,qa,analyst,Glenn Schorr,Evercore ISI,19,Awesome. Thank you.,58,True,True,24,False
JPM,2024-Q1,earnings,2024-04-12,60,qa,management,Jeremy Barnum,,7,Thanks.,59,True,False,24,False
JPM,2024-Q1,earnings,2024-04-12,61,qa,operator,Operator,,90,Thank you. Our next question comes from Matt O'Connor with Deutsche Bank. You may proceed.,60,True,False,24,False
JPM,2024-Q1,earnings,2024-04-12,62,qa,analyst,Matt O'Connor,Deutsche Bank,473,"Good morning. You mentioned one use of capital is to lean into the trading businesses with your balance sheet. And we just see the trading assets going up Q2, which is probably seasonal, but also up a lot year-over-year, but not necessarily translate into higher revenues. And I know they don't like match up necessarily each quarter, but maybe just elaborate like how you're leaning into the trading with the balance sheet and how you expect that to benefit you over time.",61,True,True,25,False
JPM,2024-Q1,earnings,2024-04-12,63,qa,management,Jeremy Barnum,,2071,"Yeah, sure. So, let me break this question down into a couple of different parts. So, I think what Jamie was sort of suggesting is that, you can think of the concept as kind of like strategic capital versus tactical capital for lack of a better term. And what he's kind of saying is that, in a moment where you're carrying a lot of excess capital sort of for strategic reasons, you have the ability at least in theory to deploy portions of that with kind of like – into relatively short-duration assets or strategies or client opportunities in whatever moment for whatever reason, and what might be thought of as a tactical sense. So, he's just pointing out that that's an option that you have. And the extent to which this quarter's increase in Markets RWA is a reflection of that, maybe a little bit, but probably not. I agree with you that it's hard in any given quarter to specifically link the change in capital and RWA to a change in revenue versus too many moving parts there. But for sure, one thing that's true is the higher run rate of the Markets businesses as a whole that we talked about a second ago, is linked also to higher deployment of balance sheet into those businesses. So, as you well know, we pride ourselves on being extremely analytical and extremely disciplined in how we analyze capital liquidity, balance sheet deployment, GSIB capacity utilization, et cetera, in the Markets business. And we don't just chase revenue; we go after returns fully measured. And that's part of the DNA, and we continue to do it and we will. So – that we still are operating under multiple binding constraints. And obviously, the environment is complex, so the ability to sort of throw a ton of capital at opportunities is not quite that simple always. But big picture, we are clearly in a very, very strong capital position which is, in no small part in anticipation of all the uncertainty, but it does also mean that if opportunities arise between now and when the Basel III Endgame is final, we are very well positioned to take advantage of those opportunities.",62,True,False,25,False
JPM,2024-Q1,earnings,2024-04-12,64,qa,analyst,Matt O'Connor,Deutsche Bank,296,"Got it. And then just separately, within the Consumer Card businesses, you highlighted volumes were up 9% year-over-year. Obviously, still a very strong piece. Any trends within that that are worth noting in terms of changes in spend category? Either overall or among certain segments? Thank you.",63,True,True,26,False
JPM,2024-Q1,earnings,2024-04-12,65,qa,management,Jeremy Barnum,,1406,"Maybe a little bit. Jamie already alluded somewhat to this. So, I do think spend is fine but not boomy, broadly speaking, I would say. You can look at it a lot of different ways: inflation, cohorts, et cetera. But when you kind of triangulate that, you get back to this kind of flattish picture. There is a little bit of evidence of substituting out of discretionary into nondiscretionary. And I think the single most notable thing is just this effect, where in the – while it is true that real incomes have gone up in the lowest income cohorts, within that there's obviously a probability distribution. And there's some – or rather just a distribution of outcomes. And there are some set of people whose real incomes are not up, they're down, and who are therefore struggling a little bit unfortunately. And what you observe in the spending patterns of those people is, some meaningful slowing rather than what you might have feared which is sort of aggressive levering up. So, I think that's maybe an economic indicator of sorts, although this portion of the population is small enough that I'm not sure the reader cost is that big. But it is encouraging from a credit perspective because it just means that people are behaving kind of rationally and in a sort of normal post-pandemic type of way as they manage their own balance sheets, and that's sort of the margin good news from a credit perspective.",64,True,False,26,False
JPM,2024-Q1,earnings,2024-04-12,66,qa,analyst,Matt O'Connor,Deutsche Bank,42,Okay. That's helpful. Thank you very much.,65,True,True,27,False
JPM,2024-Q1,earnings,2024-04-12,67,qa,management,Jeremy Barnum,,7,Thanks.,66,True,False,27,False
JPM,2024-Q1,earnings,2024-04-12,68,qa,operator,Operator,,97,Thank you. Our next question comes from Gerard Cassidy with RBC Capital Markets. You may proceed.,67,True,False,27,False
JPM,2024-Q1,earnings,2024-04-12,69,qa,analyst,Gerard Cassidy,RBC Capital Markets,11,"Hi, Jeremy.",68,True,True,28,True
JPM,2024-Q1,earnings,2024-04-12,70,qa,management,Jeremy Barnum,,31,"Hey, Gerard. How are you doing?",69,True,False,28,True
JPM,2024-Q1,earnings,2024-04-12,71,qa,analyst,Gerard Cassidy,RBC Capital Markets,518,"Good. Thanks. Notwithstanding your guys' outlook for uncertainty, and of course Jamie talked about it in his shareholder letter and addressed it also on this call when he was here earlier. Can you guys share or can you share with us the color on what's going on in the corporate lending market in terms of spreads seem to be getting tighter? It's not reflecting, I don't think, a real fear out there in the global geopolitical world. And any color just on what you guys are seeing in the leveraged loan market as well?",70,True,True,29,False
JPM,2024-Q1,earnings,2024-04-12,72,qa,management,Jeremy Barnum,,1959,"Right. So, I think what's true about spreads in general, just broadly credit spreads including secondary markets and to some extent the leverage lending space, is that they are exceptionally tight. So, I'm sure that's reversed a little bit in the last few days. But broadly throughout the quarter, we've really seen credit spreads tighten quite a bit. You even see that a little bit in our OCI this quarter, where losses in OCI that we would've had from higher rates have been meaningfully offset by tighter credit spreads in the portfolio. So broadly, sort of in keeping with the big run-up that we saw in equity markets and the general sort of bullish tone, you saw quite a bit of credit spread tightening in secondary markets. That, I think, has manifested itself a little bit in the leverage lending space in the normal way that it does, and that there's a lot of competition among providers for the revenue pool, and you start to see a little bit of loosening of terms which always makes us a little bit concerned. And as we have in the past, we are going to be very well prepared to lose share in that space if we don't like the terms. We never compromise on structure there. So, you are seeing a little bit of that. I think that, away from the leverage lending space in the broader C&I space, there was a moment a few months ago where I think, in no small part, as a result of banks generally anticipating this more challenging capital environment and sort of disciplining a little bit their lending, you're seeing a little bit of widening actually in those corporate lending spreads. I don't know if that trend has like survived over the last few weeks, and it was little bit hard to observe in any case. But I would say broadly, the dynamics are the tension between people trying to be careful with their balance sheets and the fact that overall asset prices and conditions are quite supportive and secondary market credit spreads have rallied a lot.",71,True,False,29,False
JPM,2024-Q1,earnings,2024-04-12,73,qa,analyst,Gerard Cassidy,RBC Capital Markets,424,"Thank you. And I guess, as a tie-in to that question and answer, we've read and seen so much about the private credit growth in this country by private credit companies. Can you give us some color on what you're seeing there, both as a competitor, but also as a client of JPMorgan? How you balance the two out, where you may see them bidding on business that you'd like but at the same time you're supporting their business?",72,True,True,30,False
JPM,2024-Q1,earnings,2024-04-12,74,qa,management,Jeremy Barnum,,1992,"Right. Yeah. I mean, I think that tension between us as a provider of secured financing to some portions of the private credit, private equity community, you're talking about different parts of the capital structure. But we do recognize that we compete in some areas and we are clients of each other in other areas, and that's part of the franchise and it's all good at some level. But narrowly, on private credit, it is interesting to observe what's going on there. So I would say, for us, the strategy there is very much to be product agnostic actually. It's not so much like, oh, is it private credit or is it syndicated lending? It's, what does it take to be good at this stuff? And what it takes is, stuff that we have and have always had and that we're very good at in each individual silo. So, you need underwriting skill, structuring skill, origination, distribution, secondary trading, risk appetite, credit analysis capabilities. And this is what we do and we're really good at it. And increasingly, what you see actually is that, as you see us doing a little bit, as the private credit space gets bigger, it starts to make sense to actually bring in some co-lenders so that you can sort of do big enough deals without having undue concentration risks. I mean, even if you have the capital, you just may not want the concentration risk. And so, in a funny way, the private credit space becomes a little bit more like the syndicated lending space. And at the same time, the syndicated lending space being influenced a little bit by these private credit unitranche structures, gets pushed a little bit in the private credit direction in terms of like speed of execution and other aspects of how that business works. So, we're watching it. The competitive dynamics are interesting. Certainly, there's some pressure in some areas. But we really do think that our overall value proposition and competitive position here is second to none, and so we're looking forward to the future here.",73,True,False,30,False
JPM,2024-Q1,earnings,2024-04-12,75,qa,analyst,Gerard Cassidy,RBC Capital Markets,32,Appreciate the color. Thank you.,74,True,True,31,False
JPM,2024-Q1,earnings,2024-04-12,76,qa,management,Jeremy Barnum,,15,"Thanks, Gerard.",75,True,False,31,False
JPM,2024-Q1,earnings,2024-04-12,77,qa,operator,Operator,,89,Thank you. Our last question comes from Charles Peabody with Portales. Your line is open.,76,True,False,31,False
JPM,2024-Q1,earnings,2024-04-12,78,qa,analyst,Charles W. Peabody,Portales Partners,739,"Good morning. A couple of questions on the First Republic acquisition. Some of us obviously thought that would be a homerun, and I'm glad to see that Jamie Dimon validated that in his annual letter. When you look at the first quarter, it annualizes out to $2.7 billion, $2.8 billion, above the $2 billion that Jamie published in the letter. I know you don't want to extrapolate that. But can you remind us what sort of cost savings you still have in that, because this quarter did see expenses come down to $800 million down from $900 million? And then, secondly, is there an offset to that where the accretion becomes less and less and that's why you don't want to extrapolate the $2.7 billion, $2.8 billion? So, that's my first question.",77,True,True,32,False
JPM,2024-Q1,earnings,2024-04-12,79,qa,management,Jeremy Barnum,,2159,"Okay. Thanks, Charlie. And I'm going to do my best to answer your question, while sticking to my sort of guns on not giving too much First Republic specific guidance. But I do think that the kind of framework you're articulating is broadly correct. So, let me go through the pieces. So yes, the current quarter's results annualized to more than the $2 billion Jamie talked about. Yes, a big part of that reason is discount accretion which was very frontloaded as a result of short-dated assets. So, that's part of the reason that you see that converge. Yes, it's also true that we expect the expense run rate to decline later in the year as we continue making progress on integration. Obviously, as I think as I mentioned to you last quarter, from a full year perspective you just have the offset of the full year calendarization effect. There's maybe an embedded question in there, too, about we had talked about $2.5 billion of integration expense. And the integration is real, the expenses are real, and also the time spent on that is quite real. It's a lot of work for a lot of people. It's going well, but we're not done yet; and it takes a lot of effort. But broadly, I think that our expectations for integration expense are probably coming in a bit lower than we originally assumed on the morning of the deal, for a couple of reasons. One is that the framework around the time was understandably quite conservative and sort of assumes that we would kind of lose a meaningful portion of the franchise, and would sort of need to size the expense base accordingly. And of course, it's worked out, to your point, quite a bit better than that. And therefore, the amount of expenses that is necessary to keep this bigger franchise is higher. And that means, less integration expense associated with taking down those numbers. It's probably also true that the integration assumptions were conservative. They were based on kind of more typical type of bank M&A assumptions as opposed to the particular nature of this deal including the FDIC and so on and so forth. So, yeah, I think that probably is a pretty complete answer to your question. Thanks, Charlie.",78,True,False,32,False
JPM,2024-Q1,earnings,2024-04-12,80,qa,analyst,Charles W. Peabody,Portales Partners,907,"As a quick follow-up. Where are the next homeruns going to come from? And this is more strategic beyond just JPMorgan, but there are probably going to be more regional bank failures, whether it's this year or next year, and opportunities to pick those up. But what you're seeing is that, private equity and family offices are setting up to participate in this next round of bank failures. Mnuchin's buying of NYCB is clearly to create a platform for rollups of failed banks, and then there are other family offices that have filed shelf registrations for bank holding companies whose specific purpose is to buy failed banks. So, do you think that these opportunities are going to be competed away by private credit? And as part of that, do you think the regulators are going to view private credit as a different party and less attractive party versus bank takeovers of failed banks? So, that's my question.",79,True,True,33,False
JPM,2024-Q1,earnings,2024-04-12,81,qa,management,Jeremy Barnum,,1397,"Right. Okay, Charlie. There's a lot in there. And to be honest, I just don't love the idea of spending a lot of time on this call speculating about bank failures. You obviously have a particular view about the next wave in the landscape. I'm not going to bother debating that with you. But I guess, let me just try to say a couple of things, doing my best to answer your question. As we talked about earlier, we have a lot of capital. And as Jamie says, the capital is earnings in store, and right now we don't see a lot of really compelling opportunities to deploy the capital. But if opportunities arise despite the uncertainty about the Basel III Endgame, we will be well positioned to deploy it. I think embedded there is also sort of a question about the FDIC and the FDIC's attitude towards different types of bidders, and obviously there's a lot of thinking and analysis happening about the entire process and some recent forums and speeches on bank resolution and so on and so forth. And I think probably we can all agree that it's better, all else equal for the system, to have as much capital available and as many different types of capital available to ensure that things are stabilized if anything ever goes wrong. But the mechanics of how you do that when you're talking about banks are not trivial and not to be underestimated. So I guess, that's probably as much as I have on that.",80,True,False,33,False
JPM,2024-Q1,earnings,2024-04-12,82,qa,analyst,Charles W. Peabody,Portales Partners,19,Alright. Thank you.,81,True,True,34,False
JPM,2024-Q1,earnings,2024-04-12,83,qa,management,Jeremy Barnum,,7,Thanks.,82,True,False,34,False
JPM,2024-Q1,earnings,2024-04-12,84,qa,operator,Operator,,42,We have no further questions at this time.,83,True,False,34,False
JPM,2024-Q1,earnings,2024-04-12,85,qa,management,Jeremy Barnum,,20,"Thank you, everyone.",84,True,False,34,False
JPM,2024-Q2,earnings,2024-07-12,4,qa,analyst,Steven Chubak,Wolfe Research,25,"Hi. Good morning, Jeremy.",3,True,True,1,True
JPM,2024-Q2,earnings,2024-07-12,5,qa,management,Jeremy Barnum,,20,"Good morning, Steve.",4,True,False,1,True
JPM,2024-Q2,earnings,2024-07-12,6,qa,analyst,Steven Chubak,Wolfe Research,499,"So, wanted to start off with a question on capital just given some indications that the Fed is considering favorable revisions to both Basel III Endgame and the GSIB surcharge calculations, which I know you've been pushing for some time. As you evaluate just different capital scenarios, are these revisions material enough where they could support a higher normalized ROTCE at the Firm versus the 17% target? And if so, just how that might impact or inform your appetite for buybacks going forward?",5,True,True,2,False
JPM,2024-Q2,earnings,2024-07-12,7,qa,management,Jeremy Barnum,,3295,"Right. Okay. Thanks, Steve. And actually, before answering the question, I just want to remind everyone that Jamie is not able to join because he has a travel conflict overseas, so it's just going to be me today. Okay. Good question on the capital and the ROTCE. So, let me start with the ROTCE point first. In short, my answer to that question would be no. It's hard to imagine a scenario coming out of the whole potential range of outcomes on capital that involves an upward revision on ROTCE. If you think about the way we've been talking about this, we've said that before the Basel III Endgame proposal, we had a 17% through the cycle target, and that while you can imagine a range of different outcomes, the vast majority of them involve expansions of the denominator. And while we had ideas about changing the perimeter and repricing, all of which are still sort of in effect, most of those would be thought of as mitigants rather than things that would actually, like increase the ROTCE. And I don't really think that answer has particularly changed. So, as of now, that's what I would say, which is a good pivot to the next point, which is, yeah, we've been reading the same press coverage you've been reading and it's fun and interesting to speculate about the potential outcomes here. But in reality, we don't know anything you don't know. We don't know how reliable the press coverage is. And so, in that sense, I feel like on the overall capital return and buyback trajectory, not much has actually changed relative to what I laid out at Investor Day, the comments that I made then, the comments that Jamie made then, as well as the comments that Jamie made the subsequent week at an industry conference. So, maybe I'll just briefly summarize for everyone's benefit what we think that is, which is, one, we do recognize that our current practice on capital return and buybacks does lead to an ever-expanding CET1 ratio. But obviously, we're going to run the company over the cycle over time at a reasonable CET1 ratio with reasonable buffers relative to our requirement. So, after all the uncertainty is sorted out, the question of the deployment of the capital, one way or another, is a matter of when, not if. On the capital hierarchy, it's also worth noting that's another thing that remains unchanged, so I'll review it quickly. Growing the business organically and inorganically, sustainable dividend, and in that context it's worth noting that the board's announced intention to increase it to $1.25 is a 19% increase prior to last year. So, that's a testament to our performance and that is a return of capital. And then, finally buybacks. But that hierarchy does not commit us to return 100% of the capital generation in any given quarter. And so, as we sit here today, when you look at the relationship between the opportunity cost of not deploying the capital and the opportunities to deploy the capital outside the Firm, it's kind of hard to imagine an environment where that relationship argues more strongly for patience. So, given all that, putting it all together, and sorry for the long answer, we remain comfortable with the current amount of excess capital. And as Jamie has said, we really continue to think about it as earnings in store as much as anything else.",6,True,False,2,False
JPM,2024-Q2,earnings,2024-07-12,8,qa,analyst,Steven Chubak,Wolfe Research,660,"No need to apologize, Jeremy. That was a really helpful perspective. Maybe just for my follow-up on NII, you've been very consistent just in flagging the risk related to NII overearning, especially in light of potential deposit attrition as well as repricing headwinds. In the second quarter, we did see at least some moderation in repricing pressures, deposit balances were also more resilient in with a seasonally weak quarter for deposit growth. So, just given the evidence that some deposit pressures appear to be abating, do you see the potential for NII normalizing higher? And where do you think that level could ultimately be in terms of stabilization?",7,True,True,3,False
JPM,2024-Q2,earnings,2024-07-12,9,qa,management,Jeremy Barnum,,1610,"Yeah. Interesting question, Steve. So, let's talk about deposit balances. So, yeah, I see your point about how balance pressures are slightly abating. When you look at the system as a whole, just to go through it, QT is still a bit of a headwind, loan growth is modest and not enough to offset that. And our PE seems to have settled in roughly at its current levels, and there are reasons to believe that it might not go down that much more, although that could always change and that could supply extra reserves into the system. But on balance net across all those various effects, we still think that there are net headwinds to deposit balances. So, when we think of our balance outlook, we see it as flat to slightly down maybe with our sort of market share and growth ambitions offsetting those system-wide headwinds. So, in terms of normalizing higher, I guess it depends on relative to what, but I think it's definitely too early to be sort of calling the end of the overearning narrative or the normalization narrative. Clearly, the main difference in our current guidance relative to what we had earlier in the year, which implied a lot more sequential decline, is just the change in the Fed outlook. So, two cuts versus six cuts is the main difference there. But obviously, based on the latest inflation data and so on, you could easily get back to a situation with a lot more cuts in the yield curve. So, we'll see how it goes and in the end, we're kind of focused on, on just running the place, recognizing, and trying not to be distracted by what remains some amount of overearning, whatever it is.",8,True,False,3,False
JPM,2024-Q2,earnings,2024-07-12,10,qa,analyst,Steven Chubak,Wolfe Research,59,"Understood, Jeremy. Thanks so much for taking my questions.",9,True,True,4,False
JPM,2024-Q2,earnings,2024-07-12,11,qa,management,Jeremy Barnum,,14,"Thanks, Steve.",10,True,False,4,False
JPM,2024-Q2,earnings,2024-07-12,12,qa,operator,Operator,,71,"Next, we'll go to the line of Saul Martinez from HSBC. Please go ahead.",11,True,False,4,False
JPM,2024-Q2,earnings,2024-07-12,13,qa,analyst,Saul Martinez,HSBC Securities,384,"Hi, good morning. Thanks for taking my question. Jeremy, can you give an update on the stress capital buffer? You noted obviously that you think there is an error in the Fed's calculation due to OCI. Can you just give us a sense of what the dialogue with the Fed looks like? Is there a process to modify the SCB higher and if you could give us a sense of what that process looks like?",12,True,True,5,False
JPM,2024-Q2,earnings,2024-07-12,14,qa,management,Jeremy Barnum,,1436,"Yeah. So, I'm not going to comment about any conversations with the Fed – not to confirm or deny that they even exist. That stuff is private. And so, then if you talk about, like the timing here, right, so you know that the stress capital buffer that's been released at 3.3% is a preliminary number. By rule, the Fed has to release that by August 31. It may come sooner. You talked about an error in the calculation. We haven't used that word. What we know, what we believe rather is that the amount of OCI gain that came through the Fed's disclosed results looked non- intuitively high to us. And if you adjust that in ways that we think are reasonable, you would get a slightly higher stress capital buffer. Whether the Fed agrees and whether they decide to make that change or not is up to them, and we'll see what happens. I think the larger point is that if you look at the industry as a whole and if you sort of put us into that with some higher pro forma’d SCB, whatever it might suitably be, you actually see once again quite a bit of volatility in the year-on-year change in the stress capital buffer for many firms. And just sort of reiterating and another example of what we've said a lot over the years that it's volatile, it's untransparent, it makes it very hard to manage capital of a bank. It leads to excessively high management buffers, and we think it's really not a great way to do things. So, I'll leave it at that.",13,True,False,5,False
JPM,2024-Q2,earnings,2024-07-12,15,qa,analyst,Saul Martinez,HSBC Securities,771,"Okay, got it. That's helpful. Just following up on capital returns on Steve's question, I think you highlighted in response it's a matter of when, not if, and obviously, Jamie’s not there, you can’t speak for Jamie, but seems to have shown limited enthusiasm for a special dividend or buybacks at current valuations. Can you just give us a sense of how you’re thinking about the various options? Any updated thoughts on a special dividend? And can you do other things like, for example, have a material increase in your dividend payout, sort of a step function increase, where keep that flat and grow into that, grow your earnings into that over time? Can you just maybe give us a sense of how you're thinking about what options you have available to deploy that capital?",14,True,True,6,False
JPM,2024-Q2,earnings,2024-07-12,16,qa,management,Jeremy Barnum,,1287,"Sure. Yeah. I mean, I would direct you to read, I'm sure you have, Jamie's comments at the industry conference, where he participated the week after Investor Day because he went into just good amount of detail on this stuff, addressing some of these points. And I think this comment there about the special dividend was that it's not really our preference. We hear from people that many of our investors wouldn't find that particularly appealing, and he said as much that it wouldn't be sort of our first choice. So, I think the larger point is just that, a little bit to your question, there are a number of tools in the toolkit and they're really the same tools that are part of our capital hierarchy. So, first and foremost, we're looking to deploy the capital into organic or inorganic growth. And then, the dividend, I think we're always going to want to keep it in that sort of, like sustainable and also sustainable in a stressed environment so that continues to be the way we think about that. And then, at the end of it, it's buybacks and Jamie's been on the record for over a decade, I think, over many shareholder letters, talking about how he thinks about price and buybacks and valuation and price is a factor. So, that's sort of the totality of the set of options, I guess.",15,True,False,6,False
JPM,2024-Q2,earnings,2024-07-12,17,qa,analyst,Saul Martinez,HSBC Securities,26,"Okay, great. Thanks a lot.",16,True,True,7,False
JPM,2024-Q2,earnings,2024-07-12,18,qa,management,Jeremy Barnum,,13,"Thanks, Saul.",17,True,False,7,False
JPM,2024-Q2,earnings,2024-07-12,19,qa,operator,Operator,,72,"Next, we'll go to the line of Ken Usdin from Jefferies. Please go ahead.",18,True,False,7,False
JPM,2024-Q2,earnings,2024-07-12,20,qa,analyst,Ken Usdin,Jefferies,636,"Thanks a lot. Good morning, Jeremy. Jeremy, great to see the progress on Investment Banking fees up sequentially and 50% year-over-year, and I saw you on the tape earlier just talking about still regulatory concerns a little bit in the advisory space and we clearly didn't see the debt pull-forward play through because your DCM was great again. I'm just wondering just where you feel the environment is relative to the potential and just where the dialogue is across the three main bucket areas in terms of, like how does this feel in terms of a current environment versus a potential environment that we could still see ahead. Thanks.",19,True,True,8,False
JPM,2024-Q2,earnings,2024-07-12,21,qa,management,Jeremy Barnum,,2387,"Yeah. Thanks, Ken. It's progress, right? I mean, we're happy to see the progress. People have been talking about depressed banking fee wallet for some time and it's nice to see not only the year-on-year pop from a low base, but also a nice sequential improvement. So, that's the first thing to say. In terms of dialog and engagement, it's definitely elevated. So, the dialog on ECM is elevated, and the dialog on M&A is quite robust as well. So, all of those are good things that encourage us and make us hopeful that we could be seeing sort of a better trend in this space. But there are some important caveats. So, on the DCM side, yeah, we made pull-forward comments in the first quarter, but we still feel that this second quarter still reflects a bunch of pull-forward and therefore, we're reasonably cautious about the second half of the year. Importantly, a lot of the activity is refinancing activity as opposed to, for example, acquisition finance. So, the fact that M&A remains still relatively muted in terms of actual deals has knock-on effects on DCM as well. And when a higher percentage of the wallet is refied, then the pull-forward risk becomes a little bit higher. On ECM, if you look at it kind of at a remove, you might ask the question, given the performance of the overall indices, you would think it would be a really booming environment for IPOs for example. And while it's improving, it's not quite as good as you would otherwise expect, and that's driven by a variety of factors, including the fact that, as has been widely discussed, the extent to which the performance of the large indices is driven by, like a few stocks, the sort of mid-cap tech growth space and other spaces that would typically be driving IPOs have had much more muted performance. Also, a lot of the private capital that was raised a couple years ago was raised at pretty high valuations. And so, in some cases, people looking at IPOs could be looking at down-rounds, that's an issue. And while secondary market performance of IPOs has improved meaningfully, in some cases people still have concerns about that. So, those are a little bit of overhang on that space. I think we can hope that over time that fades away and the trend gets a bit more robust. And, yeah, on the advisory side, the regulatory overhang is there, remains there, and so, we'll just have to see how that plays out.",20,True,False,8,False
JPM,2024-Q2,earnings,2024-07-12,22,qa,analyst,Ken Usdin,Jefferies,420,"Great. Thank you for all that, Jeremy. And just one on the Consumer side, just anything you're noticing in terms of people just have been waiting for this delinquency stabilization on the Credit Card side. Obviously, your loss rates are coming in as you expected, and we did see 30 days pretty flat and 90 days come down a little bit. Is that seasonal? Is it just a good rate of change trend? Any thoughts there? Thanks.",21,True,True,9,False
JPM,2024-Q2,earnings,2024-07-12,23,qa,management,Jeremy Barnum,,1207,"Yeah. I still feel like when it comes to Card charge-offs and delinquencies, there's just not much to see there. It's still – it's normalization, not deterioration. It's in line with expectations. As I say, we always look quite closely inside the cohort, inside the income cohorts. And when you look in there, specifically, for example, on spend patterns, you can see a little bit of evidence of behavior that's consistent with a little bit of weakness in the lower income segments where you see a little bit of rotation on the spend out of discretionary into non-discretionary. But the effects are really quite subtle and in my mind definitely entirely consistent with the type of economic environment that we're seeing, which while very strong and certainly a lot stronger than anyone would have thought given the tightness of monetary conditions, say, like they've been predicting it a couple of years ago or whatever, you are seeing slightly higher unemployment, you are seeing moderating GDP growth. And so, it's not entirely surprising that you're seeing a tiny bit of weakness in some pockets of spend. So, it all kind of hangs together in what is in some sense actually not a very interesting story.",22,True,False,9,False
JPM,2024-Q2,earnings,2024-07-12,24,qa,analyst,Ken Usdin,Jefferies,10,Thank you.,23,True,True,10,False
JPM,2024-Q2,earnings,2024-07-12,25,qa,management,Jeremy Barnum,,12,"Thanks, Ken.",24,True,False,10,False
JPM,2024-Q2,earnings,2024-07-12,26,qa,operator,Operator,,78,"Next, we'll go to the line of Glenn Schorr from Evercore ISI. Please go ahead.",25,True,False,10,False
JPM,2024-Q2,earnings,2024-07-12,27,qa,analyst,Glenn Schorr,Evercore ISI,616,"Hi, thanks very much. So, Jeremy, the discussions so far around private credit and you all, your recent comments have been the ability to add on balance sheet and compete when you need to compete on the private credit front. And I do think that most of the discussion has been about the direct lending component. So, I'm curious if you're showing more progress and activity on that front. And then, very importantly, do you see the same trend happening on the asset-backed finance side because that's a bigger part of the world and it's a bigger part of your business? So, I'd appreciate your thoughts there. Thanks.",26,True,True,11,False
JPM,2024-Q2,earnings,2024-07-12,28,qa,management,Jeremy Barnum,,1670,"Yeah. Thanks, Glenn. So, on private credit, so nothing really new to say there. I think, I guess, one way the environment's evolving a little bit is, as you know, a lot of money has been raised in private credit funds looking for deals. And sort of a little bit to my prior comment, in a relatively muted acquisition finance environment, at this point you've got a lot of money chasing, like not that many deals. So, the space is a little bit quieter than it was at the margin. Another interesting thing to note is some of this discussion about kind of lender protections that were typical in the syndicated leveraged finance market making their way into the private market as well as sort of people realize that even in the private market you probably need some of those protections in some cases, which is sort of supportive of the theme that we've been talking about, about convergence between the direct lending space and the syndicated lending space, which is kind of our core thesis here, which is that we can offer best-in-class service across the entire continuum, including secondary market trading and so on. So, we feel optimistic about our offering there. I think the current environment is maybe a little bit quieter than it was. So, it's maybe not a great moment to, like kind of test whether we're doing a lot more or less in the space, so to speak. And then, on asset-backed financing, you actually asked me that question before, and at the time, my answer was that I hadn't heard much about that trend and that continues to be the case. But clearly, there must be something I'm missing. So, I can follow up on that and maybe we can have a chat about it.",27,True,False,11,False
JPM,2024-Q2,earnings,2024-07-12,29,qa,analyst,Glenn Schorr,Evercore ISI,525,"No. That's great for you if you're not hearing much about it, so we can leave it at that. Maybe just one quick follow-up in terms of your just overall posturing. You were patient and smart when rates were low, waited to deploy, worked out great, we know that story. Now, it seems like you have tons of excess liquidity and you're being patient and rates are high, and I'm curious on how you think about what kind of triggers, what kind of things you're looking for in the market to know if and when you would extend duration.",28,True,True,12,False
JPM,2024-Q2,earnings,2024-07-12,30,qa,management,Jeremy Barnum,,1467,"Right. I mean, on duration, in truth, we have actually added a little bit of duration over the last couple of quarters. So, that's one thing to say. That was more last quarter than this quarter. But, I guess, I would just caution you from a little bit away from looking at kind of our reported cash balances and our balance sheet and concluding that, when you look at the duration concept holistically, that there is a lot to be done differently on the duration front. So, clearly, it's true that empirically we behaved, like very asset-sensitively in this rate hiking cycle and that has resulted in a lot of excess NII generation sort of on the way up in the near term. But when we look at the Firm's overall sensitivity to rates, we look at it through both, like the EaR-type lens, a short-term NII sensitivity, but also a variety of other lenses, including various types of scenario analysis, including impacts on capital and higher rates. And as I think Jamie has said a couple times, we actually aim to be relatively balanced on that front. Also, given, like the inverted yield curve, it's not as if extending duration from these levels means that you're locking in 5.5% rates. In fact, the forwards are not sort of that compelling given our views about some sort of structural upward pressures on inflation and so on. So, I think when you put that all together, I don't think that kind of a big change in duration posture is a thing that's front of line for us.",29,True,False,12,False
JPM,2024-Q2,earnings,2024-07-12,31,qa,analyst,Glenn Schorr,Evercore ISI,39,Super helpful. Thanks so much for that.,30,True,True,13,False
JPM,2024-Q2,earnings,2024-07-12,32,qa,management,Jeremy Barnum,,14,"Thanks, Glenn.",31,True,False,13,False
JPM,2024-Q2,earnings,2024-07-12,33,qa,operator,Operator,,80,"Next, we'll go to the line of Matt O'Connor from Deutsche Bank. Please go ahead.",32,True,False,13,False
JPM,2024-Q2,earnings,2024-07-12,34,qa,analyst,Matt O'Connor,Deutsche Bank,382,"Good morning. I was just wondering if you can elaborate on essentially the math behind the ROTCE being too high at 20% and more normalized at 17%. Obviously, you've pointed to overearning on NII. And I guess, the question is, is that all of it to go from 20% to 17%? And if so, is that all consumer deposit costs or are there a few other components that you could help frame for us?",33,True,True,14,False
JPM,2024-Q2,earnings,2024-07-12,35,qa,management,Jeremy Barnum,,2218,"Sure. Good question, Matt. I mean, I guess, the way I think about it is a couple of things, like our returns tend to be a bit seasonal, right? So, if you kind of build yourself out a full-year forecast and make reasonable, just based on your own or analyst consensus or whatever and you think about fourth quarter, like better look at this on a full-year basis when you think about the returns than the quarterly numbers and you obviously have to strip out kind of the one-time items. And so, if you do that, like whatever you get for this year, is still clearly a number that's higher than the 17%. So, yeah, one source of headwinds is normalization of the NII, primarily as a result of expected higher deposit costs. That's – we've talked about that. Part of it is also the yield curve effects. Some cuts will come into the curve at some point. And in the normal course, if you kind of do a very, very, very simple mental model of the company, you would have, like revenues growing at some organic GDP, like rate maybe higher, and expenses growing at a similar slightly lower rate producing a sort of relatively stable overhead ratio. But even if the amount of NII normalization winds up being less than we might have thought at some prior point, you still have some background – you still have some normalization of the overhead ratio that needs to happen. So, as much as our discipline on expense management is as tight as it always has been there, inflation is still non-zero. There are still investments that we're executing. There's still higher expense to come in a slightly flatter revenue environment as a result of, in part, the normalization of NII. And then, the final point is that whatever winds up being the answer on Basel III Endgame and all the other pieces, you have to assume some amount of expansion of the denominator, at least based on what we know so far. So, of course, any of those pieces could be wrong, but that's kind of how we get to our 17%. And if you look at the various scenarios that we showed on the last page of my Investor Day presentation, it illustrates those dynamics and also how much the range could actually vary as a function of the economic environment and other factors.",34,True,False,14,False
JPM,2024-Q2,earnings,2024-07-12,36,qa,analyst,Matt O'Connor,Deutsche Bank,373,"Yeah, that was a really helpful chart. Just the one follow-up, on the yield curve effects, I guess, what do you mean by that because right now the yield curve is inverted, maybe you're still breathing in the impact of that. But kind of longer term, you'd expect little bit of steepness of the curve, which I would think would help. But what did you mean by that? Thank you.",35,True,True,15,False
JPM,2024-Q2,earnings,2024-07-12,37,qa,management,Jeremy Barnum,,1250,"Yeah. I mean, you and I have talked about this before, I guess. I sort of – I guess, I don't really agree fundamentally with the notion that the way to think about things is that sort of yield curve steepness above and beyond what's priced in by the forewords is a source of structural NII or NIM for banks, if you know what I mean. Like, I mean, people have different views about the so-called term premium and obviously, in a moment of inverted curve and different types of treasury supply dynamics, people's thinking on that may be changing. But I think we saw when rates were at zero and the 10-year note was below 2%, everyone sort of – many people were kind of tempted to try to get extra NIM, extra NII by extending duration a lot. But when the steepness of the curve implies, it is driven by the expectation of actually aggressive Fed tightening, it's just a timing issue and you can wind up kind of pretty offsides from a capital and other perspectives, so. There're some interesting questions about whether fiscal dynamics might result in a structurally steeper yield curve down the road and whether that could be sort of earning the term premium, so to speak, could be a source of NII. But that feels a bit speculative to me at this point.",36,True,False,15,False
JPM,2024-Q2,earnings,2024-07-12,38,qa,analyst,Matt O'Connor,Deutsche Bank,40,Got it. Okay. Thank you for the details.,37,True,True,16,False
JPM,2024-Q2,earnings,2024-07-12,39,qa,management,Jeremy Barnum,,13,"Thanks, Matt.",38,True,False,16,False
JPM,2024-Q2,earnings,2024-07-12,40,qa,operator,Operator,,85,"Next, we'll go to the line of Mike Mayo from Wells Fargo Securities. Please go ahead.",39,True,False,16,False
JPM,2024-Q2,earnings,2024-07-12,41,qa,analyst,Mike Mayo,Wells Fargo Securities,299,"Hi. Jeremy, you said it's too early to end the overearning narrative and you highlighted higher deposit costs and the impact of lower rates and lower NII and DCM pull-forward and credit costs going higher. Anything I'm missing in that list? And what would cause you to end the overearning narrative?",40,True,True,17,False
JPM,2024-Q2,earnings,2024-07-12,42,qa,management,Jeremy Barnum,,613,"No. Actually, I think that is the right list, Mike. I mean, frankly, I think one thing that would end the overearning narrative is if our annual returns were closer to 17%. I mean, to the extent that that is the through the cycle number that we believe and that we're currently producing more than that, that's one very simple way to look at that. But the pieces of that are the pieces that you talked about and the single most important piece is the deposit margin. Our deposit margins are well above historical norms, and that is a big part of the reason that we still are emphasizing the overearning narrative.",41,True,False,17,False
JPM,2024-Q2,earnings,2024-07-12,43,qa,analyst,Mike Mayo,Wells Fargo Securities,94,"Your 17% through the cycle ROTCE expectation, what is the CET1 ratio that you assume for that?",42,True,True,18,False
JPM,2024-Q2,earnings,2024-07-12,44,qa,management,Jeremy Barnum,,927,"I mean, we would generally assume requirements plus a reasonable buffer, which, depending on the shape of rules, could be a little bit smaller or a little bit bigger and no small part is a function of the volatility of those rules, which goes back to my prior comments on SCB and CCAR. But obviously, as you well know, what actually matters is less the ratio and more the dollars and at this point, the dollars are very much a function of where rules land and where the RWA lands and obviously, things like GSIB recalibration and so on. So, we've done a bunch of scenario analysis along the lines of what I did at Investor Day that informs those numbers. But that is obviously one big element of uncertainty behind that 17%, which is why at Investor Day when we talked about it, both Daniel and I were quite specific about saying that we thought 17% was still achievable, assuming a reasonable outcome on the Basel III Endgame.",43,True,False,18,False
JPM,2024-Q2,earnings,2024-07-12,45,qa,analyst,Mike Mayo,Wells Fargo Securities,709,"Let me just zoom out for one more question on the return target. I mean, when I asked Jamie at the 2013 Investor Day, would it make sense to have 13.5% capital, he was basically telling me to take a hike, right? And now, you have 15.3% capital and you're saying, well, we might want to have a lot more capital here. I mean, at some point, if you're spending $17 billion a year to improve the company, if you're gaining share with digital banking, if you're automating the back office, if you're moving ahead with AI, if you're doing all these things that I think you say others aren't doing, why wouldn't those returns go higher over time or do you just assume you'll be competing those benefits away? Thanks.",44,True,True,19,False
JPM,2024-Q2,earnings,2024-07-12,46,qa,management,Jeremy Barnum,,901,"Yeah. I mean, I think in short, Mike, and we've talked about this a lot and Jamie's talked about this a lot, it's a very, very, very competitive market, and we're very happy with our performance. We're very happy with the share we've taken, and 17% is like an amazing number actually. And like, to be able to do that, given how robust the competition is from banks, from non-banks, from U.S. banks, from foreign banks, and all of the different businesses that we compete in, is something that we're really proud of. So, the number has a range around it, obviously. So, it's not a promise, it's not a guarantee, and it can fluctuate. But we're very proud to be in the ballpark of being able to think that we can deliver it, again, assuming a reasonable outcome on Basel III Endgame. But it's a very, very, very competitive market across all of our products and services and regions and client segments.",45,True,False,19,False
JPM,2024-Q2,earnings,2024-07-12,47,qa,analyst,Mike Mayo,Wells Fargo Securities,21,All right. Thank you.,46,True,True,20,True
JPM,2024-Q2,earnings,2024-07-12,48,qa,operator,Operator,,81,"Next, we'll go to the line of Betsy Graseck from Morgan Stanley. Please go ahead.",47,True,False,20,True
JPM,2024-Q2,earnings,2024-07-12,49,qa,analyst,Betsy L. Graseck,Morgan Stanley,23,"Hi, Jeremy. Hi, Jeremy.",48,True,True,21,True
JPM,2024-Q2,earnings,2024-07-12,50,qa,management,Jeremy Barnum,,10,"Hi, Betsy.",49,True,False,21,True
JPM,2024-Q2,earnings,2024-07-12,51,qa,analyst,Betsy L. Graseck,Morgan Stanley,948,"So, I did want to ask one drill-down question on 2Q, and it's related to the dollar amount of buybacks that you did do. I think in the press release, right, in the slide deck, it's $4.9 billion common stock net repurchases. So, the question here is, what's the governor for you on how much to do every quarter? And, I mean, I understand it's a function of, okay, how much do we organically grow. But even with that, so you get the organic growth, which you had some nice movement there. But you do the organic growth and then is it how much do we earn and we want to buy back our earnings or how should we be thinking about what that repurchase volume should be looking like over time? And I remember over at Investor Day the whole debate around I don't want to buy back my stock, but we are, right? So, I get this question from investors quite a bit of how should we be thinking about how you think about what the right amount is to be doing here.",50,True,True,22,False
JPM,2024-Q2,earnings,2024-07-12,52,qa,management,Jeremy Barnum,,3023,"Yeah. That's a very good and fair question, Betsy. So, let me try to unpack it to the best of my ability. So, in no particular order, one thing that we've really tried to emphasize in a number of different settings, including in our recent 10-Qs actually is that we don't want to get into the business of guiding on buybacks. So, we're going to buy back whatever we think makes sense in the current moment sort of and we reserve the right to sort of change that at any time. So, I recognize that not everyone loves that, but that is kind of a philosophical belief and so, I might as well say it explicitly. It was pretty clear in the Q also, but I'm just going to say that again. So, that's point one. But having said that, let me nonetheless try to address your point on framework and governors. So, generally speaking, we think it doesn't make sense to sort of exit the market entirely unless the conditions are much more unusual than they are right now, let's say. Obviously, when for whatever reason, if we ever need to build capital in a hurry, we've done it before and we're always comfortable suspending buybacks entirely. But I think some modest amount of buybacks is a reasonable thing to do when you're generating your kind of capital. And so, we were talking before about this $2 billion pace. We're kind of trying to move away from this notion of a pace, but that's where that idea comes from, let's put it that way. You talked about the $4.9 billion, which I recognize may seem like a little bit of a random number. But where that actually comes from is the other statement that we've made that we have these significant item gains from Visa. And if you think about what that means, it means that we have, post the acceptance of the exchange offer, a meaningful long position and a liquid large cap financial stock, i.e., Visa, which realistically is highly correlated to our own stock. And so, in some sense, why carry that instead of just buying back JPMorgan stock. So, we talked about – Jamie talked about, as we liquidate the Visa, deploying those proceeds into JPM and that’s what we did this quarter. So, that is why the $4.9 billion is a little higher, and it’s consistent with my comments at Investor Day around having slightly increased the amount of buybacks. And beyond that, what you’re left with is my answer to Steve’s question, which is that, to your point about buying back earnings or whatever, when we’re generating these types of earnings and there’s this much organic capital being generated in the absence of opportunities to deploy it organically or inorganically and while continuing to maintain our healthy, but sustainable dividend, if we don’t return the capital we are going to keep growing the CET1 ratio to levels, which, if you think about the long strategic outlook of the company, are not reasonable. They’re just artificially high and unnecessary. So, one way or the other, that will need to be addressed at some point. It’s just that we don’t feel that now is the right time.",51,True,False,22,False
JPM,2024-Q2,earnings,2024-07-12,53,qa,analyst,Betsy L. Graseck,Morgan Stanley,44,"All right. Thank you, Jeremy. Appreciate it.",52,True,True,23,False
JPM,2024-Q2,earnings,2024-07-12,54,qa,management,Jeremy Barnum,,14,"Thanks, Betsy.",53,True,False,23,False
JPM,2024-Q2,earnings,2024-07-12,55,qa,operator,Operator,,87,"Next, we’ll go to the line of Gerard Cassidy from RBC Capital Markets. Please go ahead.",54,True,False,23,False
JPM,2024-Q2,earnings,2024-07-12,56,qa,analyst,Gerard Cassidy,RBC Capital Markets,24,"Hi, Jeremy. How are you?",55,True,True,24,True
JPM,2024-Q2,earnings,2024-07-12,57,qa,management,Jeremy Barnum,,11,"Hi, Gerard.",56,True,False,24,True
JPM,2024-Q2,earnings,2024-07-12,58,qa,analyst,Gerard Cassidy,RBC Capital Markets,602,"Jeremy, I know you touched on deposits earlier in the call in response to a question. I noticed on the average balances the non-interest- bearing deposits were relatively stable quarter-to-quarter versus prior quarters when they’ve steadily declined. And this is one of the areas, of course, investors are focused on in terms of the future of the net interest margin for you and your peers. Can you elaborate, if you can, what you’re seeing in that non-interest-bearing deposit account? I know this is average and not period, and the end number may actually be lower. But what are you guys seeing here?",57,True,True,25,False
JPM,2024-Q2,earnings,2024-07-12,59,qa,management,Jeremy Barnum,,1676,"Yeah. Good question, Gerard. I have to be honest, I hadn’t focused on that particular sequential explain, i.e., quarter-on-quarter change and average non-interest-bearing deposits. But I think the more important question is the big picture question, which is what do we expect? How are we thinking about ongoing migration of non-interest-bearing into interest-bearing in the current environment and how that affects our NII outlook and our expectation for weighted average rate paid on deposits? And the answer to that question is that, we do continue to expect that migration to happen. So, if you think about it, in the Wholesale space, you have a bunch of clients with some balances and non-interest-bearing accounts, and over time for a variety of reasons, we do see them moving those balances into interest-bearing. So, we do continue to expect that migration to happen and therefore, that will be a source of headwinds. And that migration sometimes happens internally, i.e., out of non-interest-bearing into interest-bearing or into CDs. Sometimes, it goes into money markets or into investments, which is what we see happening in our Wealth Management business and some of it does leave the company. But one of the things that we're encouraged by is the extent to which we are actually capturing a large portion of that yield- seeking flow through CDs and money market offerings, et cetera, across our various franchises. So, big picture. I do think that migration out of non-interest-bearing into interest-bearing will continue to be a thing and that is a contributor to the modest headwinds that we expect for NII right now. But, yeah, I'll leave it at that, I guess.",58,True,False,25,False
JPM,2024-Q2,earnings,2024-07-12,60,qa,analyst,Gerard Cassidy,RBC Capital Markets,796,"Very good. And as a follow-up, you've been very clear about the Consumer Credit Card charge-offs and delinquency levels, and we all know about the Commercial Real Estate Office. And you always talk about overearning on net interest income, of course. One of the great credit quality stories for everyone, including yourselves, is the C&I portfolio, how strong it's been in this elevated rate environment? And I know your numbers are still quite low, but in the Corporate and Investment Bank, you had about a $500 million pickup in non-accrual loans. Can you share with us what are you seeing in C&I? Are there any early signs of cracks or anything? And, again, I know your numbers are still good, but I'm just trying to look forward to see if there's something here over the next 12 months or so.",59,True,True,26,False
JPM,2024-Q2,earnings,2024-07-12,61,qa,management,Jeremy Barnum,,1037,"Yeah. It's a good question. I think the short answer is no. We're not really seeing early signs of cracks in C&I. I mean, yes, I agree with you, like the C&I charge-off rate has been very, very low for a long time. I think we emphasized that at last year's Investor Day, if I remember correctly. I think the C&I charge-off rate we've seen in 10 years was something like literally zero. So, that is clearly very low by historical standards. And while we take a lot of pride in that number and I think it reflects the discipline in our underwriting process and the strength of our credit culture across the bankers and the risk team, that's not – we don't actually run that franchise to like a zero loss expectation. So, you have to assume there will be some upward pressure on that. But in any given quarter, the C&I numbers tend to be quite lumpy and quite idiosyncratic. So, I don't think that anything in the current quarter's results is indicative of anything broader, and I haven't heard anyone internally talk that way, I would say.",60,True,False,26,False
JPM,2024-Q2,earnings,2024-07-12,62,qa,analyst,Gerard Cassidy,RBC Capital Markets,52,Great. Appreciate the insights as always. Thank you.,61,True,True,27,False
JPM,2024-Q2,earnings,2024-07-12,63,qa,management,Jeremy Barnum,,15,"Thanks, Gerard.",62,True,False,27,False
JPM,2024-Q2,earnings,2024-07-12,64,qa,operator,Operator,,71,"Next, we'll go to the line of Erika Najarian from UBS. Please go ahead.",63,True,False,27,False
JPM,2024-Q2,earnings,2024-07-12,65,qa,analyst,Erika Najarian,UBS,348,"Hi, good morning. I just had one clean-up question, Jeremy. The consensus provision for 2024 is $10.7 billion. Could you maybe clarify for once and for all sort of Jamie's comments at an industry conference earlier and try to sort of triangulate if that $10.7 billion provision is appropriate for the growth level that you are planning for in Card?",64,True,True,28,False
JPM,2024-Q2,earnings,2024-07-12,66,qa,management,Jeremy Barnum,,1084,"Yeah. Happy to clarify that. So, Jamie's comments were that the allowance – the build and the Card allowance, so we're talking about Card specifically, we expected something like $2 billion for the full year. As I sit here today, our expectation for that number is actually slightly higher, but it's in the ballpark. And I think in terms of what that means for the consensus on the overall allowance change for the year, last time I checked, it still looked a little low on that front. So, who knows what it'll actually wind up being, but that remains our view. One question that we've gotten is how to reconcile that build to the 12% growth in OS that we've talked about because it seems like a little bit high relative to what you would have otherwise assumed if you apply some sort of a standard coverage ratio to that growth. But the reason that's the case is essentially a combination of higher revolving mix, as we continue to see some normalization revolve in that 12%, as well as seasoning of earlier vintages, which comes with slightly higher allowance per unit of OS growth.",65,True,False,28,False
JPM,2024-Q2,earnings,2024-07-12,67,qa,analyst,Erika Najarian,UBS,17,Great. Thank you.,66,True,True,29,False
JPM,2024-Q2,earnings,2024-07-12,68,qa,management,Jeremy Barnum,,14,"Thanks, Erika.",67,True,False,29,False
JPM,2024-Q2,earnings,2024-07-12,69,qa,operator,Operator,,113,"And for our final question, we'll go to the line of Jim Mitchell from Seaport Global Securities. Please go ahead.",68,True,False,29,False
JPM,2024-Q2,earnings,2024-07-12,70,qa,analyst,Jim Mitchell,Seaport Global Securities,585,"Oh, hey, good morning. Maybe just one last question on sort of deploying excess capital. It seems like the two primary ways to do that organically would be through the trading book or the loan book. So, maybe two questions there. One, trading assets were up 20% year-over- year. Is that you leaning into it or just a function of demand? And is there further opportunities to grow that? And then, secondly, outside of Card, loan demand has been quite weak and any thoughts from you on if you're seeing any change in demand or how you're thinking about loan demand going forward? Thanks.",69,True,True,30,False
JPM,2024-Q2,earnings,2024-07-12,71,qa,management,Jeremy Barnum,,2032,"Thanks, Jim. Good questions. So, yeah, trading assets have been up. That is basically client activity, primarily secured financing-related sort of matchbook repo-type stuff and similar things that are – gross up the balance sheet quite a bit, but are quite low risk and therefore, quite low RWA intensity. So, while our ability to supply that financing to clients is something that we're happy about and it's very much represents us leaning into the franchise to serve our clients. It's not really particularly RWA and therefore, capital intensive and therefore, doesn't really reflect an aggressive choice on our part to deploy capital, so to speak. On the loan demand front, yeah, I mean, unfortunately, I just don't have much new to say there on loan demand, meaning, to your point, loan demand remains quite muted everywhere except Card. Our Card business is, of course, in no way capital constrained. So, whatever growth makes sense there in terms of our customer franchise and our ability to acquire accounts and retain accounts and what fits inside our credit risk appetite, is growth that's going to make sense. And so, we're very happy to deploy capital to that. But it's not constrained by our willingness or ability to deploy capital to that. And, of course, for the rest of the loan space, the last thing that we're going to do is have the excess capital, meaning that we lean into lending that is not inside our risk appetite or inside our credit box, especially in a world where spreads are quite compressed and terms are under pressure. So, there's always a balance between capital deployment and assessing economic risk rationally and frankly, that is, in some sense, a microcosm of the larger challenge that we have right now. When I talked about if there was ever a moment where the opportunity cost of not deploying the capital relative to how attractive the opportunities outside the walls of the company are, now would be it in terms of being patient. That's a little bit one example of what I was referring to.",70,True,False,30,False
JPM,2024-Q2,earnings,2024-07-12,72,qa,analyst,Jim Mitchell,Seaport Global Securities,27,Right. Okay. Great. Thanks.,71,True,True,31,False
JPM,2024-Q2,earnings,2024-07-12,73,qa,management,Jeremy Barnum,,12,"Thanks, Jim.",72,True,False,31,False
JPM,2024-Q2,earnings,2024-07-12,74,qa,operator,Operator,,29,We have no further questions.,73,True,False,31,False
JPM,2024-Q2,earnings,2024-07-12,75,qa,management,Jeremy Barnum,,53,"Very good. Thank you, everyone. See you next quarter.",74,True,False,31,False
JPM,2024-Q2,earnings,2024-07-12,76,qa,operator,Operator,,117,"Thank you, all, for participating in today's conference. You may disconnect your line and enjoy the rest of your day.",75,True,False,31,False
JPM,2024-Q3,earnings,2024-10-11,4,qa,analyst,Jim Mitchell,Seaport Global Securities,544,"Hey, good morning. So, Jeremy, as you highlighted, full year NII guidance implies a sizable drop in Q4 NII ex. Markets about 6%. So, can you just maybe discuss what are the largest drivers of the sequential decline including any initial thoughts on deposit behavior and pricing since the 50 basis point cut? And since it's related, I'll just throw out my follow-up question. I realize the forward curve is moving around a lot, but since Dan brought it up a month ago, can you frame how you're thinking about the NII trajectory for 2025? Thanks.",3,True,True,1,False
JPM,2024-Q3,earnings,2024-10-11,5,qa,management,Jeremy Barnum,,2595,"Yeah. Sure, Jim. I'll try to answer both questions together to the best of my ability. So, as we sit here today, the biggest single driver of the sequential decline is, in fact – that we're expecting – is, in fact, the yield curve. So, that yield curve has changed a little bit since Daniel made his comments at the conference earlier in the quarter, but not that significantly. In terms of deposit balances, which is obviously another important factor here in light of the Fed starting the cutting cycle, it feels to us like right now, as I mentioned in my prepared remarks for Consumer, we're pretty much in the trough right now as we speak. When you look at yield-seeking behavior that has come down quite a bit, so that's no longer as much of a headwind all else being equal. And then if you look at checking account balances, those have been pretty stable for some time, which we see as an indication that consumers are kind of done spending down their cash buffers. So that's kind of supportive for consumer deposit balances. And in that context, the other relevant point is the CD mix where, with the rate cuts coming, we expect CD balances to price down with pretty high betas and probably the CD mix actually peaking around now. And then as we move to Wholesale, we've actually already been seeing a little bit of growth there, and when you combine that with the sort of increasing view that many people in the market have that it's likely that the end of QT will be announced sometime soon, that's also a little bit supportive for deposit balances. So, maybe, I'll – well, I guess then you also asked me a little bit about next year. So, I guess one thing to say, right, is that we did have a sequential increase in NII this quarter and, as you may recall, at Investor Day, I said that there was some chance that we would see sequential increases followed by sequential declines and that people should avoid kind of drawing the conclusion that we'd hit the trough when that happens. So that's essentially exactly what we're seeing now. But from where we sit now, given the yield curve, assuming the yield curve materializes obviously, we do see a pretty clear picture of sequential declines in NII ex. Markets, but the trough may be happening sometime in the middle of next year, at which point the combination of balances, Card revolve growth and other factors can return us to sequential growth, obviously. We're guessing it's pretty far out in the future, and we'll give you formal guidance on all this stuff next quarter, but I think that gives you a better framework to work with.",4,True,False,1,False
JPM,2024-Q3,earnings,2024-10-11,6,qa,analyst,Jim Mitchell,Seaport Global Securities,24,All right. Thanks a lot.,5,True,True,2,False
JPM,2024-Q3,earnings,2024-10-11,7,qa,management,Jeremy Barnum,,7,Thanks.,6,True,False,2,False
JPM,2024-Q3,earnings,2024-10-11,8,qa,operator,Operator,,104,Thank you. Thank you. Next we will go to the line of Steven Chubak with Wolfe Research. You may proceed.,7,True,False,2,False
JPM,2024-Q3,earnings,2024-10-11,9,qa,analyst,Steven Chubak,Wolfe Research,687,"Hi. Good morning. So Jeremy, how are you? So I do want to ask on expenses, just in light of some of the comments that Daniel had made recently, just noting that consensus expense forecast for next year looked a little bit too light. I believe at the time it was just below $94 billion. If we adjust for the one-timers this year, that would suggest a core expense base that's just below $90 billion, so pretty healthy step-up in expenses. I know you've always had a strong commitment and discipline around investment. Just want to better understand where those incremental dollars are being deployed and just which investments are being prioritized in particular looking out to next year.",8,True,True,3,False
JPM,2024-Q3,earnings,2024-10-11,10,qa,management,Jeremy Barnum,,2416,"Sure. So good question and I agree with your numbers. I agree with the way you've normalized this year for the one-time type of significant items and also where the consensus was when Daniel made his comments. And while we're at it, I would also just remind you on the NII comments at the time, the consensus for this year was $91.5 billion and for next year it was $90 billion so that was implying at the time a sequential decline of $1.5 billion. It was because we felt that decline wasn't big enough that we made the comments that we made. So happy to expand more on that, but anyway. To expenses. Yeah. So if you start for the sake of argument with a base of $90 billion, obviously, inflation is normalizing and obviously we're always trying to generate efficiencies to offset inflation. But, that having been said, if you assume 3% for the sake of argument on that base, that's a few billion dollars right out of the gates that we're working against. So that's one thing. The other thing is that we have continued to execute on our growth strategies this year so there's a not insignificant amount of annualization. You can't quite see that in the fourth quarter numbers because of the seasonality of incentive comp., but if you were to strip that out, you would see probably some sequential increases and so annualization as an additional headwind. The other thing that's worth noting is that we do expect fees and volume-related businesses to grow next year. And so all else being equal, that would come with a higher expense loading. So when you assemble all of those, that goes a long way to explain why sort of that consensus number that is slightly below $94 billion just seemed light. In terms of priorities and investments, really nothing has changed, like the strategy hasn't changed. The strategy hasn't changed and the plans haven't changed and we're just kind of executing with the same long-term perspective that we've always had. I would note that relative to NII, obviously, we're in the third quarter now, not the fourth quarter. And in the old days, we did used to give you the guidance until Investor Day in late February. So we will give you formal expense guidance next quarter for both, well, for expenses and NII next quarter. But especially on expenses, we are in the middle of the budget cycle right now so we probably have a little less visibility there than we do at the margin on NII.",9,True,False,3,False
JPM,2024-Q3,earnings,2024-10-11,11,qa,management,Jamie Dimon,,987,"And can I just give you just a view of expense a little bit? What you call expenses very often I call investments. If you actually go back to Investor Day, you'll see that we're adding private bankers in Asset & Wealth Management, we're adding ETF in Asset & Wealth Management, we're adding private bankers in international Private Banking. We're growing Chase Wealth Management. We've added some branches across the United States of America. We think there are huge opportunities for Innovation Economy that takes bankers and certain technology, stuff like that. Our goal is to gain share and everything we do, we get really good returns on it. So I look at that, these are opportunities for us. These are not expenses that we have to actually punish ourself on. And we do get, and we show you kind of extensively cost and productivity on various things. And also AI is going to go up a little bit and I would put that as a category that just is going to generate great stuff over time.",10,True,False,3,False
JPM,2024-Q3,earnings,2024-10-11,12,qa,analyst,Steven Chubak,Wolfe Research,570,"Thank you both for the color. Just a quick follow-up for me, just drilling down into NII. It appears you redeployed a fair amount of cash or excess reserves at the Fed into securities. We saw the yield expand, which was encouraging, despite the pressure at both the long end and SOFR contraction in the quarter. I was hoping you could just speak to your appetite to extend duration in this environment. I know that you've had some aversion to that in the past. But do you anticipate redeploying additional excess liquidity just amid the expectation for deeper rate cuts?",11,True,True,4,False
JPM,2024-Q3,earnings,2024-10-11,13,qa,management,Jeremy Barnum,,622,"Yeah. Sure. So on extending duration, Steve, you know this obviously, but I just think it's important to say that all else equal, extending duration doesn't change expected NII if you assume that the policy rate follows the forward, right? So, point one. Point two, the curve remains inverted. And so even if you don't believe that the policy rate follows the forwards, extending right now is actually a headwind to short-term NII like that wouldn't be a consideration for us either way, but I just think that's worth saying for the broader audience. It's quite different from the situation that you have on the numbers...",12,True,False,4,False
JPM,2024-Q3,earnings,2024-10-11,14,qa,management,Jamie Dimon,,43,"... people have mortgages at 6%, so, right.",13,True,False,4,False
JPM,2024-Q3,earnings,2024-10-11,15,qa,management,Jeremy Barnum,,890,"Yeah. Now so when we think of the question of extending duration and really managing duration right now, a couple things to say. So, obviously, a lot of different versions of duration, but one number that we disclose is the EaR. When the 10-Q comes out, you'll see that that number is a little bit lower. It'll come down from $2.8 billion to about $2.1 billion if our current estimates are correct. That's for a number of reasons, some of which are passive, but some of those are active choices to extend duration a little bit. And in the end, the choice to manage and extend duration is really about balancing the volatility of NII against protecting the company from extreme scenarios on either side. And so right now, if we wanted to extend as a result of different factors, we certainly could. We have the capacity inside the portfolio. But for now, we're comfortable with where we are.",14,True,False,4,False
JPM,2024-Q3,earnings,2024-10-11,16,qa,management,Jamie Dimon,,105,And the one thing I can assure you is the forward curve will not be the same forward curve in six months.,15,True,False,4,False
JPM,2024-Q3,earnings,2024-10-11,17,qa,analyst,Steven Chubak,Wolfe Research,59,"Well said. Well, thank you so much for taking my questions.",16,True,True,5,False
JPM,2024-Q3,earnings,2024-10-11,18,qa,management,Jeremy Barnum,,14,"Thanks, Steve.",17,True,False,5,False
JPM,2024-Q3,earnings,2024-10-11,19,qa,operator,Operator,,83,Thank you. Next we will go to the line of Erika Najarian from UBS. You may proceed.,18,True,False,5,False
JPM,2024-Q3,earnings,2024-10-11,20,qa,analyst,Erika Najarian,UBS,989,"My first question, and thank you very much for answering all the NII questions so far, Jeremy, is just I guess another follow-up. As you can imagine, once Daniel said what he said on stage in September, everyone is trying to figure out the over/under for net interest income next year. So maybe a two-part first question, the second being inspired by what Jamie just said. Number one, NII is expected to be down 6% sequentially in fourth quarter. I think year-over-year in 2025, consensus has it down 4% from your new level. So it sounds like consensus still has room to come down, and based on the forward curve, Jeremy, it could be a little bit worse year-over-year than the fourth quarter sequential rate. But that being said, as Jamie noted, we have no idea what the curve is going to look like. Right? It's gyrated so much. And so as we think about the curve, is it better for JPMorgan to have more cuts in the short end but steepness or less cuts but a little bit of a flatter curve?",19,True,True,6,False
JPM,2024-Q3,earnings,2024-10-11,21,qa,management,Jeremy Barnum,,1564,"Right. Okay. You threw a curve ball at the end there, Erika. I wasn't expecting that to be the end of your question. But let me answer the beginning of your question, and then I'll also answer the end of your question. So we see the current 2025 consensus for NII ex. Markets to be currently at $87 billion, which is obviously lower than it was at the conference earlier in the quarter. So we're happy to see that move a little bit more in line to us. That still looks a little toppy, but it's definitely in the ballpark. Now that consists of, I already mentioned previously that we sort of expect the NII trough sometime in the middle of the year, so you can kind of assemble the parts. You've got a fourth quarter run rate, you've got some sequential declines, you've got a trough in the middle of the year, and you've got a rough ballpark for the full year. So you can imagine that the trough probably is a little lower than those numbers and then to the extent that growth revolve resumes in the back half of the year in both deposit balances and the ongoing tailwind of Card revolve, although that tailwind will be a little bit less than you might have otherwise thought. I mean, sorry. A little bit less than it was this year but still a tailwind. Obviously, the mix of those things will play out in different ways, and as you point out, who knows what the yield curve will wind up doing. But on our current assumptions, on the current yield curve, and remembering that we're in the third quarter now, so we're doing this kind of early, that's what we think.",20,True,False,6,False
JPM,2024-Q3,earnings,2024-10-11,22,qa,management,Jamie Dimon,,781,"Can I just say something. First of all, next time let's just give them the damn number. I don't want to spend all the time on these calls like going through what they're guessing what NII is going to be next year. Can I just also point out that NII, all things being equal, is a number, but all things are never equal. And the yield curve, if you have a recession the effect of the yield curve will be very different than if you have continued growth. And there are decisions that are made nonstop by us and the things that happen in the marketplace, and I think we spend too much time on just this irrelevancy so you get a model, a number in your model. And so it's going to be less than $87 billion next year. Probably not a lot, we don't know, and we don't know the environment.",21,True,False,6,False
JPM,2024-Q3,earnings,2024-10-11,23,qa,management,Jeremy Barnum,,1447,"Good. Okay. Now to your question about the EaR. So, a few things to say in there. So, as I already mentioned, when that comes out, it'll show a number around $2.1 billion. A very important thing to say is, as you know, the experience of this rate cycle has been that our empirical EaR is meaningfully higher than our modeled EaR, which is what we disclose. And the main reason for that is that retail deposit betas have, in actuality, been lower than the modeled deposit betas. So as a starting point, you have to kind of adjust that EaR number to be bigger than the reported number for those and a few other reasons, actually, there's some nuances around how the dollar, non-dollar sensitivity interact. And then there's your question which is a little bit about the front-end versus the back-end. So, what you see is that actually the front-end EaR has gotten smaller and most of the EaR is now in the back-end. So, it's definitely the case that, all else being equal, a steeper curve is better for us. But I think what I would also say is that this kind of empirical versus theoretical adjustment is disproportionately in the front-end. So therefore, in order to answer your question, I would say, yes, we want a steeper curve, but having the Fed cut more than what's currently in the yield curve is definitely at the margin, for the context of next year's numbers a headwind – would be a headwind for us, we remain asset sensitive to Fed cuts.",22,True,False,6,False
JPM,2024-Q3,earnings,2024-10-11,24,qa,analyst,Erika Najarian,UBS,877,"And if I can ask my second question, and, Jamie, I completely understand your frustration. And to be fair, your long-term shareholders really don't care about whether it's $87 billion or $85 billion. Right? They care about your return on equity. To that end, I mean, it's insane how much capital you generate each quarter, 72 basis points this quarter. And so, beyond the standard boilerplate questions you're going to get on buyback and organic growth, yada, yada, dividend increases, how should we think about JPMorgan deploying this capital? I mean, the world is generally your oyster, right? You're dominant already, and you could use this capital to further enhance your business. And again, beyond that boilerplate conversation that you always get every quarter, how should your shareholders think about how you're thinking about the opportunities to deploy this capital?",23,True,True,7,False
JPM,2024-Q3,earnings,2024-10-11,25,qa,management,Jamie Dimon,,2062,"Okay. First of all, when you say dominant, I'd be very careful on that. We've got some very tough competition, different in different countries, different around the world, fintech companies, direct lenders and I want to give you a very specific comment on direct lending and stuff like that. So our goal is always to serve our clients. And when I talk about some of these expenses, that is a deployment of capital, and it's a deployment in a different way. If you open branches, you initially experience an expense, but down the road you need capital to support the deposits. Same for the Innovation Economy, same for private bankers, et cetera. If you look at it roughly, we have about a minimum $30 billion of excess capital. And for me, it's not burning a hole in my pocket. I look at it as you own the whole company and you can't properly deploy it now, it is perfectly reasonable to wait. And I've been quite clear that I think the future could be quite turbulent. And asset prices, in my view, in life you've got to take a view sometimes, are inflated. I don't know if they're extremely inflated or a little bit, but I prefer to wait. We will be able to deploy it. Our shareholders will be very well served by us waiting. And same thing with deploying capital. We can go buy $100 billion, 6% mortgages, increase our net income by a couple billion tomorrow. We don't make decisions like that. The most important thing we do is serve our clients well, build the technology and do things like that. And we also don’t know what the real excess capital is yet. So, we're a little patient. We're going to be a little patient and wait, and it'll be fine. And so that's where we are, and that's not going to change. And if it changes, we'll let you know. We do talk to a lot of shareholders, and they understand that buying stock back at more than two times tangible book value is not necessarily the best thing to do, because we think we'll have better opportunities to redeploy it or to buy back at cheaper prices at one point. Markets do not stay high forever.",24,True,False,7,False
JPM,2024-Q3,earnings,2024-10-11,26,qa,analyst,Erika Najarian,UBS,10,Thank you.,25,True,True,8,False
JPM,2024-Q3,earnings,2024-10-11,27,qa,management,Jamie Dimon,,285,"One last thing. Cash is a very valuable asset sometimes in a turbulent world. And you see my friend Warren Buffett stockpiling cash right now. I mean, people should be a little more thoughtful about how we're trying to navigate in this world and grow for the long term for our company.",26,True,False,8,False
JPM,2024-Q3,earnings,2024-10-11,28,qa,operator,Operator,,88,Thank you. Our next question comes from Glenn Schorr from Evercore ISI. You may proceed.,27,True,False,8,False
JPM,2024-Q3,earnings,2024-10-11,29,qa,analyst,Glenn Schorr,Evercore ISI,701,"Hi. Thanks very much. And so glad Jamie didn't say what he was about to say because that's the answer to this question. So we've seen a couple more banks entering partnerships with alternative managers. We've seen limited loan growth for a few years now, market-related also; limited flows into fixed income funds, yet plenty of growth in private credit in general. And you're one of the best asset managers on the planet, but in my view, less dominant in all things private credit. So maybe you could talk about what things you're working on and why that's too narrow of a view of your ability to serve all parts of clients’ lending needs, not just the public markets and public lending side. Thanks.",28,True,True,9,False
JPM,2024-Q3,earnings,2024-10-11,30,qa,management,Jamie Dimon,,3080,"Yeah. So let me take time to cover this one, because obviously it has become very important. People talking about how they're growing and partnering and things like that. And so first and foremost – I’m going to talk about very strategic and then very tactical, I think they're both important. First and foremost, we are here to give our clients an agnostic view of the world and what the best product and services are for them. Therefore, when a client comes in, we will offer them both direct lending, ourselves, and syndicated lending or other specialized kind of lending. And they all have pluses and minuses. Direct lending could be done faster, maybe simpler covenants, unitranche. It is more expensive and you're just seeing a little things go back and forth between syndicated lending and direct lending. But we're going to offer the clients basically what's in their best interest and tell them what those products are across the venue. We mentioned before in the past that we allocated $10 billion of capital to make direct loans. We've actually deployed a lot of capital. Some of those have already been paid off, some of it’s done. So we are going to do it directly and we are going to – $10 billion could be $20 billion or $30 billion, not limiting it today. I will say today, we're extending. We will do $500 million, we will do $1 billion, we will do more than $1 billion, we'll do it sole-handed or we'll do it with partners. Very importantly, we are not going to allocate ourselves to one partner. So we have – I think we've announced a bunch of co-lenders, but that just creates more flexibility and more size. We're not going to use that flexibility to slow it down and have to get permission from everybody, because like I said, JPMorgan could underwrite it and own it like a bridge loan and syndicate it after the fact. And we're going to use our own risk measures and stuff like that, again, all in the service of the client and making sure we're offering them the best thing. And we're going with different strategies. We're not going to tie ourselves exclusively to one capital provider. I think that would limit what we could offer our clients, it probably would be more price competitive. We could do some of this very specific thing and not the solution that this is the third-party capital provider. That's our strategy. We're going to be there, we're going to do it, and we're going to do it in spite of the fact there's capital arbitrage taking place. So if you look at the arbitrage today, where a bank has to hold for things, where insurance could, they are dramatically different. That's a disadvantage, but we've had those disadvantages in other businesses for a long time. We are going to do what's right for the client. Remember, when we do business with a client, we also get other revenues off of them. So it isn't just the loan; we look at the whole relationship. So we're quite comfortable we can compete. I just announced much bigger lending platforms and sizes and stuff like that, so I hope if any of the press is on they heard this too.",29,True,False,9,False
JPM,2024-Q3,earnings,2024-10-11,31,qa,analyst,Glenn Schorr,Evercore ISI,31,All right. Thanks for all that.,30,True,True,10,True
JPM,2024-Q3,earnings,2024-10-11,32,qa,operator,Operator,,111,Thank you. Our next question comes from the line of Gerard Cassidy from RBC Capital Markets. Your line is open.,31,True,False,10,True
JPM,2024-Q3,earnings,2024-10-11,33,qa,analyst,Gerard Cassidy,RBC Capital Markets,545,"Good morning, Jeremy, and good morning, Jamie. Jeremy, when you guys look at your current capital ratios, they are obviously very healthy. Can you guys give us some color on the new Basel III? We don't know what the specifics are, but as Vice Chair Barr touched on some of the specifics, it looks like capital requirements for yourself and your peers will come down a fair amount from the original proposal. How are you guys thinking about that? Do you have any insights on how much it may fall from the original proposal to where you are today?",32,True,True,11,False
JPM,2024-Q3,earnings,2024-10-11,34,qa,management,Jamie Dimon,,359,"Yeah. When I said we're at $30 billion of excess, that is assuming Barr's speech, that the $20 billion goes to $12 billion or whatever it is, more. It'll be more than that because there are other factors involved. Now, I was just giving the minimum of excess capital. In my view, it would be more, but it is what it is and we'll wait to see the final numbers.",33,True,False,11,False
JPM,2024-Q3,earnings,2024-10-11,35,qa,management,Jeremy Barnum,,1278,"But, Gerard, just maybe to give you a bit of color. So, yeah. Obviously, everyone paid a lot of attention to that speech. It was an important speech. But in the end, we actually just really need to see the proposal because the details matter a lot for this stuff. And so our focus is on hoping to see the proposal so that we can process the detail and continue advocating as appropriate. I note that you talk about requirements coming down relative to what was originally proposed which was obviously true per the speech, but I do think we need to be a little bit careful not to fall into the trap of saying that that's like progress just because the original proposal was so dramatically higher than what anyone thought was reasonable. And I would remind you, which you obviously know, that before this proposal came out, it was our position strongly felt, that our then-prevailing capital requirements were, if anything, already more than we needed. So we've got a long way to go here, and I think our position, which Jamie has been articulating very consistently, is that they need to get it right with the right amount of work, and importantly, do it holistically so it's not just RWA. It's RWA, it's G-SIB, it's SCB, it's CCAR. So that's really what we feel strongly about.",34,True,False,11,False
JPM,2024-Q3,earnings,2024-10-11,36,qa,management,Jamie Dimon,,414,"We just want the numbers to be done right and justified. If they had to go up, we would be fine with that too. We just think they should be done with real diligence and real thought and a little bit of thought about cost benefit, what it does to the economy, where it pushes lending and things like that. So we're anxiously awaiting to see the actual detail, because that's what's going to make all the difference.",35,True,False,11,False
JPM,2024-Q3,earnings,2024-10-11,37,qa,analyst,Gerard Cassidy,RBC Capital Markets,625,"Very good. And then as a follow-up, in view of this excess capital and your comments a moment ago about direct lending, you look at your current cash and marketable securities on a risk-weighted asset basis, you put it in your presentation of course, $1.5 trillion. Average loans is $1.3 trillion. When the dust settles, you know what your capital requirements are. Can you frame out for us, levering up the excess capital with more loans, is that a path that might be considered over the next two or three years relative to where you are on a mix basis? I know you're going to grow your loans, but I'm talking about the mix.",36,True,True,12,False
JPM,2024-Q3,earnings,2024-10-11,38,qa,management,Jamie Dimon,,144,"Absolutely, positively not. Loans are an outcome of doing good business. We want to do good business. If it grows our balance sheet, we're fine.",37,True,False,12,False
JPM,2024-Q3,earnings,2024-10-11,39,qa,management,Jeremy Barnum,,830,"And I do think, Gerard, it depends a lot on what type of loans you're talking about, right? So I think in the end, as Jamie says, like it's capital. We're going to deploy it ideally to grow the franchise organically, and that could include loans that are almost good loans on a stand-alone basis, as well as loans that are part of an overall relationship, what we're getting other revenue as part of that. So it's the same strategy that we've always had, but I wouldn't think of it as like excess capital to be deployed against a particular product. I would think of it as it's there for a rainy day. Let's hope the environment doesn't deteriorate a lot, but if it does, we'll be ready. And there will be opportunities hopefully to deploy it against a client franchise or against a stock. And if not, we'll return it. But not now.",38,True,False,12,False
JPM,2024-Q3,earnings,2024-10-11,40,qa,analyst,Gerard Cassidy,RBC Capital Markets,65,"Very good. Appreciate the color and candor, as always. Thank you.",39,True,True,13,True
JPM,2024-Q3,earnings,2024-10-11,41,qa,operator,Operator,,102,Thank you. Our next question comes from the line of Matt O'Connor with Deutsche Bank. You may proceed.,40,True,False,13,True
JPM,2024-Q3,earnings,2024-10-11,42,qa,analyst,Matt O'Connor,Deutsche Bank,308,"Good morning. So lower rates was supposed to drive a pick-up in loan growth and conversion of some of these investment banking pipelines. Obviously, we just had one cut and it's early. But any beginning signs of this in terms of the interest in borrowing more, and again, conversion of the banking pipelines?",41,True,True,14,False
JPM,2024-Q3,earnings,2024-10-11,43,qa,management,Jeremy Barnum,,1127,"I would say, Matt, generally no, frankly, with a couple of minor exceptions. So I think it's probably fair to say that the outperformance late in the quarter in investment banking fees was to a meaningful degree, as I mentioned, driven by DCM as well as to some degree driven by the acceleration of the closing of some M&A transactions. And I do think that some of that DCM outperformance is in the sort of types of deals that are opportunistic deals that aren't in our pipeline, and those are often driven by treasurers and CFOs sort of seeing improvement in market levels and jumping on those. So it's possible that that's a little bit of a consequence of the cuts. As I think I mentioned we did see, for example, a pick-up in mortgage applications and a tiny bit of pick-up in refi. And our multi-family lending business, there might be some hints of more activity there. But these cuts were very heavily priced. Right? The curve has been inverted for a long time. So to a large degree, this is expected. So it's not obvious to me that you should expect immediate dramatic reactions, and that's not really what we're seeing.",42,True,False,14,False
JPM,2024-Q3,earnings,2024-10-11,44,qa,management,Jamie Dimon,,252,"Yeah. And also in the debt markets, rates came down, spreads are quite low, and markets are wide open. So it kind of makes sense that people are taking advantage of that today. Those conditions may not prevail, be the ongoing conditions late next year.",43,True,False,14,False
JPM,2024-Q3,earnings,2024-10-11,45,qa,analyst,Matt O'Connor,Deutsche Bank,374,"And then specifically in the debit and credit card spend that you guys break out, you had nice growth year-over-year, up 6%, flat quarter-over- quarter, I know there's a lot of seasonality 2Q to 3Q. I think last year, it was up about 1%. But are you seeing any kind of changes in the consumer spend either the mix or some signs of a slowdown later in the quarter? Thank you.",44,True,True,15,False
JPM,2024-Q3,earnings,2024-10-11,46,qa,management,Jeremy Barnum,,1306,"So I think what there is to say about consumer spend is a little bit boring in a sense because what's happened is that it's become normal, so meaning – I mean, I think we're getting to the point where it no longer makes sense to talk about the pandemic, but maybe one last time. One of the things that you had was that heavy rotation into T&E as people did a lot of traveling and they booked cruises that they hadn't done before, and everyone was going out to dinner a lot, whatever. So you had the big spike in T&E, the big rotation into discretionary spending, and that's now normalized. And you would normally think that rotation out of discretionary into nondiscretionary would be a sign of consumers battening down the hatches and getting ready for a much worse environment. But given the levels that it started from, what we see it as is actually like normalization. And inside that data, we're not seeing weakening, for example, in retail spending. So overall, we see the spending patterns as being sort of solid and consistent with the narrative that the consumer is on solid footing and consistent with the strong labor market and the current central case of a kind of no-landing scenario economically. But obviously, as we always point out, that's one scenario and there are many other scenarios.",45,True,False,15,False
JPM,2024-Q3,earnings,2024-10-11,47,qa,analyst,Matt O'Connor,Deutsche Bank,18,Got it. Thank you.,46,True,True,16,True
JPM,2024-Q3,earnings,2024-10-11,48,qa,operator,Operator,,107,Thank you. Our next question comes from the line of Mike Mayo from Wells Fargo Securities. You may proceed.,47,True,False,16,True
JPM,2024-Q3,earnings,2024-10-11,49,qa,analyst,Mike Mayo,Wells Fargo Securities,720,"Hey. Jamie, I think I've seen you comment on government this year more than any other time in your career. And the August 2 op-ed, Washington Post, Davos you're talking about government. I think it was this week or last week on Bloomberg, you're saying bank mergers should be allowed. Your bus tour in August, you were asked, which is my question now, under what circumstances would you leave for government service and your answer then was “I love what I do.” We get it you love what you do. But under what circumstances would you consider government service? It seems like you'd be more likely to go now than in the past just based on the numerous comments that you've made. Is that right, wrong, what's your thinking?",48,True,True,17,False
JPM,2024-Q3,earnings,2024-10-11,50,qa,management,Jamie Dimon,,694,"I think it's wrong. I've always been an American patriot. My country is more important to me than my company, and I think this government is very important to get this – and if you look at the world today, Mike, it is so important that we get things right for the whole geopolitical world. I'm not just talking about the American economy, and we try to participate in policy at the local level, at the state level, at the federal level, at the international level to try to help. That's our job. We try to grow economies and things like that. So nothing has changed in my view, my opinion, or my interest. I just think it's very, very important that we try to help the government do a good job.",49,True,False,17,False
JPM,2024-Q3,earnings,2024-10-11,51,qa,analyst,Mike Mayo,Wells Fargo Securities,106,"So if you were asked by the next administration to serve the country, would you be open to considering it?",50,True,True,18,False
JPM,2024-Q3,earnings,2024-10-11,52,qa,management,Jamie Dimon,,332,"I think the chance of that is almost nil and I probably am not going to do it, but I've always reserved the right. I don't make promise to people. I don't have to. But no, I love what I do. I intend to be doing what I'm doing. I almost guarantee I'll be doing this for a long period of time or at least until the board kicks me out.",51,True,False,18,False
JPM,2024-Q3,earnings,2024-10-11,53,qa,analyst,Mike Mayo,Wells Fargo Securities,786,"Let me take the flip side of that question for those of you who are worried about you leaving. The other side of the question is we were on these calls the last couple of years. You're saying the stock is over-valued, and I think that's what you're saying. You're saying the stock market is over-valued and therefore all stocks are over-valued. And on the one hand, you guys, you highlight on this call AI, tech, market share gains, high returns, high capital. So, do you think in some ways when we think about the value of your price, and your ability to do buybacks, you're thinking more about an old school model for valuing your stock as opposed to a new school model that might put you in the category of more tech-oriented firms, especially as it relates to your progress with AI.",52,True,True,19,False
JPM,2024-Q3,earnings,2024-10-11,54,qa,management,Jamie Dimon,,728,"Listen, you're making a very good point, which is I think we have an exceptional company, exceptional franchises, and the price point at which you might buy the stock. But I'm not that exuberant about thinking even tech valuations or any valuations will stay at these very inflated values. And so I'm just – we're just quite patient in that, and I think you're going to have to judge us over time about whether we're done the right thing to do nothing. And remember, we could always do it. We haven't lost the money. It didn't go away. It's sitting in store. The only time that would be really wrong is if the stock runs way up, we've got to buy at much higher prices. And I just, I would be a real skeptic about that happening.",53,True,False,19,False
JPM,2024-Q3,earnings,2024-10-11,55,qa,operator,Operator,,98,Thank you. Our next question comes from Ebrahim Poonawala from Bank of America. Your line is open.,54,True,False,19,False
JPM,2024-Q3,earnings,2024-10-11,56,qa,analyst,Ebrahim H. Poonawala,Bank of America,479,"Yeah, good morning. I guess just wanted to follow-up. You talked about private credit and the disruption to bank lending. Another area I would appreciate if you can address is we've been hearing a lot about the likes of Jane Street and other market makers potentially disrupting fixed income trading. Is that a real risk? And is there an opportunity for a firm like JPMorgan to actually compete on the private venue side on market making beyond traditional sort of FICC activity?",55,True,True,20,False
JPM,2024-Q3,earnings,2024-10-11,57,qa,management,Jeremy Barnum,,1872,"Yeah, Ebrahim, the way I would frame that is not as a risk but as a reality. We've always emphasized in all of our businesses that we operate in an extremely competitive environment, and that applies to – and that competitive environment isn't limited to competing against banks or traditional financial institutions. It extends in the consumer space to fintechs. And in the market making space, it obviously increasingly is extending to some of the types of firms that you're referring to. Now those firms are, in many cases, also clients. And that's the same type of dynamic that you see, for example, in the private credit space that we've discussed before. So there's no question that the ecosystem is changing. You've got new competitors. You've got changes in market structure, new dynamics. And as with any business, we are innovating and adjusting and making sure that we're prepared to compete in all the traditional ways and all the new ways. Of course, there are some ways in which being a bank hinders our ability to do that. And one of the arguments that we've made going back to the capital and liquidity regulations is that when you come to the impact on the kind of U.S. capital markets ecosystem, which is the end view of the world, its worked well in its current construct for a long time where some activities were inside the regulated perimeter and there was robust participation from unregulated capital of various sorts. And a world where more and more of that activity gets pushed outside of bank market makers is a meaningful change to that structure that is untested, and it's unclear why you would want that. And we've cautioned that if that's the intent of the regulations, it should be intentional and well-studied. But in the meantime, we're going to adjust and compete to the best of our ability given the constraints of the current rule set.",56,True,False,20,False
JPM,2024-Q3,earnings,2024-10-11,58,qa,management,Jamie Dimon,,1315,"The previous answer on the private markets, it remains to be seen how that develops. There is a little bit of that, and some people are talking about making more active things in private markets. In some ways we're well-positioned for that too, because for that you need liquidity, market-making valuation, buyers and sellers on both sides to create liquidity. So that hasn't developed yet, but we may have competition, but we'll be there when the time comes. And the second one is the public markets. You have seen reports about you have deal inventories, both corporate and treasuries. And I do think that's capital. But again, we do it, remember, for clients. So we are large market makers on both sides of the markets for clients in both credit and treasuries, which is a little different than some of the other people just trading for their own account. And so they are both competition from our standpoint, but we're there. We're going to do it. We're can always deploy more capital if we want. And we would even deploy more capital at lower returns if we really had to do that to service clients. So we're very conscious of it. There will be competition both sides. As Jeremy said, we sat here 10 years ago talking about the electronification of the business and can we keep up with that, and so far we have.",57,True,False,20,False
JPM,2024-Q3,earnings,2024-10-11,59,qa,analyst,Ebrahim H. Poonawala,Bank of America,364,"Got it. And just one quick one. And, Jeremy, you, I think, mentioned QT stopping at some point. We saw the repo sort of market spike at the end of September. Give us your perspective on just the risk of market liquidity shock as we move into year-end and do you have a view on how quickly Fed should recalibrate QT or actually stop QT to prevent some loss? Thanks.",58,True,True,21,False
JPM,2024-Q3,earnings,2024-10-11,60,qa,management,Jeremy Barnum,,1363,"Yeah. It's a good question, Ebrahim. But I think you've kind of answered your own question. In other words, like the argument out there is that the repo spike that we saw at the end of this quarter was an indication that maybe the market is approaching that lowest comfortable level of reserves that's been heavily speculated about. And recognizing that that number is probably higher and driven by the evolution of firm's liquidity requirements as opposed to some of the more traditional measures. And side point, it's just another reason why it's important to look at the whole framework holistically when we think about the regulatory response of the events of two springs ago. You don't want those types of spikes and it raises some questions about why there isn't more readiness to deploy into those types of disruptions, albeit this one was relatively minor. But in any case, when you put all that together, it would seem to add some weight to the notion that maybe QT should be wound down and that seems to be increasingly the consensus that that's going to get announced at some point in the fourth quarter. So my only point was if you play that view through, it's a residual headwind for system-wide deposit growth which gets removed. And that's one of the reasons that we feel that we're probably in the trough of our deposit balances at the level of...",59,True,False,21,False
JPM,2024-Q3,earnings,2024-10-11,61,qa,management,Jamie Dimon,,1256,"So I just want to add a couple policy things here. I'm not actually sure they can actually do that, because you have inflationary factors out there, partially driven by QE. And also, look at the volatility. It's not a risk to JPMorgan. It's a risk to the system. And what banks have, I already mentioned the constrained balance sheet a little bit. So the banks will have trillions of dollars of cash and unable to deploy the repo markets. And is it a good policy thing that every time that happens, because you can do it very safely, fully collateralized, all things like that, providing what I call flexible financing in the marketplace, that that happens, the Fed has to step in every time? I think that becomes a policy issue that every time there's some kind of fluctuation in the market, people panic and the Fed has got to step in and provide stuff. And can they always do that if you have a slightly more inflationary environment going forward? So I think you've got to be very thoughtful about this and that's why we do think they should look at calibrating SLR and ECLR and CET1, all of these things, particularly for this. So my view is, it is going to happen again. I can't tell you exactly when, but I'd be surprised if it doesn't happen again.",60,True,False,21,False
JPM,2024-Q3,earnings,2024-10-11,62,qa,analyst,Ebrahim H. Poonawala,Bank of America,23,Got it. Thank you both.,61,True,True,22,True
JPM,2024-Q3,earnings,2024-10-11,63,qa,operator,Operator,,105,Thank you. Our next question comes from the line of Betsy Graseck from Morgan Stanley. Your line is open.,62,True,False,22,True
JPM,2024-Q3,earnings,2024-10-11,64,qa,analyst,Betsy L. Graseck,Morgan Stanley,21,"Oh, hi. Good morning.",63,True,True,23,True
JPM,2024-Q3,earnings,2024-10-11,65,qa,management,Jeremy Barnum,,11,"Hey, Betsy.",64,True,False,23,True
JPM,2024-Q3,earnings,2024-10-11,66,qa,analyst,Betsy L. Graseck,Morgan Stanley,23,Can you hear me? Hello?,65,True,True,24,True
JPM,2024-Q3,earnings,2024-10-11,67,qa,management,Jeremy Barnum,,5,Yeah.,66,True,False,24,True
JPM,2024-Q3,earnings,2024-10-11,68,qa,analyst,Betsy L. Graseck,Morgan Stanley,21,Can you hear me okay?,67,True,True,25,True
JPM,2024-Q3,earnings,2024-10-11,69,qa,management,Jeremy Barnum,,39,Yeah. We can hear you. Can you hear us?,68,True,False,25,True
JPM,2024-Q3,earnings,2024-10-11,70,qa,analyst,Betsy L. Graseck,Morgan Stanley,535,"Oh, yes. Thank you. So one for Jeremy, one for Jamie. Jeremy and Jamie, Sorry about the NII question I'm going to have, but it is more than half your revenue so I kind of care about it. But when I'm thinking about the trough and then the build-up, QT ending, deposit growth, I mean, that's part of the calculation for improvement as we go into 2025. Right? I should embed that outlook. Is that right? And that's embedded in how you're thinking about it. I know we don't have a number for you for NII for 2025 but it is in there. Right?",69,True,True,26,False
JPM,2024-Q3,earnings,2024-10-11,71,qa,management,Jeremy Barnum,,156,"Yeah. In other words, it goes back to my prior point and to the point that I had in the prepared remarks about the consumer deposit balances in particular –",70,True,False,26,False
JPM,2024-Q3,earnings,2024-10-11,72,qa,analyst,Betsy L. Graseck,Morgan Stanley,6,Right.,71,True,True,27,False
JPM,2024-Q3,earnings,2024-10-11,73,qa,management,Jeremy Barnum,,1703,"– that there's lots of different offsetting factors right now, right. You've got the yield curve, you've got Card revolve, you've got balances. And balances have been a headwind. We now see it as neutral and they could potentially become a tailwind later in the year. And one of the potential reasons for that is – one of the potential reasons for that is the potential end of QT, but emphasize the word potential, to Jamie's point. You also obviously have a little bit of the fixed asset, fixed-rate asset reprice dynamics starting to flow through a little bit. While we're on NII, just to annoy Jamie a little bit more, I do want to make a point that I didn't get a chance to make previously, which is there's a reason that we emphasize the implied fourth quarter run rate for the Markets NII in the presentation which is that if you take that and you annualize it, it gives you a launch point run rate, which is significantly higher than what's currently in the consensus and obviously what we've seen this year. And I'll give you the concise version of my usual speech that changes in Markets NII are almost always bottom-line neutral and offset in NIR. But for the purposes of trying to help you guys with your models, I would just encourage you to recognize what that launch point is, the number of cuts that are in the curve, the fact that that number has historically and in the recent past has been quite liability-sensitive, so you can draw your own conclusions about what that should mean. Again, shouldn't change the overall revenue expectation. It's just a balance sheet and income statement geography issue. But just for the sake of helping you tidy up models, I wanted to make that point.",72,True,False,27,False
JPM,2024-Q3,earnings,2024-10-11,74,qa,analyst,Betsy L. Graseck,Morgan Stanley,107,And so Daniel's comments in September were on NII in total or NII ex. Markets? Could you just clarify that?,73,True,True,28,False
JPM,2024-Q3,earnings,2024-10-11,75,qa,management,Jeremy Barnum,,444,"No. Those were core NII or NII ex.. So again, reiterating at the time, the 2024 consensus was $91.5 billion. The 2025 consensus was $90 billion on NII ex. and our point was that that number, which remains an asset-sensitive number, indicated an insufficient amount of sequential decline year-on-year. The current consensus as we see it for NII ex. Markets is $87 billion. And as we've noted, that's closer albeit maybe still a little bit toppy.",74,True,False,28,False
JPM,2024-Q3,earnings,2024-10-11,76,qa,analyst,Betsy L. Graseck,Morgan Stanley,504,"Okay. Then one for Jamie. Jamie, we did talk already quite a bit about the capital that you have, capital in store. Just wanted to understand how you're thinking about that opportunity set that's in front of you with regard to using it for potentially portfolio acquisitions. I realize that depositories are not on the docket, but we all know there's portfolios out there that might be looking for a home. And could you give us a sense as to how interested you might be in acquiring assets at this stage?",75,True,True,29,False
JPM,2024-Q3,earnings,2024-10-11,77,qa,management,Jamie Dimon,,277,"Yeah. So asset acquisitions, I mean I always want our people to be looking at those things and thinking about those things. But if you listen to what I'm saying about my caution about the world, it's hard for me to say that we're going to be in the market to buy credit assets.",76,True,False,29,False
JPM,2024-Q3,earnings,2024-10-11,78,qa,analyst,Betsy L. Graseck,Morgan Stanley,33,What about loans? The Apple card…,77,True,True,30,False
JPM,2024-Q3,earnings,2024-10-11,79,qa,management,Jamie Dimon,,570,"But creating those assets to help clients. That's a whole different matter because when it comes to clients, we earn credit asset spread and we usually have other stuff. If our bankers can deploy capital that way, of course be that we want to do more. And our CIO could deploy capital in multiple ways, we would probably do more. And we ask all the time can we do more in affordable housing, can we do more in things we're actually quite comfortable. And yeah, if we could find ways to deploy capital, we would be happy to do that. But put us in your closest category...",78,True,False,30,False
JPM,2024-Q3,earnings,2024-10-11,80,qa,analyst,Betsy L. Graseck,Morgan Stanley,61,"And what about like a private label credit card, for example.",79,True,True,31,True
JPM,2024-Q3,earnings,2024-10-11,81,qa,management,Jamie Dimon,,15,[indiscernible],80,True,False,31,True
JPM,2024-Q3,earnings,2024-10-11,82,qa,analyst,Betsy L. Graseck,Morgan Stanley,106,I'm just wondering about private label credit card for example. Is that something that would help clients?,81,True,True,32,False
JPM,2024-Q3,earnings,2024-10-11,83,qa,management,Jamie Dimon,,500,"Almost no chance. Well, but having – it's very important. While I say that, I always tell the management team second-guess me. I mean, we’ve done private label. I know what it is, we've been there. I have a lot of issues with it. But is it possible it's going to be different one day and a different thing? Yeah, it's possible, so I don't want to cut it off. If Marianne Lake says to me, Jamie I think clearly the world's changed, we're going to change. But right now, we'd say no, there's no chance.",82,True,False,32,False
JPM,2024-Q3,earnings,2024-10-11,84,qa,analyst,Betsy L. Graseck,Morgan Stanley,18,Thank you so much.,83,True,True,33,True
JPM,2024-Q3,earnings,2024-10-11,85,qa,operator,Operator,,88,Thank you. Our final question will come from Saul Martinez with HSBC. Your line is open.,84,True,False,33,True
JPM,2024-Q3,earnings,2024-10-11,86,qa,analyst,Saul Martinez,HSBC Securities,1144,"Hey. Good morning. I'm not going to ask about a specific NII in 2025, but I did want to delve into the how to think about your deposit margin in volume dynamics in the CCB over the next few years. You have seen a decent amount of pressure in the deposit margin, 2.6%, down about 30 basis points as deposit balances have come down, so it put some pressure on deposit NII. But deposit margins are still well above where they were when rates were at levels that are consistent with where the forward curve now has been going. So I guess how do we think about both volumes and margin dynamics if rates do come down, say, to the level that are consistent with the forward curve? I know the forward curve is likely going to be long, but that's the reference point we have. And conversely, volume offset. You mentioned, Jeremy, the retail deposits becoming a tailwind. But, I guess, how much of a tailwind could they be, especially as you are expecting to gain quite a bit of market share in retail deposits? So just give us a sense of sort of the push and pull of these dynamics that really help drive the deposit, the value of the deposit franchise.",85,True,True,34,False
JPM,2024-Q3,earnings,2024-10-11,87,qa,management,Jeremy Barnum,,2941,"Sure. Yeah, thanks for the question, Saul. And I think you've laid out the building blocks there already. Just for simplicity, I'm going to try to answer your question without referring to the disclosed CCB deposit margin number, just because that number is obviously the combination of the rate paid on the CCB deposits and the internal FTP into that. And that is a complicated thing that evolves as a function of the modeling of the betas and other things. So I think it's actually more helpful to look at this simply from a Firmwide perspective and look at the evolution of the rate paid in the context of the policy rates roughly, and just set aside the duration management and all those sort of factors. And I think when you do that, what you see is we've been saying for a while that the deposit margin defined for these purposes is simply the difference between the policy rate and the weighted-average rate paid of the consumer deposits, was unsustainably high. And that was going to have to correct one way or the other. Either deposits were going to reprice at the product level through checking and savings, and/or we were going to see a ton of internal migration, i.e. growth in the CD mix, and/or we would see a lower policy rate. So as we sit here right now, of course, we make pricing decisions in the context of market competition at any given moment looking at what the environment is for deposits, but we have not needed to reprice in order to retain primary bank relationships which was also our core strategy. We were never going to chase sort of the hot money at the margin. We've leaned in heavily to CDs and gotten to the current level of CD mix, and that's been a good strategy. And from where we sit now, we now have the margin coming down as a result of the policy rate coming down. It seems that, that puts us in a pretty comfortable position from a pricing perspective. We think the CD mix has probably peaked. Now, on the way down, it's not going to go back down to zero, where it was at the beginning of the cycle. That's an important thing to realize. So all else equal, that creates a little bit of margin compression. And then through all of that, obviously, a lower yield environment should mean that there's a little bit less outflow from consumer deposits, as I mentioned. We're seeing a lot less yield-seeking behavior. So then when you overlay on to that what you mentioned, which is our long-term share growth in CCB deposits, in no small part as a function of the brand strategy and the buildout and the fact that only about a quarter of our top 125 markets in CCB are at that 15% share number, so we believe there's big opportunity to grow the rest of it and be on track at the type of average annual share growth of the order of 30 basis points or 40 basis points that we've seen historically. That's how you kind of assemble a tailwind from normalized deposit margin and balance growth in Consumer.",86,True,False,34,False
JPM,2024-Q3,earnings,2024-10-11,88,qa,management,Jamie Dimon,,297,"Jeremy, correct me if you think I'm wrong. The abnormal time period was when rates were between 0% and 1% or 2%. Other than that, if you're looking at, say, what are normal deposit margins in the normal banking business, forget people going after really hot money if that happens, it's 2% to 2.5%.",87,True,False,34,False
JPM,2024-Q3,earnings,2024-10-11,89,qa,management,Jeremy Barnum,,27,"Absolutely. Yeah, we agree.",88,True,False,34,False
JPM,2024-Q3,earnings,2024-10-11,90,qa,analyst,Saul Martinez,HSBC Securities,152,"Okay. That's helpful. So it sounds like you're a little bit above that, but there's still some pressure. But you're not dramatically above those levels.",89,True,True,35,False
JPM,2024-Q3,earnings,2024-10-11,91,qa,management,Jamie Dimon,,303,"Very good returns in business in both Banking & Wealth Management. We're growing market share. And when we build branches and stuff like that, we don't necessarily assume current margins. We look at what would be normal margins over time. And we're very comfortable doing very nice business for you all.",90,True,False,35,False
JPM,2024-Q3,earnings,2024-10-11,92,qa,analyst,Saul Martinez,HSBC Securities,66,Yes. Got it. Okay. That's helpful. Thanks a lot. That's all I got.,91,True,True,36,False
JPM,2024-Q3,earnings,2024-10-11,93,qa,management,Jeremy Barnum,,31,"Thanks, Saul. Thanks, everyone.",92,True,False,36,False
JPM,2024-Q3,earnings,2024-10-11,94,qa,management,Jamie Dimon,,10,Thank you.,93,True,False,36,False
JPM,2024-Q3,earnings,2024-10-11,95,qa,operator,Operator,,122,Thank you all for participating in today's conference. You may disconnect at this time. And have a great rest of your day.,94,True,False,36,False
JPM,2024-Q4,earnings,2025-01-15,6,qa,analyst,John McDonald,Truist Securities,441,"Hi. Good morning. Jeremy, I wanted to ask about capital, and I know you get this question a lot about the kind of high-class dilemma of your growing capital base and your perspective of that as earnings in store. So, I guess, what's the framework for thinking about the opportunity cost of sitting on the growing base of capital and how high you might let that go versus your patience in waiting for more attractive deployment opportunities?",5,True,True,1,False
JPM,2024-Q4,earnings,2025-01-15,7,qa,management,Jeremy Barnum,,56,"Yeah. Good question, John, and welcome back, by the way.",6,True,False,1,False
JPM,2024-Q4,earnings,2025-01-15,8,qa,analyst,John McDonald,Truist Securities,10,Thank you.,7,True,True,2,False
JPM,2024-Q4,earnings,2025-01-15,9,qa,management,Jamie Dimon,,98,"Welcome back, John. Read your piece the other day. It took me quite a while, but it was good work.",8,True,False,2,False
JPM,2024-Q4,earnings,2025-01-15,10,qa,analyst,John McDonald,Truist Securities,7,Thanks.,9,True,True,3,False
JPM,2024-Q4,earnings,2025-01-15,11,qa,management,Jeremy Barnum,,1420,"So, yeah, you've noted all the points that we always make so I won't repeat them. And I think the way we're thinking about it right now is that we feel very comfortable with the notion that it makes sense for us to have a nice store of extra capital in light of the current environment. We believe there's a good chance that there will be a moment where we get to deploy it at better levels essentially in whatever way than the current opportunities would suggest. And so that feels like a correct kind of strategic and financial decision for us. Having said that, having studied it quite extensively over the last six months and have all the debates that you would expect, we've concluded that we do have enough. We have enough excess. And given that, we would like to not have the excess grow from here. So, when you think about the implications of that, given the amount of organic capital generation that we're producing, it means that unless we find in the near term opportunities for organic deployment or otherwise, it means more capital return through buybacks, all else being equal, in order to arrest the growth of the excess. And that is our current plan, although, I'll give the caveat that, as you know, is in our disclosure, which is we don't want to get in the business of guiding on buybacks, and we reserve the right to change the trajectory at any time for any reason, but that is our current thinking.",10,True,False,3,False
JPM,2024-Q4,earnings,2025-01-15,12,qa,analyst,John McDonald,Truist Securities,344,"Okay. Thanks, Jeremy. And then just as a follow-up, when we think about the investment spend agenda this year, how does it differ from, say, last year or last couple of years across lines of business in this kind of certainty of return spectrum you've talked about? And then what kind of efficiencies are baked into the outlook as well? Thanks.",11,True,True,4,False
JPM,2024-Q4,earnings,2025-01-15,13,qa,management,Jeremy Barnum,,3697,"Sure. The truth is – and I guess this is a good thing that the themes are remarkably consistent. So, we are seeing the results of our kind of high certainty investment choices across all the categories that you know very well and that we highlighted on the outlook page for expenses, and those continue to be the main areas of focus. The execution gets tweaked at the margin as we pursue different opportunities in the Commercial & Investment Bank. We continue drilling down and analyzing into the relative pockets of weakness that you might see if you go a level or two below the very significantly strong share positions that you see on an aggregate level. Daniel always talked about the reds and the ambers that are behind the greens, and that's embedded in the culture of the company. So we do that everywhere and continue analyzing and iterating, and we throw resources against that stuff as we do that. But, broadly, the themes are very consistent. I think, in terms of efficiency, a couple of things to say, which you know well. One is, when we think about efficiency and how we generate it at this company, it's organic, it's BAU, it's evergreen; it happens every day in all the teams, everywhere. And so that is sort of part of the bottoms- up culture, and that remains the case. We do have a few top-down areas of focus. I think if I go, for example, into technology for starters, we're putting a lot of effort into improving the sort of ability of our software engineers to be productive as they do development, and there's been a lot of focus on that – the development environment for them, in order to enable them to be more productive. And so all else equal, that generates a little bit of efficiency. We also have a lot of focus on the efficiency of our hardware utilization. And so that's embedded in there as well. And another thing that's worth noting, you'll recall that, at Investor Day, I talked about how we had probably reached peak modernization spend. As Jamie always says, we're always modernizing. So, the fact that we've gotten to a peak and then it might come down a little bit from here still means we're going to be constantly modernizing. But, at the margin, that means that inside the tech teams, there's a little bit of capacity that gets freed up to focus on features and new product development and so on, which is also in some sense a form of efficiency. Finally, though, what I would say is that if you look at the head count trajectory of the company over the last few years, we have grown a lot and it has been for very good reasons. And it has contributed quite a bit to our growth and to our ability to run the company efficiently. But any time you have that quantum of headcount growth as well as that rate of headcount growth, you have to believe, all else equal, that some amount of inefficiency has been introduced. And so, this year, as we went through the budget cycle, we ask people, at the margin, to try to support the growth of the company while living within their means on the headcount front. So we're going to try to run things, with some important exceptions that I'll highlight in a second, on roughly flat head count and have that lead to people generating internal efficiencies as they get creative with their teams, and we consider more efficient ways of doing things. The obvious exceptions are the ongoing areas of high certainty investment and growth, so, obviously, branches and bankers and so on. And also, critical non-negotiable areas of risk and control like cyber or whatever independent risk management needs to ensure that we're running the company safely. So that's how we're thinking about efficiency in the current moment.",12,True,False,4,False
JPM,2024-Q4,earnings,2025-01-15,14,qa,analyst,John McDonald,Truist Securities,24,Very helpful. Thank you.,13,True,True,5,False
JPM,2024-Q4,earnings,2025-01-15,15,qa,management,Jamie Dimon,,17,Efficiently said.,14,True,False,5,False
JPM,2024-Q4,earnings,2025-01-15,16,qa,operator,Operator,,98,"Thank you. Next, we will go to the line of Mike Mayo from Wells Fargo Securities. You may proceed.",15,True,False,5,False
JPM,2024-Q4,earnings,2025-01-15,17,qa,analyst,Mike Mayo,Wells Fargo Securities,861,"Hi. Simple and then more difficult, I guess. Jamie, who's your successor? And then the second question is, I know I asked the question at Investor Day, why not stay as CEO a little bit longer? I think what I'm hearing from investors now, it goes up and down, but I think investors would like you to stay. So, why say you're going to stay less than five years? You're finally getting what you wanted, 15 years, your spaghetti chart about the regulatory structure and the unpredictability of capital requirements and regulatory costs, and it seems like you're finally getting what you've been playing for. So, why not stay around a bit longer if investors want you to do so? And what would you do otherwise anyway? You don't play golf. You aren't going to be Treasury Secretary. Seems like your work is your hobby, right? So how much longer would you stay around?",16,True,True,6,False
JPM,2024-Q4,earnings,2025-01-15,18,qa,management,Jamie Dimon,,591,"I do love what I do. And answering the second question first, look, we're on a path. The path is not just about me, it's about the other senior people in the company. It's about the Board. If I'm here for several more years, and I may or may not be Chairman. That's going to be up to the Board. Does it really fit the new CEO and stuff like that? You're talking potentially four, five years or more. I'll be 69 in March. I think it's the rational thing to do. I've had a couple health problems, you know. I just think it makes a lot of sense, and so – and what was your first question again?",17,True,False,6,False
JPM,2024-Q4,earnings,2025-01-15,19,qa,analyst,Mike Mayo,Wells Fargo Securities,21,Who's your successor?,18,True,True,7,False
JPM,2024-Q4,earnings,2025-01-15,20,qa,management,Jamie Dimon,,906,"Oh, yeah. This is an unfortunate thing for any big company like this where these people have to be in the spotlight all the time and always to-ing and fro-ing. We have several exceptional people. You guys know most of them. There's maybe one or two you don't know. The Board reviews and meets with them all the time. I think it's wonderful that Jenn Piepszak, who does not want to be the CEO, will be here as Chief Operating Officer and stay after that. So, obviously, she's going to work with those people which I think is great for a company, just having continuity of management and leadership, and will be one of those people. And obviously, we're not going to tell the press, but it's not determined yet. And of course, the last minute, a couple years from now people get sick, they change their mind, have family circumstances. So, even if you thought you knew today, you couldn't be completely sure.",19,True,False,7,False
JPM,2024-Q4,earnings,2025-01-15,21,qa,analyst,Mike Mayo,Wells Fargo Securities,70,"So, you'll stay around maybe for a few more years base case right now?",20,True,True,8,False
JPM,2024-Q4,earnings,2025-01-15,22,qa,management,Jamie Dimon,,17,"Basic case, yeah.",21,True,False,8,False
JPM,2024-Q4,earnings,2025-01-15,23,qa,analyst,Mike Mayo,Wells Fargo Securities,21,All right. Thank you.,22,True,True,9,True
JPM,2024-Q4,earnings,2025-01-15,24,qa,operator,Operator,,101,Thank you. Our next question comes from Jim Mitchell with Seaport Global Securities. You may proceed.,23,True,False,9,True
JPM,2024-Q4,earnings,2025-01-15,25,qa,analyst,Jim Mitchell,Seaport Global Securities,448,"Hey. Good morning. Maybe just on regulation, we have a new administration coming in. We have a new, soon-to-be, I guess, a new head of regulation at the Fed. So, maybe just talk about, again, what areas of the regulatory structure, if it were to change, would be most impactful for you. And is there any areas where you think capital requirements could actually go down? Or is this more of a story of requirements just simply stop going up? Thanks.",24,True,True,10,False
JPM,2024-Q4,earnings,2025-01-15,26,qa,management,Jeremy Barnum,,1563,"Hey, Jim. I mean, it's obviously something we're thinking about a lot. But I could go down some pretty deep rabbit holes speculating on all the different parts of the framework and how they could evolve, and I just don't really think that's productive right now. But let me make some attempt to answer your question. So, backing up a second, if you read Jamie's quotes, they're very consistent with what we've been saying as a company for a long time, which is that all we want is a coherent, rational, holistically-assessed regulatory framework that allows banks to do their job, supporting the economy, that isn't reflexively anti-bank, that doesn't default to the answer to every question being more of everything, more capital, more liquidity, that uses data and that balances the obvious goal that we all share of a safe and sound banking system with actually recognizing that banks play a critical role in supporting growth, and the hope is that we get some of that. And that also, while we're at it, some aspects of the supervisory framework get a little bit less bureaucratic and a little less adversarial and a little bit more substantive so that at the margin, management can focus its time on the things that matter the most. So, whether capital goes up, down, stays flat is really so complicated because it's not just Basel III Endgame, it's also a G-SIB, it's also a number of other factors. And that's why we keep hammering away on the importance of doing all of this holistically, properly with the right analysis. And if that takes time, so be it.",25,True,False,10,False
JPM,2024-Q4,earnings,2025-01-15,27,qa,management,Jamie Dimon,,838,"Can I just add, no that's great. Jeremy gave it all. Let me add three quick things. Liquidity is also equally important. There's been a lot of recognition that what counts as liquidity and discount windows and how LCR is done I think is very important. Second is competition. All these things should be done in light of looking at what kind of public markets you want, what kind of private markets you want, what do you want in the banking system, what you want out of the banking system. And the third is I think most people realize there is a huge need to take a step back and look at the Byzantine, Balkanized system we built which has negatives, and even the regulators will tell you that. So, at one point, just take a deep breath. As Jeremy said, let's do the right thing and continue to have the best financial system in the world.",26,True,False,10,False
JPM,2024-Q4,earnings,2025-01-15,28,qa,analyst,Jim Mitchell,Seaport Global Securities,281,"Yeah. No, that makes sense. And maybe just as a follow-up, just on loan growth. Have you – since the election, it seems like CEO confidence, business confidence has increased. So, are you starting to see any improvement in demand on lending? Just any thoughts there would be great.",27,True,True,11,False
JPM,2024-Q4,earnings,2025-01-15,29,qa,management,Jeremy Barnum,,1014,"Yeah, it's a good question. And I think given the significant improvement in business sentiment and the general optimism out there, you might have expected to see some pickup in loan growth. We are not really seeing that. I don't particularly think that's a negative. I think it's probably explained by a combination of wide-open capital markets, and so many of the larger corporates accessing the capital markets and healthy balance sheets in small businesses and maybe some residual caution. And maybe there are some pockets and some industries where some aspects of the policy uncertainty that we might be facing are making them a little bit more cautious than they otherwise would be about what they're executing in the near-term. But, we'll see what the new year brings as the current optimism starts getting tested with reality, one way or the other. And maybe if it materializes with tangible improvements and things one way or the other, you'll actually see that come through C&I loan growth in particular.",28,True,False,11,False
JPM,2024-Q4,earnings,2025-01-15,30,qa,analyst,Jim Mitchell,Seaport Global Securities,20,Okay. Great. Thanks.,29,True,True,12,True
JPM,2024-Q4,earnings,2025-01-15,31,qa,operator,Operator,,86,"Thank you. Next, we will go to the line of Erika Najarian from UBS. Your line is open.",30,True,False,12,True
JPM,2024-Q4,earnings,2025-01-15,32,qa,analyst,Erika Najarian,UBS,1177,"Yes. Hi, good morning. Wanted to follow up on the questions on capital and maybe ask about some of, Jeremy, the crosscurrents in terms of the denominator. So, if we look at the third quarter regulatory data for your G-SIB surcharge score, that would imply that your score would put you in a range of a 5% G-SIB. So, obviously, from what we understand, if you print that – somewhere near that score at the end of this year, then your G-SIB surcharge goes up by – to 5% or by 50 basis points two years and one day from now. At the same time, around the holidays, we did get the press release from both the Federal Reserve and the lawsuit from the banks. In terms of the transparency, it looks like the transparency is going to be focused on perhaps being improved as soon as this year's stress test. So, as we think about the definition of excess, right, because part of this is like 15.7% is clearly a huge number. So, as we think about your returns going forward, the definition of excess also continues to shift. So, how should we think about those crosscurrents in terms of two big components, clearly, one is your G-SIB surcharge and the other is your stress capital buffer?",31,True,True,13,False
JPM,2024-Q4,earnings,2025-01-15,33,qa,management,Jeremy Barnum,,2950,"Right, Erika. Okay. You are tempting me with many rabbit holes that are very deep. But let's try and address this not too much great length. First of all, G-SIB. So, yes, it was a high print in the third quarter, but we had normal seasonality third quarter and fourth quarter. So, while our current view of G-SIB number is an estimate, we're quite confident that we wound up comfortably in the 5% bucket just as a result of normal seasonality. It was actually a relatively quiet December in terms of the types of year-end things that sometimes create pressures of various types. So that is more or less what you might have otherwise expected in terms of our typical seasonal patterns. So, not much to see there. And the obvious point also being that even under the existing proposed G-SIB rule, which is obviously a little bit hung up, with the smaller buckets and some of the recalibration and so on, it's not even sort of obvious that it would have mattered one way or the other. But, anyway, for now, we're managing to the current rules, and normal seasonality took us back under 5%. Okay, you mentioned the lawsuit. I think the only thing to say about that is that we are happy to see the clear recognition on the part of the Fed that many of the things that we've been talking about for a long time in terms of transparency and volatility, and some of the non-substantive bureaucratic burden associated with the CCAR process needs improvement. So, that's great. I think I won't speak for the industry bodies that were the actual litigants, but it seems to me, if you just read what they said publicly in their press releases, this is as much as anything about preserving rights in light of the statute of limitations deadlines that were coming up. So, let's just hope that we see some significant progress on that front. And then, taking a step back, at a high level, what you're really asking me is, what is our core view about, and I think probably the best way to think about this is just through the lens of the numerator, actually. What is our core view about if you just, for the sake of argument, assume modest growth in the normalized amount of economic denominator, like actual need for capital organically, what will be the likely additional numerator that will be needed or not as a function of the environment. And the way we're increasingly thinking about that is just doing different scenario analysis of like flat numerator, up 5% numerator, up 10% numerator, up 20% numerator. I guess there could be some versions of the world where the numerator's a little less. And then guessing about our central case and comparing our projected capital amount to that number to determine the excess. And as you point out, at 15.7%, and I think the actual quantum of the numerator is something like $275 billion, through pretty much any reasonable lens, it's a ton of excess, which is why we've concluded that it doesn't need to grow anymore.",32,True,False,13,False
JPM,2024-Q4,earnings,2025-01-15,34,qa,analyst,Erika Najarian,UBS,528,"And just a follow-up question – a follow-up to John's line of questioning. As a placeholder, as we think about what you said, trying to arrest the growth of CET1, for now, should we just assume that anything that you don't need for organic growth and your dividend obligations in terms of that 15.7% will be bought back by the company as we think about? I know you don't want to predict the buyback, but is that sort of just a placeholder for now as we think about what can return back to shareholders in the form of repurchase?",33,True,True,14,False
JPM,2024-Q4,earnings,2025-01-15,35,qa,management,Jeremy Barnum,,148,"Yeah. You've quoted our capital hierarchy, and your conclusion flows naturally from my statement that we do want to arrest the growth of the excess.",34,True,False,14,False
JPM,2024-Q4,earnings,2025-01-15,36,qa,management,Jamie Dimon,,252,"So, we are never going to tell the market what we're going to do. You all know that everybody is out there modeling these things, trading against these things. So, steady consistent buyers in the marketplace who are so predictable are making a mistake.",35,True,False,14,False
JPM,2024-Q4,earnings,2025-01-15,37,qa,operator,Operator,,40,"Does that conclude your question, Erika?",36,True,False,14,False
JPM,2024-Q4,earnings,2025-01-15,38,qa,management,Jeremy Barnum,,56,Very good. We can go to the next question. Thanks. Yeah.,37,True,False,14,False
JPM,2024-Q4,earnings,2025-01-15,39,qa,operator,Operator,,92,Thank you. Our next question comes from Matt O'Connor with Deutsche Bank. Your line is open.,38,True,False,14,False
JPM,2024-Q4,earnings,2025-01-15,40,qa,analyst,Matt O'Connor,Deutsche Bank,365,"Good morning. It seems like you guys have backed off the view that you're materially over-earning on net interest income. And is this all because of the higher rate environment that's expected now? Or is it also partly a different view on deposit pricing, specifically on the consumer side, which I think you had assumed it would reprice a bit more than we've seen?",39,True,True,15,False
JPM,2024-Q4,earnings,2025-01-15,41,qa,management,Jeremy Barnum,,1369,"Yeah, it's a good question, Matt. I guess maybe let me try to frame this from a couple different perspectives. So, on the one hand, you're right. If you look at the NII guidance that we're giving you, including the notion that subject to the yield curve panning out in line with the current forwards, which, as we know, is the one thing that we know won't happen. But if you want to assume something, if you assume the forwards, we're sort of telling you that we might return to sequential growth in the back half of the year, again, based on all of our current assumptions, all else being equal. And you could draw the conclusion that that means that the overearning narrative is no longer applicable. I think if you take a big step back, by historical standards, the difference between the policy rate and the weighted average rate paid on consumer deposits remains quite elevated for a variety of reasons and subject to the fact that in the end, deposit pricing is always going to be a response to the competitive environment that we experience in the field, the current structure of the yield curve is such that, for the time being anyway, when we do the math, that's what we see. Do we think that's truly, truly, truly sustainable through the cycle? Unclear. But I guess we'll cross that bridge when we come to it. For now, this is the outlook for the coming year.",40,True,False,15,False
JPM,2024-Q4,earnings,2025-01-15,42,qa,management,Jamie Dimon,,64,And we've gotten closer to normalized NII and normalized credit.,41,True,False,15,False
JPM,2024-Q4,earnings,2025-01-15,43,qa,management,Jeremy Barnum,,104,Yeah. It is worth noting that NII ex. Markets is down year-on-year. So there's some normalization there.,42,True,False,15,False
JPM,2024-Q4,earnings,2025-01-15,44,qa,analyst,Matt O'Connor,Deutsche Bank,524,"Okay. And then just separately, a strategic question. There's been some reports about you further expanding the Consumer Banking business globally. And I guess I just want to push on that where we really haven't seen other banks do it in a successful way. Obviously, your approach is kind of coming from a position of strength, leading digitally. But I guess I'm just wondering like is it worth it? Is there enough upside to justify maybe some of the increased regulatory and execution risk of doing global consumer banking?",43,True,True,16,False
JPM,2024-Q4,earnings,2025-01-15,45,qa,management,Jeremy Barnum,,761,"Yeah. I think you kind of answered your own questions in a sense, like we talked about this a lot when we first launched the initiative. And I just think that the comparison to other players is not apt in the current moment. That's not to say that like we're special or anything. It's just that the strategy is very different and it's a very different moment. So it's a new initiative. It's obviously not risk-free, but it's going pretty well. And pointing out the obvious, if we didn't think it was worth it, we wouldn't be doing it. But we have obviously considered all of the risks and opportunities associated with the decision. And it's one of our strategic initiatives, and those get scrutinized quite aggressively through all of our management processes.",44,True,False,16,False
JPM,2024-Q4,earnings,2025-01-15,46,qa,analyst,Matt O'Connor,Deutsche Bank,16,Okay. Thank you.,45,True,True,17,True
JPM,2024-Q4,earnings,2025-01-15,47,qa,operator,Operator,,91,Thank you. Our next question comes from Betsy Graseck from Morgan Stanley. You may proceed.,46,True,False,17,True
JPM,2024-Q4,earnings,2025-01-15,48,qa,analyst,Betsy L. Graseck,Morgan Stanley,17,Hi. Good morning.,47,True,True,18,True
JPM,2024-Q4,earnings,2025-01-15,49,qa,management,Jeremy Barnum,,11,"Hey, Betsy.",48,True,False,18,True
JPM,2024-Q4,earnings,2025-01-15,50,qa,management,Jamie Dimon,,11,"Hey, Betsy.",49,True,False,18,True
JPM,2024-Q4,earnings,2025-01-15,51,qa,analyst,Betsy L. Graseck,Morgan Stanley,1221,"Guys, can you hear me okay? All right. Just want to make sure you can hear me. So this has been a great call. First, congratulations on a great quarter. It's been a great call with a lot of robust questions here. You're like, what else is there to ask? Here's my question. As we think about the NII outlook and you highlighted the NIM pressure, but loan – but basically, balance is increasing here, right? Maybe you could just speak to – could you help me understand the order of the drivers? Is it QT going away, deposits going up, punch it into securities? Is it loan growth inflecting? Is there any place in the franchise where you see loan growth opportunities for inflection this coming year? And then lastly, as I think about your comments around you've got the green market share number one, you've got the yellow, you've got the red, places maybe we can't see. Could you help us understand where those yellows and reds are – where they are? Are they just scattered, everybody – every single business has one? Or are there some that have more than others and, therefore, more opportunities? And is it more balance sheet or fee- generative? That's kind of what I'd like to just discuss if you have a minute. Thanks.",50,True,True,19,False
JPM,2024-Q4,earnings,2025-01-15,52,qa,management,Jeremy Barnum,,2587,"Sure. Yeah, let me take a crack at that, Betsy. So, loan growth, I think looking for areas where it might inflect, the only thing I can think of, frankly, that would be in that category, certainly in terms of being meaningful to the company's performance, would be acquisition finance because that's been relatively muted as a a function of the M&A environment, and if that picks up you could see more there. Now, those aren't loans that we necessarily keep on the balance sheet for that long, so whether that shows up in fees or NII or whatever, it's a separate issue. But as you can see like on our presentation page for the NII outlook, you know that Card loan growth and revolve normalization has been a significant tailwind. And while that is also a driver of growth in 2025, again, based on our current guess about the future, it will be – it's decelerating a little bit, rather than the opposite. Still growing above trend obviously, which is great, and it's a sign of the strength of the franchise and the amount of engagement that we're getting from our Card clients, but the big normalization tailwinds there are gone. You know well the state of the mortgage market given rates. Rates are also a headwind in some other pockets like our multifamily lending business at the margin. So, yeah, I think a higher growth environment, a little bit more optimism, could you see a bit more loan growth in Business Banking? Could you see a bit more growth in C&I at the margin? Yes. But I think the place where you might see inflection is more in the areas that are deal-driven, I would say. So, we'll see. We'll see what happens there. And in terms of the reds and the ambers under the green, I think you know them, right? And they're aligned with our big long-standing investment strategies. The biggest single one arguably is that in what you might call the affluent section of the Wealth Management space, we are significantly underpenetrated relative to the number of households that we bank in the country and our capabilities and our brand and what we think we bring to the table. So, that's why we're pushing so hard on that front, because I think we can get more share there and it completes the franchise very nicely. There are a bunch of examples elsewhere, but we talk a lot about drilling down inside the Markets business, inside Investment Banking and finding the places where even where at the aggregate global sector level we look great and any given region and any given subsector we can do better. And as I mentioned, we continue to look at that as aggressively as ever.",51,True,False,19,False
JPM,2024-Q4,earnings,2025-01-15,53,qa,analyst,Betsy L. Graseck,Morgan Stanley,10,Thank you.,52,True,True,20,False
JPM,2024-Q4,earnings,2025-01-15,54,qa,management,Jeremy Barnum,,17,"Thank you, Betsy.",53,True,False,20,False
JPM,2024-Q4,earnings,2025-01-15,55,qa,operator,Operator,,115,"Thank you. Next, we will go to the line of Ebrahim Poonawala with Bank of America Merrill Lynch. Your line is open.",54,True,False,20,False
JPM,2024-Q4,earnings,2025-01-15,56,qa,analyst,Ebrahim H. Poonawala,Bank of America,586,"Good morning. I guess just two questions. In terms of areas of vulnerability, so I heard you, Jeremy, on the lending side, but lots of crosscurrents. Like, if we anchor to the fact that you have a new administration that's taking place or take office with a focus on domestic CapEx. Even if we don't get any rates cut, when you look through your customer base where do you see areas of vulnerability, be it because of tariffs, be it because of just lack of any additional relief from the Fed? Yeah, would love to hear just from a credit quality perspective what no rate cuts might mean.",55,True,True,21,False
JPM,2024-Q4,earnings,2025-01-15,57,qa,management,Jeremy Barnum,,861,"Oh, I see where your question is. That took me a second. Yeah, I mean, look, wholesale credit is pretty hard to predict. It tends to be very idiosyncratic. You obviously know that we're coming out of a 10-plus year period of an exceptionally low charge-off rate, and so at some point that has to normalize to a slightly more reasonable level, a little bit to Jamie's comments earlier about how some things are still not fully normalized, and arguably wholesale credit could be one of those. We do run extensive stress tests on the sensitivities to the portfolio – of the portfolio to rate shock. A lot of what we do from an underwriting perspective is designed to protect us from that, frankly. So, you can rest assured that we're running the relevant analysis, but I'm not inclined to go into detail on any given sector or whatever. Jamie, did you want to add?",56,True,False,21,False
JPM,2024-Q4,earnings,2025-01-15,58,qa,management,Jamie Dimon,,639,"I would just point the biggest driver of credit has been and always will be unemployment. That's both in the consumer side and it bleeds into the corporate side. It bleeds into mortgages, sub-prime, credit card. So, really, it's your forecast of unemployment, which you have to make your own, which will determine that over time. And so, the second thing you said, vulnerabilities, it's unemployment, but the worst case would be stagflation. Higher rates with higher unemployment will drive higher credit losses literally across the board. We're not predicting that, but you just asked where the vulnerability is, that's the vulnerability.",57,True,False,21,False
JPM,2024-Q4,earnings,2025-01-15,59,qa,analyst,Ebrahim H. Poonawala,Bank of America,314,"And I guess – thanks for that. Just sticking with that, as far as QT is concerned, when you talk to experts, like no one knows where the right level for the Fed to end is. I'm just wondering if you have any thoughts there on when Fed should end the pressure on the system, and what it may imply for deposit growth?",58,True,True,22,False
JPM,2024-Q4,earnings,2025-01-15,60,qa,management,Jeremy Barnum,,888,"Yeah. I think the conventional wisdom on QT, and I'm not pretending to add to the conventional wisdom one way or the other, is that the tapering should sort of complete and, therefore, we might see an end sometime in the middle of the year. Of course, they may change that, but that seems to be the current market consensus. And when we sort of take a step back and look at the H.8 data and our kind of flow of funds models and that type of stuff, when you look at the way our peers are behaving, evolution of QT, expectations for economy-wide loan growth, et cetera, and what the impact of that might be on the growth of system-wide deposits, it's kind of consistent with the story that we're telling about sort of the background growth in our NII outlook, plus or minus, what happens with the policy rate and stabilizing and growing deposit balances through the second half of the year.",59,True,False,22,False
JPM,2024-Q4,earnings,2025-01-15,61,qa,analyst,Ebrahim H. Poonawala,Bank of America,10,Thank you.,60,True,True,23,True
JPM,2024-Q4,earnings,2025-01-15,62,qa,operator,Operator,,100,Thank you. Our final question comes from Gerard Cassidy from RBC Capital Markets. Your line is open.,61,True,False,23,True
JPM,2024-Q4,earnings,2025-01-15,63,qa,analyst,Gerard Cassidy,RBC Capital Markets,32,"Hi, Jeremy. Hi, Jamie. Jeremy...",62,True,True,24,True
JPM,2024-Q4,earnings,2025-01-15,64,qa,management,Jeremy Barnum,,21,"Good morning, Gerard.",63,True,False,24,True
JPM,2024-Q4,earnings,2025-01-15,65,qa,analyst,Gerard Cassidy,RBC Capital Markets,589,"...you mentioned in your comments about the overall Firmwide deposits have stabilized in the second half. You could see some growth and you're very – I think you said you started to see maybe some of that in the consumer checking deposits. We noticed in the industry data from the regulators, household checking deposits pre-pandemic for the industry were running about $1 trillion. Now, they have remained elevated post-pandemic at $4 trillion. Can you – based on what you're seeing in your customer base, what can you attribute the strength to in this consumer checking account deposits?",64,True,True,25,False
JPM,2024-Q4,earnings,2025-01-15,66,qa,management,Jeremy Barnum,,1125,"That's fascinating, Gerard. I’ll have to take a look at that data. I don't actually recognize those numbers. But I can speak for ourselves, which is that when we look at the encouraging growth that we see in our checking franchise, it's a couple of things. So, of course, there was some excess, and there was some yield-seeking behavior. So you did see people moving money out of checking into higher-yielding alternatives over the course of the last couple of years in the rate cycle. It feels to us as if we're in the final innings of that. We're just not seeing nearly as much yield-seeking pressure as we had seen. In the meantime, as you well know, we are aggressively engaging with clients and acquiring all the new clients and deepening in a lot of different markets as part of our branch expansion strategy and the deepening in all of those markets. So the combination of the tail-end of the yield-seeking flows and excellent client engagement and success in the sort of organic build out of that franchise is starting to show up in checking account growth, which we see as a very healthy indicator for the franchise.",65,True,False,25,False
JPM,2024-Q4,earnings,2025-01-15,67,qa,analyst,Gerard Cassidy,RBC Capital Markets,681,"Very good. And then as a follow-up, circling back about the capital levels, you guys have been very clear about where you want them to be. Can you share the pros and cons from JPMorgan's perspective? Not so much from an investor, but we understand, of course, you can do a share repurchase. Obviously, you can do non-depository acquisitions with the excess capital. But what are the pros and cons of a special dividend to reduce that excess capital if you continue with these incredible profitability levels of 20% return on tangible common equity? You're growing your income and capital very nicely every year. But what are those pros and cons, again, from JPMorgan's perspective?",66,True,True,26,False
JPM,2024-Q4,earnings,2025-01-15,68,qa,management,Jeremy Barnum,,119,"Yeah. So, we made some public comments on this at a conference some time back. So he'll – he wants to go. So, go ahead.",67,True,False,26,False
JPM,2024-Q4,earnings,2025-01-15,69,qa,management,Jamie Dimon,,25,"No. No. Jeremy, go ahead.",68,True,False,26,False
JPM,2024-Q4,earnings,2025-01-15,70,qa,management,Jeremy Barnum,,30,"No, no, no. You go. Seriously.",69,True,False,26,False
JPM,2024-Q4,earnings,2025-01-15,71,qa,management,Jamie Dimon,,480,"I was just going to say we're not going to do one. We have looked at it. If you all have any great insights for us, let us know, but most people don't want it, doesn't add shareholder value. And I've never thought of having cash in your pocket as a bad thing. I think it's a huge mistake to look at life and you have to ""deploy capital"". So we want to be very, very patient. But special dividends, if you look at the history of special dividends, they really basically don't work.",70,True,False,26,False
JPM,2024-Q4,earnings,2025-01-15,72,qa,management,Jeremy Barnum,,59,"If anyone has a different opinion, we're always interested.",71,True,False,26,False
JPM,2024-Q4,earnings,2025-01-15,73,qa,analyst,Gerard Cassidy,RBC Capital Markets,34,"Sounds good. Thank you, gentlemen.",72,True,True,27,False
JPM,2024-Q4,earnings,2025-01-15,74,qa,management,Jeremy Barnum,,15,"Thanks, Gerard.",73,True,False,27,False
JPM,2024-Q4,earnings,2025-01-15,75,qa,operator,Operator,,57,Thank you. And we have no further questions at this time.,74,True,False,27,False
JPM,2024-Q4,earnings,2025-01-15,76,qa,management,Jamie Dimon,,6,Great.,75,True,False,27,False
JPM,2024-Q4,earnings,2025-01-15,77,qa,management,Jeremy Barnum,,17,Thanks very much.,76,True,False,27,False
JPM,2024-Q4,earnings,2025-01-15,78,qa,management,Jamie Dimon,,17,Thanks very much.,77,True,False,27,False
JPM,2024-Q4,earnings,2025-01-15,79,qa,management,Jeremy Barnum,,21,See you next quarter.,78,True,False,27,False
JPM,2024-Q4,earnings,2025-01-15,80,qa,operator,Operator,,121,"Thank you all for participating in today's conference. You may disconnect at this time, and have a great rest of your day",79,True,False,27,False
UBS,2023-Q1,earnings,2023-04-25,3,qa,analyst,Chris Hallam,Goldman Sachs,1083,"Yes. Good morning, everybody. Firstly, on the future capital requirements, at the time of the announcement, FINMA said that a larger bank would require higher capital buffers. Have you had any further clarity on the size of that increase in capital requirement, and particularly to what extent those higher capital requirements may be influenced by the ultimate perimeter of the group? And I suppose any thoughts you have around how those decisions will ultimately feed into the timing of future capital return decisions? That's the first question. And then secondly, in the report this morning, you've outlined that the Emergency Ordinance provides for the loss sharing agreement with the Swiss Confederation, but that the Emergency Ordinance will expire within six months of its issuance date, after which time those measures would need to be codified into law by the Swiss parliament. Does that mean that the loss sharing guarantees still are effectively subject to parliamentary approval in six months' time? And if so, what are your confidence levels in getting those approvals?",2,True,True,1,False
UBS,2023-Q1,earnings,2023-04-25,4,qa,management,Sergio P. Ermotti,,1027,"Okay. Thank you. On capital requirements, you know, the situation will be clearer once we determine the scope and perimeter of the activities we will run, particularly in respect of non-core activities, and also with the businesses that we will exit. This will, of course, have an impact on op-risk, capital charges and so on. So, I think this is one of the issues that Sarah referred to. When we will have more clarity on all those aspects, we will communicate. But I don't expect this to be something substantial, that will take away the merits and the value accretion and creation of this transaction. In respect of the guarantee, we have little doubt that what we have agreed with the government is enforceable. Of course, there is a process in place to define exactly the details of this guarantee, and we do expect that to be done in the next couple of months. But we are not concerned about the enforceability of the guarantee as part, as an integral part of our agreements over the weekend to step-in in this situation.",3,True,False,1,False
UBS,2023-Q1,earnings,2023-04-25,5,qa,analyst,Chris Hallam,Goldman Sachs,19,Very clear. Thanks.,4,True,True,2,True
UBS,2023-Q1,earnings,2023-04-25,6,qa,analyst,Kian Abouhossein,JPMorgan,796,"Yeah. Thanks. Just two questions. The first one is related to the book value per share guidance that you gave of the 74% increase on day one. Just wondering if that still holds, first of all, at this point, or has that changed post your further analysis. And in that context, should we assume that the purchase accounting, restructuring, asset marks, etcetera, should be captured by the reserves that is being built off what we estimate 21 billion. The second question is in relation to more top down. How we should think about the impact on clients at this point and also retention of clients, especially in wealth management at this point already. And how we should think about retention of clients post the event, the clients that have left. How should we think about your position after that?",5,True,True,3,False
UBS,2023-Q1,earnings,2023-04-25,7,qa,management,Sergio P. Ermotti,,57,"So, Sarah, take the first question. I'll take the second.",6,True,False,3,False
UBS,2023-Q1,earnings,2023-04-25,8,qa,management,Sarah Youngwood,,363,"So, when we give you the 74%, we focused intentionally on what we viewed as economic impact, i.e., what impacts CET1 and if you continue to do it that way, actually the numbers are very stable. Of course, we are continuing to do the work on the PPA and we're going to continue to do so. And the PPA was, of course, included in the estimates that we had given you.",7,True,False,3,False
UBS,2023-Q1,earnings,2023-04-25,9,qa,analyst,Kian Abouhossein,JPMorgan,147,"Sorry if I may. The 74% also includes - but does clearly not include additional charges to the P&L and the rest comes to the P&L, we should assume.",8,True,True,4,False
UBS,2023-Q1,earnings,2023-04-25,10,qa,management,Sarah Youngwood,,143,"That's right. The initial PPA comes into the CET1 or the tangible book value per share, and anything that is beyond that comes through the P&L.",9,True,False,4,False
UBS,2023-Q1,earnings,2023-04-25,11,qa,analyst,Kian Abouhossein,JPMorgan,3,Ok.,10,True,True,5,False
UBS,2023-Q1,earnings,2023-04-25,12,qa,management,Sergio P. Ermotti,,1011,"So on client retention, I – maybe let me reiterate that if you look at our inflows and in general, we don't have an issue with our current clients. And we do believe that in many areas where we were underweight on a share of wallet basis we will be able to convince clients that the combined organization is offering a better value. In some areas, of course, we will lose clients because their concentration is going to be too high. And last but not least, I do believe that while history doesn't really always repeat itself, we are also convinced that many of the clients that were maybe nervous or concerned about what happened at Credit Suisse in the last few months but also post the transaction will regain faith and you know, we will be able to get some of these assets back. So, I'm totally convinced that, you know, our growth and our ability not only to retain but to regain clients will be there once we are able to articulate the value proposition that the combined organizations can bring to fruits.",11,True,False,5,False
UBS,2023-Q1,earnings,2023-04-25,13,qa,analyst,Alastair Ryan,Bank of America,838,"Yeah. Thank you. Good morning. Welcome back, Sergio. On the comments you made on the Bloomberg TV interview earlier about the importance of centrality, essentiality of ongoing profitability, which was absolutely borne out in recent months. Clearly the combined group has an exceptionally strong capital position on a pro forma basis, which gives you the opportunity to move quite quickly in two ways, one in a sort of actual effect in the merger and taking financial reserves against that. So, should we think about going quickly as essential to your plans because you’ve got the financial conditions to do it? Clearly, that was something that Credit Suisse did not enjoy. They had some ambitions to restructure that they needed to pass through the P&L over time, which constrain their profitability a long way into the future. Thank you.",12,True,True,6,False
UBS,2023-Q1,earnings,2023-04-25,14,qa,management,Sergio P. Ermotti,,1356,"Thank you, Ryan. It is good to be back to interact with you as well. Look, yes, you know what we need to do now as we go through the PPA assessment and the marks of the position we find. You can assume that the philosophy of running down non-core assets will be the same you saw in the past: based on cost of capital. So, if we are able to dispose, to restructure, any transaction that create a loss that is lower than the cost of our capital, we will do so without any doubts, any fears of taking upfront losses. So, it's precisely so, as you mentioned, that the profitability and the strength we have in our underlying business combined allows us this flexibility to control our destiny. I think, it's very important not to treat those positions as distressed assets, but rather non-core assets. And, therefore, an economic consideration has to be put in place. So, every time we can do a transaction that in our view reduces risk but also frees up capital below our cost of equity, we will do that. And, I guess, this is something that now it takes time for us to go deeper into the analysis of what it is. But this is something I’ like to clarify as quickly as possible what it is. So, you can assume that one of our top priorities, to clarify a path of – for us to take down these [assets], to free up this capital going forward and also reduce risks.",13,True,False,6,False
UBS,2023-Q1,earnings,2023-04-25,15,qa,analyst,Alastair Ryan,Bank of America,10,Thank you.,14,True,True,7,True
UBS,2023-Q1,earnings,2023-04-25,16,qa,analyst,Flora Bocahut,Jefferies,1012,"Yes. Good morning. The first question I wanted to ask you is regarding the net new money, so the net new FGA. You gave us some details you know including post the 10 business days that followed the announcement of the deal and thank you for that. I don't think I've seen any comment around the trend in April. So, just wanted to ask you know, what trend you've seen in terms of the customer behavior and especially regarding the NNFGA as well as customer deposits since the quarter ended about three weeks ago. And then I just wanted to come back to the risk around – the you know concentration risk around clients and the overlap on the client base. You made interesting comments regarding the fact that you are underweight certain client segment versus CS, and where you can gain from that transaction. There is another client segment which could lose. Can you maybe provide us more details? Do you mean in wealth management specifically, also in P&C? Can you maybe comment on those client segments? Thank you.",15,True,True,8,False
UBS,2023-Q1,earnings,2023-04-25,17,qa,management,Sarah Youngwood,,198,"So, on the first question in terms of the trends of April, we really haven't seen anything that is particularly abnormal or special. And so, it is not our custom to guide and we will stay with that.",16,True,False,8,False
UBS,2023-Q1,earnings,2023-04-25,18,qa,management,Sergio P. Ermotti,,1681,"Yeah. On the client side. I mean, if you look at, for example, in Asia, I think it’s clear that UBS has that perhaps a stronger franchise in North Asia and Credit Suisse has a stronger franchise, relatively speaking, in Southeast Asia. So, I think that the combination of the two is very complementary. Latin America, I mean, in Latin America, we definitely have a situation in which Credit Suisse brings a significant value to our platform. And there, that will make us, if not the leader of non-Latin American players, very close to that. So, a significant step forward. In respect of Switzerland, I would say that usually, SMEs have a relationship with maybe one of the large banks and with a cantonal bank or a regional bank. So, it’s – there is a high likelihood that the same SMEs don’t really have equal a relationship with the two large banks. For that reason, we believe that many of them can be captured. Same issue for retail and personal clients banking. If people have two relationships, usually they have it with a local bank and with a large bank. So, also there. And last but not least, I would say, that it’s fair to say that Credit Suisse has a strong franchise in large corporates in Switzerland, which is also complementary to our own. So, after all, as I say, both in terms of current business mix, but also going back to my remarks. In Switzerland, there are 250 banks. It’s plenty of competition, plenty of cantonal banks, plenty of Raiffeisen Banks. And, therefore, we believe that we will be able to manage this competitive landscape, which is not easy for us through service quality and what we can do differently than others rather than just purely size.",17,True,False,8,False
UBS,2023-Q1,earnings,2023-04-25,19,qa,analyst,Flora Bocahut,Jefferies,10,Thank you.,18,True,True,9,True
UBS,2023-Q1,earnings,2023-04-25,20,qa,analyst,Andrew Coombs,Citi,1214,"Good morning. Two questions. Firstly, just on slide 10 in your revised net interest income outlook, Q1, you’ve seen a slight increase in NII. So then you are guiding to a mid-single digit decrease for Q2. So that implies Q2 will be slightly below the Q4 run rate. Implicitly, this seems to suggest that Q3, Q4 is roughly then going to be stable based on your full year guidance. So, I’m interested in your thoughts on the offset between rate hikes and then most important of all, deposit migration to money market funds in future quarters. Given that we’re closing in on peak rates, it seems to imply you’re achieving, the deposit migration also slows, but would welcome any commentary on that. And then my second question is actually on the liquidity coverage ratio. I think there’s an active debate as to whether it’s calibrated correctly in light of recent events, particularly the 10% weighting that’s applied to less stable retail deposits. So, interested in any conversations you’ve had on that either with FINMA or the Basel Committee. And likewise, does that mean you’re going to continue to run with an LCR of, you know, north of 160%, given the potential that that ratio might be recalibrated? Thank you.",19,True,True,10,False
UBS,2023-Q1,earnings,2023-04-25,21,qa,management,Sarah Youngwood,,1679,"So, on the first quarter or the first question, what you've seen is some very significant mix shift throughout the system, the $600 billion of Fed data showed that the whole system had a 3% sequential decrease that we still saw. That is not expected to be that dramatic going forward, but we certainly have planned for the annualization of that in our numbers. And then after that, you see some normal patterns that happened, but we continue to see some mix shifts, as you would expect, but potentially not at the level that was seen at the beginning of the year. It's also important to know that for us, it was really the beginning of the year that was that pattern. So, actually January and February where we saw a lot of mix shift and actually some of the net inflows into the platforms from deposits were in March. In terms of the second quarter guidance, you’ve noted that we’re going to be down and that is exactly correct with P&C being slightly up and GWM, which is where those mix shifts are happening, being a bit down. And then as you pointed out mathematically, that does mean that there is some level of stability over the course of the year thereafter. In terms of LCR, we believe that we are calibrated correctly because what you are seeing also is that for us, the changes in deposits have actually not done very much in terms of the change of LCR because we very much know what type of deposits are going to be sticky versus not sticky. And so, we calculate as such. And of course, you've seen us very consistently being at those high levels and we don't have an intention to drop sharply regardless of the dialogue that could happen around the LCR calculations.",20,True,False,10,False
UBS,2023-Q1,earnings,2023-04-25,22,qa,analyst,Andrew Coombs,Citi,10,Thank you.,21,True,True,11,True
UBS,2023-Q1,earnings,2023-04-25,23,qa,analyst,Adam Terelak,Mediobanca,1003,"Morning. I've got two. One is a bit of a follow up on LCR and on your long-term funding strategy. Clearly, LCR standalone is pretty strong. If you look at the business you're acquiring, then it's really propped up by a big SNB liquidity line and that deposits are very, very low. Loans to deposit is 157%. So, I was just wondering how you're thinking about your long-term funding strategy through the acquisition and how you might deal with kind of the flight of deposits that they have seen and how you can integrate that into your liquidity model going forward. And then second on a slightly different topic. In GWM, you've got flat costs on lower revenues, and a favorable revenue mix with NII up and fees down. Normally, that is a good mix for your cost base. Could you just discuss a little bit more what's going on in there, what sort of inflation you're seeing, whether there is an increased competition for relationship managers, and whether that's changing given the new environment? Thank you.",22,True,True,12,False
UBS,2023-Q1,earnings,2023-04-25,24,qa,management,Sarah Youngwood,,1038,"So on the LCR and more generally the funding plan, as we integrate CS today they are user of the SNB facilities. It will be our intention certainly to manage that down as quickly as possible, but recognizing the gap that you're pointing out. And we will indicate that as soon as ready. In terms of the GWM story, what you're seeing is, as noted, a very strong NII performance. In asset based, it is the combination of the markets levels as well as a little bit of the margin compression that has happened over the year, which is just a mix topic that we have discussed. And then in terms of the transaction activity, not yet very elevated, just based on the level of uncertainty that our clients are dealing with. And then what you have seen, though, is on the expense side that we have good rigor where the expense ex-FX and litigation is flat. And so you are offsetting those inflationary pressures by the good rigor that we are seeing and this is while continuing to be on the offense in terms of our FA recruitment and organic growth.",23,True,False,12,False
UBS,2023-Q1,earnings,2023-04-25,25,qa,analyst,Adam Terelak,Mediobanca,78,"Okay. So the inflationary pressure, that sounds quite high to be managed down.",24,True,True,13,False
UBS,2023-Q1,earnings,2023-04-25,26,qa,management,Sarah Youngwood,,290,"That's right it's being managed by the offset. And we've done some actions which I've mentioned which in total are helping us more on the forward quarter than in the current quarter and also affecting the quarter and are still included in our cost being flat. So, really a good performance.",25,True,False,13,False
UBS,2023-Q1,earnings,2023-04-25,27,qa,analyst,Adam Terelak,Mediobanca,10,Thank you.,26,True,True,14,True
UBS,2023-Q1,earnings,2023-04-25,28,qa,analyst,Jeremy Sigee,BNP Paribas Exane,811,"Morning. Thank you and welcome back to Sergio from me as well. I just want to pick up on a couple of topics that you've touched on already. Firstly, you talked about the Swiss banks combined market share. I wanted to clarify, is your plan to fully integrate the two networks under a single brand, single product range, single network, back office, head office? And then secondly, you also touched on the risk shelter. If I read the documents, it seems narrowly defined so that it won't cover things like litigation, restructuring, or indeed the operating costs of noncore, only asset disposal losses. So, it seems relatively unlikely to be drawn. So, I just wanted to ask, is it your base case that you will draw on that risk shelter or that you also agree it's unlikely that you will draw on that risk shelter.",27,True,True,15,False
UBS,2023-Q1,earnings,2023-04-25,29,qa,management,Sergio P. Ermotti,,2478,"Thank you, Jeremy. Look, you know, the base plan that we announced on day one when we announced the transaction was, of course, the full integration. But we reiterated afterwards, and I said it also before that we are now evaluating what is the best option for the combined businesses going forward. I personally and we believe also that there is no – there is no real issue in terms of oversized presence in Switzerland or market share topics. I mean, for the reason I mentioned before, we may have to balance what is the best things to do from a shareholder standpoint of view with other aspects. We will take, in serious consideration, what is the best interest of clients? What is the best interest of employees and overall for society? Having said that, what we need to do is also to make those decisions based on facts and not emotions. Right now, the discussion is totally based on emotions. In many cases, totally uninformed. And we need ourselves to understand better those issues before we come to a conclusion. And it's very important not to jump into any conclusion. Whatever we do has to be sustainable and viable. And therefore, it takes a little bit of time, but it won't take forever. We know that both employees, clients and, in general, you as well, you want to have and we want to have as quickly as possible clarity on what to do. So be patient and in the next few months we will create more clarity on the matter. In terms of risks, of course, you're right. I mean, first of all, we have to realize that any losses that are coming outside the non-core units are part – will be absorbed by UBS. So, the only item that is subject to the guarantee is the non-core unit and the first 5 billion of losses coming from that unit is on UBS. So, we have almost by default an interest to be prudent in the way we mark this position, and sustainable in the way we look at how we disposed those positions. But at the same time, we are also the ones, you know, that want to preserve value for our shareholders. So, we will avoid – we will try to avoid at any cost having to tap into the guarantees. But at this stage, it's premature to discuss if we have to do it, when we have to do it. This is also a matter that needs to be closed as quickly as possible in terms of creating clarity. So, the next couple of months there will also be very important for us to fully understand the exposures and I'm convinced that this can be done in the timeframe that I just outlined.",28,True,False,15,False
UBS,2023-Q1,earnings,2023-04-25,30,qa,analyst,Jeremy Sigee,BNP Paribas Exane,27,"Great, thank you very much.",29,True,True,16,True
UBS,2023-Q1,earnings,2023-04-25,31,qa,analyst,Anke Reingen,RBC,440,"Yeah. Thank you very much for taking my question. The first is just about the mechanics as you pay with the treasury shares if there's a difference versus, yeah, new share issuance just, yeah, conceptually and in terms of the impact. And then secondly, just a different question on your commercial real estate exposure. Can you give us a bit more detail on the regional mix, potentially maturity profile, LTV and so on? Thank you very much.",30,True,True,17,False
UBS,2023-Q1,earnings,2023-04-25,32,qa,management,Sarah Youngwood,,632,"So on the treasury share, what happened is we actually repurchased some of the shares and they are available. They could have been cancelled and what we're doing is we are using them for the purpose of this acquisition. So, we are not issuing any new shares. And so in terms of commercial real estate, we have a very conservative portfolio that is – that has exposure to Switzerland in particular. But – and all of that is according to what you see from us, it was the high collateralization that you would expect. And when we give you all of our levels of reserves, we certainly reflect on the very high quality of those portfolio.",31,True,False,17,False
UBS,2023-Q1,earnings,2023-04-25,33,qa,analyst,Anke Reingen,RBC,16,Okay. Thank you.,32,True,True,18,True
UBS,2023-Q1,earnings,2023-04-25,34,qa,analyst,Amit Goel,Barclays,805,"Hi. Thank you and welcome back, Sergio, too from me. So, two questions. The first, again, just on the transaction and the announcement on – on day one, I just wanted to check in terms of the cost savings and the timeline for EPS accretion whether or not your conviction levels have changed based on the information that you have had or seen since then. And then secondly, I was a bit surprised by the amount of, I guess, deposit outflow on a reported basis for GWM in the quarter. Do you mind just going through that just going through that in a bit more detail? You know, because obviously that's net of the inflows that we're seeing towards the end of the quarter. So, I appreciate there was a bit of a shift in mix and so forth. But if you could give a bit more color, that would be helpful. Thank you.",33,True,True,19,False
UBS,2023-Q1,earnings,2023-04-25,35,qa,management,Sarah Youngwood,,1577,"Sure. So, in terms of the cost savings and EPS, the assumptions that we gave you stand. And what is important is for the EPS accretion to remember that we gave you what were the reported numbers. So, we are not excluding non-core, we're not excluding restructuring charge. And given that we're dealing with non-core assets that could have a timeline, it could be that some of that comes over time, which is why we gave ourselves until 2027. Certainly the core EPS question in our models was faster than that. And then in terms of the deposit outflows for GWM, it is really very much the client repositioning that you are seeing at the beginning of the year. And so, people came in and even with our advisors actually really looked at their portfolios and especially in the U.S., and you've seen that phenomenon, as I mentioned, our deposit sequential decrease is exactly the same one as the Fed data. And as a result of people really looking at the difference in particular between what you can have on an after tax basis, between the Treasury bonds or money markets versus any savings products. So, our products are very attractive, but nevertheless, the Treasury bonds and money markets end up being more attractive. And therefore there have been mix shifts that are very, very logical for that type of clientele. And it is absolutely the right advice for clients that is really the majority of the driver and then it's offset by the inflows that we have gotten since we were a port in the storm during the period of March after things became a bit more difficult for others.",34,True,False,19,False
UBS,2023-Q1,earnings,2023-04-25,36,qa,analyst,Amit Goel,Barclays,193,"Okay. Thanks. And just on the cost savings, is that kind of, I guess, conditional on what the outcome is for the Swiss business? And is the conviction still there on the greater than 8 billion?",35,True,True,20,False
UBS,2023-Q1,earnings,2023-04-25,37,qa,management,Sarah Youngwood,,168,"So, the 8 billion-dollars-plus was done based on the base case and, of course, anything beyond that would be done in the context of what Sergio said and value creation.",36,True,False,20,False
UBS,2023-Q1,earnings,2023-04-25,38,qa,analyst,Amit Goel,Barclays,16,Okay. Thank you.,37,True,True,21,True
UBS,2023-Q1,earnings,2023-04-25,39,qa,analyst,Benjamin Goy,Deutsche Bank,760,"Yes. Hi. Good morning. Two questions, please. The first is you reiterated the 25% of the new group going forward with the investment bank, but if I combined UBS and Credit Suisse as of Q1, I am already at that number before fully transferring the current products and so on? So, does it mean you're already happy with the perimeter of the group and potentially happy to diversify your fixed income business via their credit sales and trading? Or is this number ultimately going lower towards maybe 20% or whatever the number is? And then, secondly, wondering about global wealth management. Do you re-underwrite the Credit Suisse client from a risk perspective? i.e., is there a new onboarding process or do they just join as of…the deal completing? Thank you.",38,True,True,22,False
UBS,2023-Q1,earnings,2023-04-25,40,qa,management,Sergio P. Ermotti,,1587,"Well, on the 25%, I mean, it depends how you make the calculation. But you know directionally, what we are saying is that the 25% on a normalized basis will be the maximum. And from there onwards, we will look into what fits into our risk profile. There are many, many areas where Credit Suisse will bring new capabilities that are good and enhancing our franchise in the investment bank. So we are not concerned about those activities. And as you know, there is also some kind of correlation with risk-weighted assets being a function of market movements and volatility. So we can't really right now point out a normalized number that we are happy with other than saying 25% will be the maximum and no matter what. So that's a good starting point. I think that if you look at the combined organization, we will reduce the weighting of…, going forward. And most importantly, we have a more diversified business. So this is also one of these items where we need a little bit of more digging into the business and what is going to stay with us and what is not going to be part of our offering. The onboarding will be done in a pragmatic way. Unless we have red flags, we will onboard clients. And we want to make the journey and the experience of clients as smooth as possible. But of course, the operating model in principle is the one of UBS. So then, as we then on board clients, we will then look at the suitability and making sure that they fit into our standards. I don't expect major differences, but here and there, we may have different views on certain client segments or people.",39,True,False,22,False
UBS,2023-Q1,earnings,2023-04-25,41,qa,analyst,Benjamin Goy,Deutsche Bank,22,Understood. Thank you.,40,True,True,23,True
UBS,2023-Q1,earnings,2023-04-25,42,qa,analyst,Tom Hallett,KBW,1019,"Good morning, everyone. So, just a couple for me. So, I mean first of all, how concerned are you around the revenue attrition already taking place at Credit Suisse? You know I guess where I'm coming from is based on the current revenue trajectory, the 8 billion of cost reductions might not actually be enough. So, could we be in a situation where a deeper restructuring is required. And then maybe secondly, around buybacks. I mean, part of the issue there is people are trying to time it and obviously, work out the capital and so forth. I suppose that you got one side, you got the government guarantees and then on the other, you've got a very politically sensitive situation. And I suppose regardless of your capital position, is it fair to assume that buybacks are very much kind of at the back of mind for now and we're talking 18 plus months away before you can even consider that between the link between obviously your strong capital position – expected capital position and the government guarantees. Thanks.",41,True,True,24,False
UBS,2023-Q1,earnings,2023-04-25,43,qa,management,Sergio P. Ermotti,,1785,"Thank you, Tom. Now, look, of course, the revenue attrition is a function of what happened in the last couple of months. And also, if you look at the – the profitability is highly impacted by the cost of funding they had experienced in the last few months. I think that once things are together and normalized, we will also create some tailwinds in respect of lower cost of funding and an ability to re-attract clients. I'm convinced that a lot of the clients will see the value added of the combined businesses and some of those flows will revert. So, of course, we are at the same time, not complacent. So, if we see that this is not enough, we will need to take actions. And, of course, we want to, at the very least, bring back the profitability ambitions that we had as a UBS standalone with one of the combined entities. So, cost – focus on efficiency on costs and capital returns and value creation is part of the equation, and we will do the necessary steps to do that. Look, in terms of buyback, it's way too premature to talk about it. You know, assuming that it takes 18 months for clarity, it's a guess that I – you know, I fully understand your point, but believe me, we don't know yet ourselves. So – but we will give you clarity as soon as we have clarity on this matter. We need to be sensitive to many aspects. But I'm also convinced that it won't take quarters or years to create that clarity. So, the trajectory of freeing up resources, of creating clarity around the guarantees, creating clarity around the business model and our capacity to combine, you know, a dividend policy that sees a constant improvement in the cash we pay out combined with share buyback is an important element of our equity story, and we will be very focused on that in our communication.",42,True,False,24,False
UBS,2023-Q1,earnings,2023-04-25,44,qa,analyst,Tom Hallett,KBW,22,"Great. Thanks, Sergio.",43,True,True,25,True
UBS,2023-Q1,earnings,2023-04-25,45,qa,analyst,Nicolas Payen,Kepler Cheuvreux,457,"Yes. Good morning. Thanks for taking my question. I have two. The first one is for you, Sergio. I would like to know if you had noticed anything which was radically different at UBS and its processes, organization, or anything between your departure in 2020 and today? And the second question is regarding Americas and GWM. There was quite a significant drop in advisors, and I would like to know if there was any underlying reason for this drop. Thank you.",44,True,True,26,False
UBS,2023-Q1,earnings,2023-04-25,46,qa,management,Sergio P. Ermotti,,935,"Thank you, Nicolas. No. To be honest, it felt [like] I never left. So I think that you don't see any meaningful change. Of course, some things, like is normal, they should change. They should have changed. Not everything I left was perfect, so things needed to be addressed. And other things are very personal and then very – a question of style. But, I mean, the strength of the franchise was only reinforced over the last two years and this is the reason why we were able to be part of the solution over the weekend, so – which is a huge achievement for UBS. Even if – when you go back into where we were during the financial crisis, in my point of view, this was the ultimate payback to Switzerland. The fact that UBS was part of the solution was the ultimate payback on what the government had to do. And we were always very thankful for that. And so, in that sense, nothing has changed, if anything has been reinforced. And Sarah?",45,True,False,26,False
UBS,2023-Q1,earnings,2023-04-25,47,qa,management,Sarah Youngwood,,444,"On GWM, you actually have a technicality, which is that we put in our FA’s at both the very high end of FA’s, but also the people that are in that client advice center, and so it came really mostly from the client advice center. And so really focusing on the flows and the productivity of the FA’s is where we are and we are not seeing an issue here. In fact, you have seen the very good flows that we have experienced in the U.S. this quarter.",46,True,False,26,False
UBS,2023-Q1,earnings,2023-04-25,48,qa,analyst,Nicolas Payen,Kepler Cheuvreux,10,Thank you.,47,True,True,27,True
UBS,2023-Q1,earnings,2023-04-25,49,qa,analyst,Andrew Lim,Société Générale,888,"Hi. Good morning. And welcome back, Sergio, from me as well. So, my first question is on NII. Appreciate the more integrated disclosure on the beta and the migration. I was wondering if you could talk more specifically about how that plays out on a geographical basis. Is that the greater pressure on the beta migration mainly from the U.S. side or are we seeing any changes in Europe and Asia as well? And maybe you can give some color on how your NII should pan out based on forward curves into 2024. And then my next question is on the IB. Appreciate you've yet to outline the perimeter of what mean – of what goes into non-core. But at the same time, you've been very specific about your IB DNA for the past few years now. And so, there's a question mark over the lev fin business which CS lumps with IBD. I guess the question is how do you see that business within your IB structure?",48,True,True,28,False
UBS,2023-Q1,earnings,2023-04-25,50,qa,management,Sergio P. Ermotti,,1142,"Okay. Thank you, Andrew. I'll take the second question. I think that, yes, the DNA won't change what we do is part of the equation and having a diversified portfolio of businesses does include also having leverage finance. Of course, we are – we will stay very focused on how we are present in that business. We want to be meaningful to our clients, but also to be mindful that you know, this cannot be the driver of the profitability of the investment bank with all associated, you know, volatility and risks. So, you can count on us, or our clients can count on us being a relevant player, but definitely, we are not – our ambition is not to be at the top of the league just for – and to make it a central part of our model. So, expect at the margins a little bit more, but in a very, very focused way. And we will also look at ways to be creative around that business, because there are opportunities for us to also partner with other institutions on how to manage, you know residual risk. So, our ability has to be to be the bridge in the investment bank between different sources of capital and not necessarily originate and store risks.",49,True,False,28,False
UBS,2023-Q1,earnings,2023-04-25,51,qa,management,Sarah Youngwood,,1468,"In terms of the NII, so, looking at it by region and really by currency is how we think about it. What you have, first of all, as a broad statement is that for each product category in each region and the realized beta at or below the modelled beta. But then what you have is you have mix shifts within the deposit products which are yielding those higher overall, on basically repricing. And what we are seeing is then based on where we are in the cycle. So in the U.S., where those very high rates where we are at very high incremental betas. And that's continuing with the mix shift that I've discussed in the best interest of the clients. And then you have in Europe, we went from being really at fairly low levels to – now moving into a place where there is price sensitivity, especially for GWM clients. So, you have seen an increase, which is totally planned, but a little bit of mix shift also there, but a bit less on the mix shift there. And then on – in Switzerland, you've got a mix where you've got the P&C, especially in Personal Banking where you still have a very low level of rates in all of Switzerland. And we have put in place appropriate levels of pricing actions, but yet have – or are still in that place in the cycle where you are seeing less of a shift or repricing just based on where the currencies are. So, going into the next year, you're continuing to go higher for all of the currencies and 2024, really, it will depend on the rate path.",50,True,False,28,False
UBS,2023-Q1,earnings,2023-04-25,52,qa,management,Sergio P. Ermotti,,1121,"Okay. Looks like there are no more questions. Thank you for being with us this morning. As I said, despite the very uncertain market conditions, we delivered solid underlying results for the quarter. We have been maintaining our capital and liquidity positions, and we were also able to get very close to resolve a legacy matter that has been with us for 15 years. We discussed also the unique opportunity that the acquisition of Credit Suisse presents not only for our shareholders, but I believe also for all the rest of our stakeholders, employees, clients, society at large. And of course, this is not going to be a straight line journey. You know, it's going to be a challenging one, is a complex one. But I do believe that, you know, the benefits outweigh by far, all those factors. So, I know that you are looking for more details. We are also you are looking for more details. And we will really do our best to keep the communication channels open over the next few weeks and months so that we can provide the necessary information to have a better understanding of this great equity story ahead of us. Thank you.",51,True,False,28,False
UBS,2023-Q2,earnings,2023-08-31,4,qa,analyst,Jeremy Sigee,BNP Paribas Exane,875,"Good morning. Thank you very much for all the information. There's a lot to get through and a lot of questions. I'll just ask two things. One is, could you talk about the Swiss integration, which obviously takes time and I think you said it's going to legally close in 2024 and then physically integrate in 2025. I just wondered, you know, what determines that timeframe and how you manage? How you intend to keep the businesses stable whilst they're in that slight sort of limbo period. So that's my first question. And the second question is about sort of capital stack. The 14% CET1 target I imagine it implies that you're going to reissue AT1 and rebuild the AT1 part of your capital stack. And I saw a headline the other day that you might even do that this autumn. I just wondered if you could comment on that aspect, your intentions in terms of issuing AT1. Thank you.",3,True,True,1,False
UBS,2023-Q2,earnings,2023-08-31,5,qa,management,Sergio P. Ermotti,,1905,"Thank you, Jeremy. So, well, first of all, on the integration, of course, you know, now that we go through, as I mentioned, it's very important to understand the sequence of how we're going to go through the merger of the different legal entities. You know, we, as I mentioned before, our intention is to merge the two parent company, UBS AG and Credit Suisse AG. And as a follow-through different entities underneath will go through the same process. So, we need to optimize the timing from different aspects. And last but not least, also one of regulatory approvals. So, we are starting now the process to do that in terms of the Swiss business. You know, the way we will manage that is by, as I mentioned, first of all, assuring that all people employed in the Swiss businesses at UBS and Credit Suisse will not be subject to any redundancies until the end of 2024. So, what's the most important message is to clients, that nothing changes for them and our view is to make it very smooth for clients to go through the transition. And so once we go through this kind of legal process and regulatory process of merging the two entities, at the same time, we are also tackling the IT migration, the operational migration. And this is something that will only be completed early on in 2025. So, what we, the message here is a balance between showing the way forward to our people, to clients, but without rush and in a stable manner. So that people you, our clients continue to be served in the way they expect to be served. In terms of the CET1 target, well, of course, AT1 continues to be an important element of our capital stack and strategy. I will not comment on speculations. We are watching the market carefully, we will assess the timing and the need of tapping the markets when appropriate. But, yes of course we are looking at the AT1 markets and we will make our consideration when appropriate.",4,True,False,1,False
UBS,2023-Q2,earnings,2023-08-31,6,qa,analyst,Alastair Ryan,Bank of America,854,"Yes. Thank you. It's Alastair, BofA. Sergio, good morning. Great to have clarity on the strategy and obviously the market is delighted as you are that the flows have come back. Just then on operating costs. Very clear ambitions and it looks like you're bringing forward a little 2027 to 2026 when you've landed everything. But just given the size of the operating costs in the old Credit Suisse investment bank and non-core, can you give us any sense about how quickly you can go there? So the quite a large restructuring charge, integration charge in the second half, but does that cost number move out quickly so that you normalize profitability or is there still quite a long, long tail to the cost in that part of the business? It's just, you know, IB classic, the revenues have gone, the costs are still lingering and how quickly they go? Thank you.",5,True,True,2,False
UBS,2023-Q2,earnings,2023-08-31,7,qa,management,Todd Tuckner,,1621,"Hi, Alastair. Yeah. In terms of the speed at which we expect to take out cost. As Sergio and I said, we've been operating at pace in terms of the cost takeout which is among our top priorities. In terms of in particular restructuring the parts of Credit Suisse that need immediate attention and restructuring. And so you see how we're making very strong progress out of the gate in terms of the cost takeout through the second half of 2023 and the cost to achieve those cost takeout as well. We've obviously modeled to get to the targets that – or the landing zones that we described earlier in terms of returns and the cost-to-income ratio at the end of 2026. But as you say, the costs do have a long tail in some cases, and that's because of the complexity of the operation that we have to unpack. Because you have significant infrastructure and technology; you have a very large array of legal entities, over a thousand legal entities, that have to be addressed. And just back one proof point on the software components, there are 3,000 applications and the work that our team has done suggests that we will only integrate 300 into UBS. That takes time. And so, yes, there is a long tail, but you can count on us to operate quickly. The last thing I would say is in terms of clarity on a sense of as those things hit through, because we give a degree of clarity through the second half of the year and we give sort of that landing zone, we will come back with further clarity once we do the business planning process in the second half of the year. ,And that will be with our fourth quarter earnings in early February.",6,True,False,2,False
UBS,2023-Q2,earnings,2023-08-31,8,qa,management,Sergio P. Ermotti,,793,"And I would probably complement Todd’s observation. Because, it is very important that de facto the vast majority of the assets are in non-core and legacy are supported by the Credit Suisse IB platform. So, as we progress in winding down the, call it, core day-to-day operation from the front office stand point of view. Whatever is left is going to be legacy infrastructure, IB infrastructure, that is only there for non-core. And so you can see out then this will be a very important element in determining how quickly we get rid of non-core assets. Because as a consequence of that, we accelerate the winding down of this operation. But I think that's exactly what we are working on and we will give you more detail early on next year when we present our Q4 results and our three year plan.",7,True,False,2,False
UBS,2023-Q2,earnings,2023-08-31,9,qa,analyst,Chris Hallam,Goldman Sachs,779,"Good morning, everybody. And thanks for taking my questions. Just two for me. First, in Wealth Management, you've talked about now essentially being at scale in every growth market globally. But in tangible terms, what does that enhanced scale enable you to do that perhaps you weren't able to do previously? And have you seen any proactive response from competitors in reaction to that enhanced scale? That's my first question. And then second, looking at the banking business in Switzerland. Now the dust has settled, does all the volatility we saw earlier in the year changed at all how you think strategically about running the combined Swiss bank be it in terms of capital, funding, liquidity, etc.? I guess just sort of simply has your risk appetite changed in Switzerland?",8,True,True,3,False
UBS,2023-Q2,earnings,2023-08-31,10,qa,management,Sergio P. Ermotti,,2504,"Thank you. So, , look, in terms of scale, of course, there is an economy of scale. So, being able to leverage UBS's IT platform as we onboard all the assets. It's a huge advantage because we have, call it, marginal costs effects. But also when you look at the geographic footprint of the two operations, they are extremely complementary in some areas by relationships, but also in geographical terms, i.e. for example, in Brazil, right. So, we had a we had a lot of operation, Credit Suisse is much stronger, we now create a very important player. In Asia we've really reinforced our position and both in North Asia and Southeast Asia. I think that in Switzerland its quite clear, And also across Europe where there are different markets where you know ideally it's a very fragmented market in general, wealth management, particularly in Europe. So there, we create economies of scales and things that we would have not been able to fund from our organic standpoint of view. So, it's very important. As I mentioned before also Credit Suisse across the board, in asset management, in wealth management brings capabilities and excellent products that can be then leveraged into our, into the UBS client franchise. And we've seen the competitors. I mean the reaction of competitors, of course, they started to take advantage of the fragile situation of Credit Suisse already during 2022, late 2022, of course, at the beginning of the year. And it's a pretty normal situation so. Now having said that, I think that as you saw from the flows, clients are now comfortable and they understand the value added of the franchise, we are able to retain and actually re-attract back clients. So, now it's our turn to be proactive and we will not spare any effort to regain back any lost assets. So, in terms of the Swiss has anything, is anything changing? I mean, it's very important to reiterate that nothing changes in the way we run our Swiss businesses until they are fully integrated, right? So, from a client point of view, and in service, and in risk, and capital allocation, nothing changes. And even after we merged, our commitment, as I said in my remarks, is that we will continue to sustain the combined lending book. Of course, there are exceptional risky situations, but our principle is very clear. One and one makes two. We want to keep our market share in Switzerland. Switzerland is strategic, absolutely strategic for the Group, and we will not want to lose any of the market share we have today.",9,True,False,3,False
UBS,2023-Q2,earnings,2023-08-31,11,qa,analyst,Kian Abouhossein,JPMorgan,693,"Yeah, good morning, Sergio and Todd. Thanks for taking my questions. First question is on risk weighted assets. You have around USD 557 billion, USD 145 billion operational risk weighted assets. And I'm just wondering how we should think about the exit run rates in 2026 in terms of total risk weighted assets as well as in terms of operational risk weighted assets if I may. And then the second question is related to the non- core. Could you talk a little bit about the P&L effects of the non-core ex any more active write-downs or sales, so to say, leading to potential write-downs? I'm just trying to understand the P&L in terms of run rate of the noncore legacy bank, if I may. Thank you.",10,True,True,4,False
UBS,2023-Q2,earnings,2023-08-31,12,qa,management,Todd Tuckner,,2121,"Hi Kian. In terms of the op risk RWA, we will come back next quarter after doing a fair bit of additional modeling in terms of the op risk RWA of the combined bank. We've started to have initial views on that and initial discussions with our regulators and that informed the 10 billion reduction that I spoke about in my comments. And then, in terms of the trajectory and how we think about the 5.57 towards 2026, you'll have more color on that after we complete the business planning process and our 3 YSP and come back early next year as mentioned. In terms of, you asked about the P&L and the run rate in non-core. So, what I would say on that is. So first off, the thing that's most important is to take costs out and to focus very significantly on the cost takeout because there's a significant level of overhead and costs that aren't associated with the wind down of the portfolio. So, the way to think about it is that we have emphasized so far today that we have to take costs out and effectively, the costs that sit in parts of Credit Suisse that don't work. And so, those costs, whether they be personnel costs or whether they be technology costs or real estate costs, they move into non-core and legacy if they don't support the core businesses and they have to be run down extremely quickly. And so, I would say, first and foremost, it's a cost. The way to think about it is the cost rundown over the integration timeline. Then there's the asset rundown and we talked about the trajectory from a natural rundown perspective. And of course as Sergio mentioned that there will be strategically and actively looking at that. And of course from that perspective, we have taken some PPA adjustments in excess of USD 5 billion relating to non-core and legacy. I think that's a useful way to think about it too, the fact that some of that pulls to par and some of that will be fair value positions. And we will manage that book in the most capital efficient way that we can and dispose of positions as appropriate. And also keeping just considering funding costs and the costs of operations, technology, people, etc.",11,True,False,4,False
UBS,2023-Q2,earnings,2023-08-31,13,qa,analyst,Kian Abouhossein,JPMorgan,398,"Okay. Thank you. If I may just very briefly on the risk weighted assets, if I – to take a very simplistic view and I just assume. I know the runoff, I can make some assumptions about Basel IV then op risk which is clearly very difficult to predict if I want to be conservative. One could assume that ultimately the risk weighted assets conservatively could not grow if at all to materially decline?",12,True,True,5,False
UBS,2023-Q2,earnings,2023-08-31,14,qa,management,Sergio P. Ermotti,,1042,"Kian, its, you know, we can't really comment right now. We are modeling. We are really going through the details of the plan. We need to really also go through the exercise. I'm sure you appreciate when we put together legal entities, the optimization of all that, it's a fairly complex operation. So, I wouldn't go into a territory of projecting risk-weighted assets going forward because: one, there are two elements – well, three elements. The starting point is a good starting point. We know that we can make some adjustments in the next three to four months. Op risk was one of these subjects. But then you need to go through, first of all, what are the efficiencies we take out as we run down assets. Yes. What are the efficiency on optimizing legal entity operations? And then what is the growth? Because remember, we are going to grow, as well. And we have to attach also that prospect into the equation. I wouldn't go into too much of a risk-weighted assets projection until you see what we tell you in Q3 and Q4, for the Q4 results.",13,True,False,5,False
UBS,2023-Q2,earnings,2023-08-31,15,qa,analyst,Flora Bocahut,Jefferies,904,"Yes. Good morning. Thank you for taking my questions. I'd like to go back actually to some of the elements you have discussed on this call already, especially the NCL. Maybe trying to help us understand how much of the ROCET1 improvement towards 2026 is going to be driven by this unit, considering our move to natural runoff here, you know, trying to help us assess already at this stage what – how loss-making it is today and how loss- making it would end up being in 2026, only considering the natural runoff. And then the other question I wanted to raise is on the cost save. Just to make sure I understand correctly. So you basically have already a target of 3 billion cost saves on an annualized run rate at the end of this year. But this is compared to the end of 2022, I think. So, how much of the annualized 3 billion do you kind of already have, you know, in the 2Q accounts, please? Thank you.",14,True,True,6,False
UBS,2023-Q2,earnings,2023-08-31,16,qa,management,Todd Tuckner,,1731,"Thanks, Flora. So, in terms of, I'll take, maybe address the second point first. In terms of the cost saves in the – in terms of what we're projecting by the end of the year at 3 billion. In terms of what we see already in the second quarter, we haven't disclosed that specific number. But I think from just the head count reductions that I mentioned in my remarks, you could probably consider that there's somewhere more than, around half has already started to hit through, and what we're already seeing in our underlying results. In terms of our CET1 and how to think about NCL as we go through the process. For sure, NCL is, you know, is going to be something that weighs down on our CET1 naturally Just given the fact that, you know, we have significant, at least over the 2024 to 2026 period. If you just look at the natural profile rundown, which is effectively basis for how we started thinking about the RoCET,1 not the only way we started to model it, but, for sure, one of the ways that we were thinking about it. There's a drag by definition in the sense that, by the end of 2026, you could see in the slide the natural profile has roughly half going away. Now, we can model different scenarios as can you, but we're not going to discuss how we're thinking about it and obviously, some of that is still very much unknown. In terms of the cost takeout, we would expect to be taking out the lion's share of the costs in non-core and legacy by the time the integration is materially complete, by definition. We will do that. There’ll be, we expect some residual carry that we'll have to take on or continue to run down beyond 2026. So, there is some, if you will, negative burn that is associated with NCL in our modeling.",15,True,False,6,False
UBS,2023-Q2,earnings,2023-08-31,17,qa,analyst,Stefan Stalmann,Autonomous Research,790,"Good morning and thank you very much for the presentation. I have two numbers questions, please. So, the first one is on capitalized software. You have taken these roughly 1.8 billion of software impairments in the PPA. Can you give us a rough sense of how much of a remaining amount of capitalized software remains in your group accounts that relates to CS? And is there a risk of further impairments given that you want to retain only about 10% of these systems? And the second question relates to your capital requirements. So, you show still at 10.6% CET1 over risk- weighted assets. If we were to apply the current capital metrics that is outlined in Swiss banking law, what would be the capital requirement if there was no FINMA transitional forbearance, please ? Thank you very much.",16,True,True,7,False
UBS,2023-Q2,earnings,2023-08-31,18,qa,management,Todd Tuckner,,965,"Okay. Thanks, Stefan. In terms of the capitalized software, as you say, 1.8 billion was the amount that was in the Credit Suisse AG reported number today. I think in the PPA number overall in total, there was slightly more about2 billion. You can look at the CS, you know, balance sheet from year end or Q1, Q2, or sorry, Q1 or year end and see, there was capitalized software in the neighborhood of 3 billion. So effectively what we have done is taken two-thirds down and have one-third left on a shorter economic useful life that aligns with how we think about: a), the time it's going to take us to fully decommission everything and b), leaving what we think we still get value from at the end. So, all that has been sort of factored into the PPA. So, I don't see necessarily further impairments, but because we now have just what's left, about a 1 billion that will have a shorter economic useful life, that aligns to how we're thinking about the restructuring.",17,True,False,7,False
UBS,2023-Q2,earnings,2023-08-31,19,qa,management,Sergio P. Ermotti,,697,"Stefan on CET1, I think when you look at the fully implemented regime in Switzerland which is not applicable to us until 2027, it would be around 12.5%. 12-point-plus and that's you know the reason why we raised our CET1 ratio was both to reflect, you know, a buffer there to accommodate for the restructuring, but also is a clear, call it small, front running of what we expect to come. As a consequence of that, and our, and the finalization of Basel III, which is partially already in our books. So, you can count on this number to be calibrated with a pretty medium term, medium to long-term expectation of the current interpretation of all regulatory regimes worldwide, including Switzerland.",18,True,False,7,False
UBS,2023-Q2,earnings,2023-08-31,20,qa,analyst,Anke Reingen,RBC,903,"Thank you very much for taking my questions. The first is on revenue cost synergies. I mean, you had a comment and especially if you think you can keep this with market share unchanged. Is it something you really think maybe people get overly concerned and you don't see quite that risk of a revenue dissynergies even if you potentially have to contract some of this at bit more attractive rates or incentivizing your advisors? And then secondly, on slide 16 where you show us the return path and there's this block about the funding cost efficiencies. And that's something you – I guess apart from the drop out of the higher expense funding at Credit Suisse, is there other areas where you see the material benefits from lowering funding costs and overall group benefits because this block is the same size as the cost base rightsizing? Obviously can maybe elaborate a bit more on that area. Thank you.",19,True,True,8,False
UBS,2023-Q2,earnings,2023-08-31,21,qa,management,Sergio P. Ermotti,,835,"Let me take the first question. First of all, I haven't said that we will keep our market share. I said that our ambition is to keep the market share. Now, having said that, Credit Suisse lost their market share and business in the last 12 months or so. So, what we count on is the fact that, you know, we will be able to recapture and regain some of the market share and what you saw lately in the last couple of months is a good sign of that. But, of course, we are not, we are realistic and we are also factoring in that we may lose market shares because some clients may or may not feel, you know, that they want a certain concentration of risk. So, you know, there is no danger of us budgeting or planning blue-sky scenarios on that one. We are realistic, but that should not be confused with our desire to keep as much as we can.",20,True,False,8,False
UBS,2023-Q2,earnings,2023-08-31,22,qa,management,Todd Tuckner,,619,"Anke, on the second, –the second question in terms of material benefits, we see you obviously highlighted the most significant one, which will be just the take out of the significant cost that we were wearing in connection with the PLB and the ELA+ facilities. But, I would say, and, as I've remarked earlier, that we expect the positive contribution from the Credit Suisse wealth management franchise in our NII in 3Q and that comes principally from having stabilized the business and net new deposits that are also helping on NII. So, I would say that's another factor that is helping on the underlying profitability.",21,True,False,8,False
UBS,2023-Q2,earnings,2023-08-31,23,qa,analyst,Benjamin Goy,Deutsche Bank,573,"Yes. Hi. Good morning. Two questions from my side. The first, to play devil's advocate, are there more outflows to come or where you kind of already had outflows from clients, but maybe some longer-term structures, partnerships or anything like that take time to see the outflows? And then secondly, for the first time in a while, your CET1 capital is higher than your tangible book value or almost the same. So now, the 15% return on CET1, should that also be broadly similar to RoTE, going forward, or should we expect more moving parts towards 2026? Thank you very much.",22,True,True,9,False
UBS,2023-Q2,earnings,2023-08-31,24,qa,management,Sergio P. Ermotti,,953,"Thank you. Let me take the first questions. I guess, as I mentioned before, now, we are under wealth management broader perimeter. I think that, of course, we may still have client advisors that resigned over the last three or four months or that, as they move into a new organization, they may be able to bring some assets with them. What we see right now is clear that the ability of the people that left a while ago to really move assets is fairly limited. And this is nothing new compared to what UBS went through 10 years ago or more than 10 years ago in recognizing that there is a lot of institutional loyalty of the client base. And now that we have stabilized the franchises, of course, we are even stronger in retaining assets. And as I mentioned before, our desires to re-bring back assets. So, look, the movement, the gross movements are going to be very difficult to predict, but the net outcome we feel pretty comfortable will be positive.",23,True,False,9,False
UBS,2023-Q2,earnings,2023-08-31,25,qa,management,Todd Tuckner,,990,"And Benjamin, in terms of the return on CET1 versus RoTE impact, I'd say there are two factors that do argue in favor of moving in that direction, just not yet but for sure on the first one, the denominator effect we’re bigger and so that's obviously going to make the difference between the historic RoTE versus RoCET1 smaller, by definition. So – and you know that – so that denominator effect is now in play and it is helpful as you suggest probably as well, contributing to what you observe. The other one though which has been our historic delta that really has given us pause to move off of what we think is a more meaningful return measure are DTAs. But there of course, you know, as they amortize down, because these generally although not exclusively but generally relate to you know very old losses that we're you know now you know continuing to just chip away at as that balance comes down, then that's yet another factor that would argue in favor of moving to the other measure.",24,True,False,9,False
UBS,2023-Q2,earnings,2023-08-31,26,qa,management,Sergio P. Ermotti,,194,"Well, by the way, for the foreseeable future and from a the other angle of measuring our capital return flexibility, the CET1 ratio is a better proxy because this is the true binding constraint.",25,True,False,9,False
UBS,2023-Q2,earnings,2023-08-31,27,qa,analyst,Benjamin Goy,Deutsche Bank,38,Fair enough and very clear. Thank you.,26,True,True,10,True
UBS,2023-Q2,earnings,2023-08-31,28,qa,analyst,Amit Goel,Barclays,911,"Hi. Thank you and thanks for a lot of good information. The first question was, I appreciate there's a lot of moving parts. We're going to spend a bit of time trying to update estimates and all that kind of stuff. But in terms of the path for the RoCET1 to get to that kind of 15% 2026 exit rate, are you able to give any color in terms of expectation for 2024, 2025, or how you’d like it to trend? And then secondly, just on the costs. It'll be great to get a bit more color on the saving. So, I'm just kind of curious things like, you know, 10 billion gross, but how much net saving or how much reinvestment of that do you expect to do where you found the incremental 2 billion versus the 8 billion? And also, how you're spending, you know, the 12 billion restructuring? Because it does seem like, you know, quite a big number. So, you know, just wondering if there could be benefits there as well. Thank you.",27,True,True,11,False
UBS,2023-Q2,earnings,2023-08-31,29,qa,management,Todd Tuckner,,1010,"Hey Amit. So, as mentioned in terms of color, further color on the trajectory as to we get end of 2023 to end of 2026, we'll come back on that to provide an update in 3Q as to where we are. But then, you know, a much more fulsome perspective after our business planning processes is complete by the end of the year into early next year. In terms of the cost savings, you know, Sergio also made, remarked in his comments. The gross number is greater than 10 billion as you highlight. But we will be making investments. We're going to grow our business. We're going to invest in technology. We're going to, you know, also deal with inflationary factors if need be. So, you know, that's all in the thinking around it, around half of the gross cost saves relate to effectively restructuring the Credit Suisse IB and CRU units. And the other half gross relates to the synergies we expect to realize, but then that will be – they'll be investments back into the technology and the people to grow the core franchises.",28,True,False,11,False
UBS,2023-Q2,earnings,2023-08-31,30,qa,analyst,Andrew Lim,Société Générale,1071,"Hi. Good morning. Thanks for taking my questions and thanks for all the detail. So, firstly, on the fair value markdowns that you've taken there, related to that, could you give an idea of the maturity remaining on these financial assets and how we should think about the reversal of those markdowns? So, you've highlighted more than 1.5 billion for the second half of this year. Is that the kind of run rate that we should be expecting going forward? And then secondly, on the NCL, perhaps I can ask it a different way. Do you have a better idea now of what the ultimate cumulative losses might be from the NCL? Would they be less than the 5 billion maybe that you might have been exposed to under the LPA agreement? That's my question there. And then thirdly, might I quickly ask, on the domestic side, certainly for some businesses, you will have a significant market share. And I wonder if there's any maybe regulatory risk that that market share might be looked at and you'd be forced to bring it down to a level which is more palatable to the regulators. Thank you.",29,True,True,12,False
UBS,2023-Q2,earnings,2023-08-31,31,qa,management,Sergio P. Ermotti,,2845,"Yeah. Because you asked three questions instead of two, I'll take the last one. On the market share one, as you know, we got regulatory approvals to basically not be subject to any competitive constraints, and that was done just to secure and be able to communicate and to be able to place. Although it was already crystal clear as it is today that there is no market share topics for the combined unit in Switzerland. I mean if you go across the board, cantonal banks are larger on any dimensions of relevant personal and commercial banking business in Switzerland. And when you measure in terms of branches, we are combined the third largest player. So, now this is very relevant but because some people may argue, well, these cantonal banks are combined versus you being one unit. Well, the fact, the truth of the matter is that we compete in those cantons with the local cantonal banks. It's extremely relevant to make that difference. Therefore we will, of course, contribute what the competitive authorities have to say about it and put our views into it. But I don't really expect that on a fact based discussions we will be subject to any limitation or meaningful limitations in respect of our activities going forward. Andrew let me just unpack your first and second, I think they're related. So, on the first, you know as we highlighted earlier, we took around 15 billion of fair value marks on financial assets and liabilities, 12.5 billion where we indicated would pull to par because they relate to accrual accounted positions and another roughly 2.5 billion relate to fair value positions where we had further markdown in light of liquidity model risk other type issues. On the piece that pulls to par, just keep in mind that 4 billion of that 12.5 relates to non-core and legacy. So that's important to know and about 8.5 billion more in our core businesses. On the core business piece, generally speaking, we see three to four years that we should unwind between 70% and 80%. There will be a longer tail especially on some fixed rate loans that will go longer than that. So, we'll see pull-to-par effects that extend beyond the three- to four-year timeframe. But most of it will accrete to income over the shorter timeframe, as I mentioned. To the NCL point though, since we have roughly 4 billion of the pull-to-par in NCL and roughly 2 billion in the fair value marks, so you have 5 to 6 billion of fair value adjustments in NCL. And I think, to go to your second question, that's important to understand just given that we think that the positions are appropriately marked. And from here, we will continue to consider all our optionality in terms of running down the portfolio, as Sergio mentioned earlier, in a most capital and cost efficient way. But we think the positions are being carried at appropriate levels presently.",30,True,False,12,False
UBS,2023-Q2,earnings,2023-08-31,32,qa,analyst,Andrew Lim,Société Générale,44,That's great. That's really helpful. Thanks.,31,True,True,13,True
UBS,2023-Q2,earnings,2023-08-31,33,qa,analyst,Adam Terelak,Mediobanca,926,"Morning. Thank you for the questions. I want to get under the hood a little bit more in Wealth Management. Firstly, on the CS business acquired, clearly there are some business exits to worry about some that you think non-core in the kind of the wealth management unit. Can you give us a sense of what the revenue attached to that might look like. But also any detail on AT1 cost savings that come through the NII in that division as well. And then secondly, the competitive environment. I noticed in your GWM business, UBS standalone costs are up on lower revenues. I just want to know kind of what the cost is to retain management at this point? What are you seeing the competitive landscape on the RM side or the advisors side, but also in your deposit side what sort of campaigns have you been running to re-attract deposits and how easy or difficult has that been in the current rates and deposits environment? Thank you.",32,True,True,14,False
UBS,2023-Q2,earnings,2023-08-31,34,qa,management,Todd Tuckner,,2091,"Thanks, Adam. On the second one, would just say in terms of GWM costs. So, there's very significant positive operating leverage outside of the US, such important to note this is in the GWM – in the UBS subgroup GWM, very significant positive operating leverage. We were investing for growth in that business. But that business as well has been, you know, saw a strong NII performance and had strong PBT growth as I highlighted in my comments earlier. As I also highlighted, it's more on the GWM overall side, just the fact that we've seen a lot of cash sorting and rotation on NII in the Americas and that sort of pulled the Americas revenue down reasonably significantly. So, quarter-on-quarter, year-on-year. And as a result, you know, we see that negative operating leverage, but we're continuing to invest in that business across the board and so some of that as well, contributes to the higher cost. On your deposit campaign question I would say that you know like any bank, we value deposits, we value deposits in the win-back context in wealth management. We also just value deposits to fund our business, loan growth, et cetera, so there's nothing I've seen that I would call out there in terms of deposit betas that have moved in a direction I would consider to be anything other than what we see across peers. In terms of the acquired – you were asking business exits and the revenue attached. At this point, we have in terms of what's being expected to move into non-core and legacy that was highlighted on one of the earlier slides. The revenue attached with that business is less than 100 million on an annualized basis in terms of net revenues, in terms of what's moving across. And that's of course you know not risk-adjusted for – and so that, that needs to be considered. In terms of AT1 cost savings that hit through the business from what had been, say, anything there has really just been captured in the Credit Suisse Corporate Center as an offset potentially to the inflated cost so I would expect that that'll normalize now as you know as the businesses come together.",33,True,False,14,False
UBS,2023-Q2,earnings,2023-08-31,35,qa,analyst,Adam Terelak,Mediobanca,78,"So, funding it seems that is in the corporate center and not in the divisions?",34,True,True,15,False
UBS,2023-Q2,earnings,2023-08-31,36,qa,management,Sergio P. Ermotti,,178,"Can you repeat? It wasn't clear. Sorry. Adam Terela k, Mediobanca So, any funding noise, AT1 versus liquidity facility resourced out in the corporate center rather than in-house?",35,True,False,15,False
UBS,2023-Q2,earnings,2023-08-31,37,qa,management,Todd Tuckner,,84,"Yeah. That was our understanding from Credit Suisse's practice pre-acquisition, yes.",36,True,False,15,False
UBS,2023-Q2,earnings,2023-08-31,38,qa,analyst,Adam Terelak,Mediobanca,16,Okay. Thank you.,37,True,True,16,True
UBS,2023-Q2,earnings,2023-08-31,39,qa,analyst,Andrew Coombs,Citi,1312,"Good morning it’s Andrew Coombs from Citi and thank you for taking my questions. Two if I may. Firstly, I want to turn back to follow up on the PPA pull-to-par bit in relationship to the restructuring charges. You made this comment that, out of the period at end of 2026, I think restructuring charges will be largely but not wholly offset by the PPA pull-to-par effect. And then in your later comments, you talked about probably 0.5 billion of pull-to- par effect, of which 4.5 would be noncore, and that most of that would be recognized in a three- to four-year timeframe. So, can we assume restructuring charges of the magnitude of 12.5? And can you give us a feel for the timing of those relative to the PPA pull-to-par? And then the second question is on slide 29. You provide a useful quarterly trajectory going from minus 0.3 billion in Q2 and you talked about breakeven in Q3. But you also flagged 750 million of savings, 550 million of funding cost savings. There's a 650 million arguably one-off ECL charge on the non-credit impaired CS portfolio data this quarter. So, just trying to understand the going from minus 0.3 billion to 0, even with all those additional benefits Q-on-Q, what's the offset? I guess there'd be some seasonality on revenue, a bit of a decline in NII. But any more color there?",38,True,True,17,False
UBS,2023-Q2,earnings,2023-08-31,40,qa,management,Todd Tuckner,,1310,"So, Andrew, in terms of – I’ll take the second point first – in terms of the story on the underlying profitability, yeah, I mean just be very clear that the cost saves that we expect to see by the end of 2023 of 3 billion, which we think you can price into 2024, some of that has been realized. But as I would – the way I would think about it is there is work that's ongoing and we expect that the greater than 3 billion number is something that we'll see at the end of the year hitting through. I would continue to reemphasize the funding cost point that was in 2Q that will benefit 3Q and fully in 4Q that helps. And then the stabilization as flows and all that will sort of hit through as we go on an underlying basis. And as I said, we expect to break even in the third quarter coming out of roughly a 300 million- plus improvement. And then to be positive in 4Q for the reasons that I mentioned. In terms of the restructuring you asked about, we'll come back in further details in terms of how much restructuring specifically there'll be. We're giving a perspective that we expect the number to be broadly offset by the pull-to-par effects. But at this point in time, we're going to need to detail that out in the business planning process and come back, as we have said, with our fourth quarter earnings.",39,True,False,17,False
UBS,2023-Q2,earnings,2023-08-31,41,qa,analyst,Andrew Coombs,Citi,10,Thank you.,40,True,True,18,True
UBS,2023-Q2,earnings,2023-08-31,42,qa,analyst,Vishal Shah,Morgan Stanley,1067,"Hi. Thank you so much for your questions. My first one is on wealth management. Just wanted to get a sense on you know how you are assessing you know the business overlaps in that segment – in that segment or you've had you know further chance to sort of you know look at you know different regions and how to respond to all the ongoing competitive pressures and in terms of you know relationship managers and then sort of bankers in that segment? So, if you could give a bit of an update on that side? And then the second one is on the investment bank, the CS non-core perimeter of 55 billion. I know in one of your slides have provided a natural run-off rate, but I was just trying to get a sense if you could provide any sort of color in terms of what is your sort of ambition on actively winding down this perimeter in terms of timeline, i.e., could we expect you know the next two years basically by 2025 you know broadly most of this run down to be done. Is that is that a fair assumption or are you looking at it in a bit of a different way? Thank you so much.",41,True,True,19,False
UBS,2023-Q2,earnings,2023-08-31,43,qa,management,Todd Tuckner,,2327,"Hey, Vishal. I mean I think on this on that second question, we've addressed that in the sense that you know we offer the natural rundown just given you know of course, we have to take care and ensure that we're protecting our counterparties and we're doing things in the best interests of the firm and so on these positions that we, you know, we will look – we will look strategically to exit them as quickly as possible. But at this point, I would say, we'll come back and give you progress as we've done already in 2Q in terms of the actual RWA reduction relative to the natural runoff profile. We'll continue to do that. And to the extent we can give more color through our planning process, we will. But again, these are positions where we think, naturally, there'll be strategic exits and opportunities that arise and not something we'll, I will be disclosing. In terms of your first question on Wealth Management and assessing business overlaps, I mean, in general, the way we approach the integration is to look at Credit Suisse is adding value in a lot of the areas in which we already operate. But also, as Sergio mentioned, areas where we have less of a presence. Brazil was mentioned. There are important parts of the Middle East where that's the case; important parts of Southeast Asia. Also, much bigger in Europe overall. So, in terms of assessing the overlaps, I mean, in the end of the day, relationship managers have their client relationships and we want to retain them all. And of course, we're looking at how to manage the business in the most efficient and effective way. I would make one additional comment which is very important, which is that Iqbal had announced the area market heads on a combined basis, and that was very important just in the last several weeks and was in comments Sergio made as well, because when we start integrating how we approach the market and so we're in the market on an integrated basis, which, of course, just took time even though we move quickly in the two and a half months since we've closed, to be in the market on an integrated basis having market heads that have now been decided across wealth management on a combined and integrated basis is quite a step that helps us to manage some of the business overlaps and competitive pressures that you were asking about.",42,True,False,19,False
UBS,2023-Q2,earnings,2023-08-31,44,qa,analyst,Vishal Shah,Morgan Stanley,24,Okay. Thank you so much.,43,True,True,20,False
UBS,2023-Q2,earnings,2023-08-31,45,qa,management,Sergio P. Ermotti,,296,"Okay. The last answer and questions and I'm sure we're going to have a chance to stay in touch between now and November 7th when we announce the Q3 results. For the time being, thank you for dialing in. Thanks for your questions. And well as I say, looking forward to staying in touch. Thank you.",44,True,False,20,False
UBS,2023-Q3,earnings,2023-11-07,3,qa,analyst,Stefan Stalmann,Autonomous Research,924,"Yes. Good morning, gentlemen. Thank you very much for the presentation. I have two questions and they may be linked. The first regarding the outstanding SNB funding. I don't think there's any update in the disclosure material on where the number has moved to. I think the last disclosed number was CHF 38 billion at the end of August. Could you provide an update here? And possibly related to this, it looks to me looking at SNB data that there has not been a lot further reduction of SNB funding after August, in September. Is that a good interpretation of the data? And is there any connection here between your management of the SNB funding and the new Liquidity Ordinance that has come into play – that will come into place in January? And is it possible for you to give us a guidance on how your liquidity ratios will look like on the 1st of January under this new Liquidity Ordinance in Switzerland, please? Thank you.",2,True,True,1,False
UBS,2023-Q3,earnings,2023-11-07,4,qa,management,Todd Tuckner,,768,"Hi, Stefan. Thanks for your questions. So, in terms of the outstanding SNB funding, no, it's – we still have the – that funding levels are still unchanged at this stage. We are working through our business plans and as well as our funding plans. And we'll consider the ability to repay some or all of that over the course of the coming months, but your read was correct. In connection with that funding and the Liq. Ordinance, no. I'd say there's no specific connection with that. And we're not maintaining that funding, particularly in respect of satisfying the Liquidity Ordinance per se. That said, the LCR guidance that you're looking for, as we say, will remain prudent. So you can expect it to remain at levels not terribly far away from where we finished 3Q at.",3,True,False,1,False
UBS,2023-Q3,earnings,2023-11-07,5,qa,analyst,Stefan Stalmann,Autonomous Research,37,"Great that’s very helpful, thank you.",4,True,True,2,True
UBS,2023-Q3,earnings,2023-11-07,6,qa,analyst,Giulia Miotto,Morgan Stanley,716,"Yes. Hi. Good morning. Two questions from me. The first one on capital distribution. I know it's very early and I guess you will comment on Q4, but what are the stepping stones that we should look out for before you can resume a buyback? That's my first question. And then, the second question is with respect to costs. In the quarter, there was an excellent delivery on costs and the USD 3 billion target by year end has already been achieved. So basically, where do we go from here? Can we assume that this steady path of cost saves can continue? Or will there kind of be a pause until there is the legal merger because you have already basically extracted as much as you could of the low hanging fruit? Thank you.",5,True,True,3,False
UBS,2023-Q3,earnings,2023-11-07,7,qa,management,Sergio P. Ermotti,,1686,"Okay. Thank you. So in respect of the capital distribution plan or capital return plans, as you pointed out, you're going to have to be patient. You know, is for the time being I just can reiterate that we are still looking to have a progressive cash dividend policy that will be implemented. And for the rest, you need to have – what you need to see is the visibility with the plan. So we are finalizing the three-year plan and that will allow us to really calibrate capital returns. I just want to reiterate, I still believe at this stage, although the plan is not finished, that capital returns and share buybacks is not a matter of years. In my point of view, it could be a matter of quarters. But without having the final plan, it's difficult to really make a final statement. But that will be addressed in February. And somehow, it's linked to your second question because, of course, I'm not so sure, I would define the progress we've made so far as low hanging fruit. But I think that it takes efforts and time to go through this. I do believe that we still have costs that can be taken out during 2024, regardless of what you are pointing out being the critical issue is the legal entity merger. The legal entity merger is the triggering point that allow us to go to the next level of cost reduction and synergy realizations from an operational standpoint of view, but also from an IT stand point of view. So 2024, as Todd mentioned, is the – and I also remarked, is a pivotal year, is probably the one time in which we're going to incur the most costs in order to achieve the synergies that we'll achieve in 2025 and 2026. So, you see how the two questions are somehow linked.",6,True,False,3,False
UBS,2023-Q3,earnings,2023-11-07,8,qa,analyst,Giulia Miotto,Morgan Stanley,10,Thank you.,7,True,True,4,True
UBS,2023-Q3,earnings,2023-11-07,9,qa,analyst,Andrew Coombs,Citi,1120,"Good morning. Two questions from me, please. Firstly, on the GWM net interest income trajectory. Thank you for the commentary in your prepared remarks. I think you said after a 3% decline in Q3, you expected mid-single-digit percentage decline in Q4 and that there's an ongoing deposit mix shift. So that seems to be accelerating rather than decelerating. So can you give us any indication of how much longer you think that trend could continue for? Do you think now that we're at peak rates, if anything, that should slow as we go into 2024? And also, if there's any implications from your broader deposit pricing that's also influencing that sequential NII decline. That's the first question. Second question, there's been quite a lot of media commentary over the past week ahead of the Too Big To Fail review coming out in spring next year. I think there's been some explicit discussion around potentially introducing more exit fees or more notice periods around deposits. So, anything you could say with regards to that and also what that means for your competitive positioning versus international peers? Thank you.",8,True,True,5,False
UBS,2023-Q3,earnings,2023-11-07,10,qa,management,Todd Tuckner,,1093,"Yeah. Thanks, Andrew. On the first in terms of GWM NII trajectory, I think you captured it right in terms of guidance around a mid-single digit decline owing to deposit mix shifts and whether that seems like an acceleration. I'd comment that I think what we're seeing is a bit of a broadening of that dynamic more across the globe. We saw in most of 2023 that dynamic being very significantly driven by moves from sweep deposits into higher yielding deposits in the US. And we saw less of that in Europe and APAC, as well as in Switzerland. And so while we're seeing the US taper now, both in the current quarter and as we look ahead, we're seeing a bit of an expansion of that dynamic in other parts of the globe, and that's what's sort of driving that. As I look out into 2024, we're doing that work now. We'll come back with a view during February with a view on full year 2024. I would just conclude on the point saying, no, I don't see pricing having an impact. I mean, this is just a response to the current rate environment as clients are undergoing cash sorting across our client base.",9,True,False,5,False
UBS,2023-Q3,earnings,2023-11-07,11,qa,management,Sergio P. Ermotti,,1052,"So in respect of what you mentioned and changes in the law or regulations around liquidity. I think I can only say that it's pretty difficult to track all the rumors, speculations and ideas that are coming up, almost daily. On the Swiss media, I think that I can only tell you that, that at this stage what stands is that even the Finance Minister took an official stance on the matter. I mean, those are speculations. I don't believe this is going to be part of the package. I think that - I'm convinced that Switzerland will keep its standards in terms of allowing – or responding to the crisis in March, not only the one in Switzerland, but broadly speaking, with following the recommendation that it will be set by the FSB and other bodies. And in that sense, I don't see us being particularly disadvantaged compared to any other jurisdictions in terms of a Liquidity Ordinance. So, I guess that we will follow up and I think it's going to still take months and months before the full analysis of what happened will translate into concrete actions.",10,True,False,5,False
UBS,2023-Q3,earnings,2023-11-07,12,qa,analyst,Adam Terelak,Mediobanca,1067,"Good morning. Thanks for the questions. I had a one big picture question on revenues and then a follow-up on the operational risk RWA. Big picture, your revenues at the minute are annualizing to low-40 billions or so. Clearly, your target has a number, which is probably USD 50 billion-plus. Just want to understand how you see the revenue bridge from here through to 2027 and what the key moving parts should be, particularly in the context of some of your GWM trends, which at the minute seem to be down before we go back up. And then, secondly, on operational risk, I just want to understand some of the assumptions that are going into your Basel IV guidance there. Clearly there's some uncertainty around ILM. There's a bit of uncertainty about what losses to use in that standardized calculation. So what losses from the Credit Suisse business are you having to carry forward and how does that impact your operational risk RWA? And then, finally, can I just clarify on the Basel 3.1 finalization guidance, is that 5% ex. any moves in operational risk? Thank you.",11,True,True,6,False
UBS,2023-Q3,earnings,2023-11-07,13,qa,management,Sergio P. Ermotti,,1042,"Thank you, Adam. So in terms of revenues, I'm not so sure we ever indicated that we have a USD 50 billion plus revenue. I don't know where this figure is coming from. What I remember saying back in August is that our targets, our ambitions for 2026 are not based on blue sky scenarios on revenues. So, if anything, I guided to the contrary of that. So we are definitely focused on costs and we are definitely also focusing on the denominator. So we need to basically focus on managing and utilizing in a better way the resources and the risk-weighted assets that we have right now. I have to go back to the critical point. Mission number one we have had in the last six months and in the foreseeable future is to restructure Credit Suisse, okay? And then we're going to talk about synergies and then we're going to talk about growth. But, before we talk about growth of the top line, we need to restructure and reset the basis. And in that sense, believe me, we are not counting on blue sky scenarios and that figure is not really our figure.",12,True,False,6,False
UBS,2023-Q3,earnings,2023-11-07,14,qa,analyst,Adam Terelak,Mediobanca,42,Can I ask for a better landing point then?,13,True,True,7,False
UBS,2023-Q3,earnings,2023-11-07,15,qa,management,Sergio P. Ermotti,,52,"Well, the landing point you will see it in February.",14,True,False,7,False
UBS,2023-Q3,earnings,2023-11-07,16,qa,analyst,Adam Terelak,Mediobanca,16,Okay. Thank you.,15,True,True,8,False
UBS,2023-Q3,earnings,2023-11-07,17,qa,management,Todd Tuckner,,957,"Adam, on your second question in terms of op risk RWA and modeling, as I mentioned, we did an initial impact assessment. It was quite dynamic. We've had only initial discussions with our regulator at this point in time, naturally ahead of the formal introduction of Basel III final for op risk RWA, there'll be much more extensive interactions with the regulator to agree on the particulars around the ILM, as you say. We made certain modeled assumptions for now, as well as the loss history. We made certain assumptions about the loss history and the roll off of certain legacy matters. So, it was a thoughtful analysis, a good initial view, but it's going to be one that requires more work and more engagement with our regulator over the coming months. On the 5%, actually, no, it's not ex-op risk, it's inclusive. But given that, op risk we're saying, as I said in my remarks, we see that as broadly unchanged from now. The maths are the same either way.",16,True,False,8,False
UBS,2023-Q3,earnings,2023-11-07,18,qa,analyst,Adam Terelak,Mediobanca,29,Perfect. Thank you very much.,17,True,True,9,True
UBS,2023-Q3,earnings,2023-11-07,19,qa,analyst,Flora Bocahut,Jefferies,1139,"Yes. Good morning. I'd like to talk about the net new money, especially at CS this quarter, because if I look at extrapolating the quarterly changes in net new money at CS that we've seen over the past two quarters, it seems to point to a run rate where you gain USD 20 to USD 30 billion of net new money per quarter. But then, if I try and reconcile just the month of September from what you had disclosed with Q2, it looks like there's been a slowdown actually in net new money at CS with just USD 2 billion in Wealth this month. So what should I consider as a more normalized level from here? Is it going to be still the pace we saw over quarterly basis or there is a slowdown because the environment is tougher. You probably have visibility there with what happened in October. And the second question is actually following up on this. I know you are going to provide us with the strategic update at the full year, but any hint as to what kind of assumptions you've made in your RoCET1 target towards 2026 regarding the AUM level, especially considering the fact that the market effect is starting for the more negative now. Thank you.",18,True,True,10,False
UBS,2023-Q3,earnings,2023-11-07,20,qa,management,Todd Tuckner,,1440,"Hi, Flora. Thanks for the questions. So, on the net new money for Credit Suisse Wealth, I appreciate your doing a fair bit of the extrapolation math but a long time in this business tells me that extrapolating net new money trends is probably not necessarily the way to go, certainly not from you know, a month or so. The point we've made is that we've stabilized the business. We're seeing inflows after massive outflows and that for us, as Sergio highlighted, was really objective number one, was to stabilize the business and that we've achieved. Look, going forward in any case, we're going to be reporting these metrics on a combined basis. We're just giving an indication because we talked about that in the second quarter. We gave an indication even up to the late publication date towards the end of August. So, we, Sergio and I, wanted to follow through on that and offer that perspective, but the expectation going forward in any case is that Wealth Management, which is how we manage the business, will be providing a combined net new money plus dividend and interest figure going forward. And in terms of the RoCET1 assumptions in terms of AUM levels, we're doing that work now. Naturally, when we develop the landing zone targets that we articulated in the second quarter, we had a view on growth, but now we're validating that in our business planning process and we'll come back and offer specificity around that in February.",19,True,False,10,False
UBS,2023-Q3,earnings,2023-11-07,21,qa,analyst,Flora Bocahut,Jefferies,10,Thank you.,20,True,True,11,True
UBS,2023-Q3,earnings,2023-11-07,22,qa,analyst,Jeremy Sigee,BNP Paribas Exane,1041,"Good morning. Thank you. I'd like to ask two questions about non-core, if I could. The first one on the RWA outlook, you've had a great start already reducing that balance down quite effectively. The runoff you show in the slide is effectively the natural runoff with no action, but clearly you are taking action. So, is it reasonable for us to expect that rather than being down 50%, it could be down 75% or 100% within that sort of three-year timeframe? It seems that you're on a more aggressive trajectory than that passive runoff that you're showing in the slide. And then, the second question is also about non-core, about the P&L. So you're annualizing in this quarter around USD 1 billion positive revenues and USD 5 billion of costs. I just wonder is that a representative starting point for us to sort of model non-core going forward? And linked to that, how much could that change in 2024? Could we see – will we still see positive revenues in 2024 in non-core? And how much could we expect the costs to reduce in 2024 in non-core?",21,True,True,12,False
UBS,2023-Q3,earnings,2023-11-07,23,qa,management,Sergio P. Ermotti,,1054,"I think, Todd, I mean, let me start with taking the one on – you know we are giving as we mentioned last time, we just give you a flavor for the natural decay in order for you to understand that, what will be the leftover in case we do nothing. And as you pointed out, we have been pretty active. Having said that, I don't think it's reasonable to assume that we're going to take down 100% or 75% to 100% per se because it all depends on at what terms we will do it. The very critical topic here is that we have to do it in a way that creates value and not just headlines. So, we can get rid of probably many of those positions, but destroying a lot of value. And this will be in conflict with capital accretion and the ability for us to return capital to shareholders. So, I think that it's very clear what is the framework we are using and I think objective number one around non- core is not necessarily just to accelerate the wind down of assets, but it's to take down cost. That's the much more critical element of freeing up capacity and resources.",22,True,False,12,False
UBS,2023-Q3,earnings,2023-11-07,24,qa,management,Todd Tuckner,,1221,"And Jeremy, on the P&L question, for sure, on the revenue side, I would not annualize the current quarter's revenues. The revenues are a function of – the market through which we would exit these positions. It depends on the nature of the positions we're talking about. It depends on market conditions. We'll be opportunistic and everything, Sergio just said that actually informs the dynamic about the speed, the timing, the intensity of when we get out of positions is, of course, what governs in that respect. So, I would put no sort of target or certain extrapolation. Certainly, no extrapolation to the current quarter's revenues in NCL is saying, well that's a run rate. On the cost side, I would argue that's different because there you're looking at – on the underlying OpEx, you're looking at, at this point, the run rate cost to support the rundown of the business. So, as that business runs down, you would expect that the costs associated, the underlying OpEx supporting the portfolio will also run down. Now, that may not be linear and I wouldn't expect it to be linear, but it ought to be somewhere in some way, shape or form correlated with the size of the balance sheet as it starts to diminish over time.",23,True,False,12,False
UBS,2023-Q3,earnings,2023-11-07,25,qa,analyst,Jeremy Sigee,BNP Paribas Exane,16,Okay. Thank you.,24,True,True,13,True
UBS,2023-Q3,earnings,2023-11-07,26,qa,analyst,Andrew Lim,Société Générale,681,"Hi. Morning. Thanks for taking my questions. So just turning to tax. Obviously, we saw some nice RWA reduction, but it was negated by the high tax charge. But at the same time, you're talking about mergers of the divisional structure to enable you to reduce the effective tax rate. I was wondering if you could give us more specificity on when we can expect that to happen. And would that be a gradual process for the reduction in the effective tax rate, or would that be actually a step-down change there? And then, my second question is, you've done a good job on costs, well done there. The exit run rates for the end of the year, I was wondering if you could update us on that.",25,True,True,14,False
UBS,2023-Q3,earnings,2023-11-07,27,qa,management,Todd Tuckner,,1772,"Thanks, Andrew. So, on the tax question, in terms of timing. As I mentioned in my remarks, certainly the elevated tax rate is a function of the fact that the expenses that are weighing on our pre-tax at the moment, in particular, the integration related expenses are being incurred in jurisdictions where we're not able to offset – even within the jurisdictions - necessarily offset profits and losses in different entities just given where they fall out. So there could be expenses or losses in one entity that's not tax grouped with an entity that is generating taxable profits. And that's indeed what's happening really across the globe because the Credit Suisse entities in particular, as you'll appreciate under Credit Suisse AG, which is not yet merged with UBS AG, those are separate chains of entities. So, therefore, anything happening on the CS AG side that you would otherwise ideally shelter with profits of the UBS side, isn't happening until we start the mergers. Now, once we do that, your question was, is it a step or it's gradual? We'll see both. I mean, certainly we'll see some immediate benefits by bringing together certain entities. Others are going to be harder work and harder planning to unlock some additional tax value and get the rate to a lower level. So you’ll see once the mergers take place over the course of 2024, you'll see some step down. But you'll also, as I said, gradually see the rate come back in. In terms of the update for year end, we did say that as of the third quarter, we see the run rate saves in excess of USD 3 billion and expect to make further progress. We're undertaking actions at present. We haven't quantified that, but you can expect that there will be further progress in the fourth quarter before we exit 2023.",26,True,False,14,False
UBS,2023-Q3,earnings,2023-11-07,28,qa,analyst,Andrew Lim,Société Générale,24,That’s great. Thank you.,27,True,True,15,True
UBS,2023-Q3,earnings,2023-11-07,29,qa,analyst,Amit Goel,Barclays,776,"Hi. Thank you. Two questions from me. So, the first is, I mean, so clearly the legal entity merger is pretty important in terms of the kind of the costs and the tax and so forth. So, do you mind just reminding us exactly the main pieces and in terms of the timing? So, would you be expecting some of that to happen within the first half of the year or is that kind of second half? And just things that we can monitor to check the progress there. And then, secondly, just in terms of the revenue picture, just into Q4, obviously, there's the commentary on the transactional income and NII. Just thinking – are you thinking the underlying revenues Q4 ex-NCL are likely to be in line with what we've seen in Q3 or slightly better or due to seasonality, slightly worse? Thank you.",28,True,True,16,False
UBS,2023-Q3,earnings,2023-11-07,30,qa,management,Todd Tuckner,,1883,"Thanks for the questions, Amit. So, on the legal entities, in terms of the main pieces and the timing, obviously, the big groups to address are the parent banks that will take place, the two Swiss banks and then the US IHCs and the subsidiaries below. I mean, I'd say those are – and in the UK as well. And those are going to be the biggest chunks. Of course, across the globe, there's also a lot of undertaking in Europe and in Asia. But the big – I highlighted the big pieces because that's what you were looking for. We are working hard on developing plans for all of those. I think it's fair to say over the course of 2024, I won’t at this stage, speculate on exact timing, but we'll provide more updates as we go and as we enter the year and as we go through the year, we'll give you more specificity around timelines. In terms of the revenue picture in the fourth quarter, I mean, as you mentioned, repeating back that I offered some NII guidance for our core businesses in terms of underlying NII. We do see the potential for transactional activities. I mean, the market for transactional activities is a bit clouded at the moment. We are seeing some risk off even though, earlier this month certainly some of the less hawkish sentiment, coupled with further rate hike pauses, and seeing bonds and equities rally more recently, that would suggest perhaps more risk on. But I think that's all counterbalanced as well in our clients' minds also about what's happening in the Middle East. And so we do see the potential for TRX in our asset gathering businesses as well as transactional activity in our IB to potentially be affected by that. And as you mentioned, seasonality will for sure, in any event, be a factor. So I'd say the revenue picture is a bit clouded, but I, at this point, wouldn't necessarily expect it to increase quarter-on-quarter significantly at this stage.",29,True,False,16,False
UBS,2023-Q3,earnings,2023-11-07,31,qa,analyst,Amit Goel,Barclays,282,"Got it. Thanks. And just on the legal entity piece, so just sorry for my understanding, it's like getting the legal work done and getting the regulators to kind of sign off. And just in terms of the main things that you, obviously, have to get done to do the mergers, is that right?",30,True,True,17,False
UBS,2023-Q3,earnings,2023-11-07,32,qa,management,Todd Tuckner,,371,"Yes. That's correct. There is a lot of planning to be done. The planning manuals are incredibly extensive. And of course, it needs to be approved by the regulators. And when you think about the parent bank and how many jurisdictions they operate in, you're talking about regulators across the world. So these are not simple transactions by any stretch of the imagination.",31,True,False,17,False
UBS,2023-Q3,earnings,2023-11-07,33,qa,analyst,Amit Goel,Barclays,16,Okay. Thank you.,32,True,True,18,True
UBS,2023-Q3,earnings,2023-11-07,34,qa,analyst,Benjamin Goy,Deutsche Bank,481,"Hi. Good morning. Two questions, please. The first, if you could maybe speak about the profitability of the recovery of funds and assets of Credit Suisse and how that's going, the discussion with clients there. And the second is, it looks like, in particular, non-core significantly outperformed your expectation you set in Q2 in the third quarter. So just wondering, what does it mean for the budget, so to say, you have to, for an accelerated rundown in Q4 and beyond. Thank you.",33,True,True,19,False
UBS,2023-Q3,earnings,2023-11-07,35,qa,management,Sergio P. Ermotti,,2905,"Yes. I mean, in terms of the non-core, I don't think that extrapolating a quarter is meaningful. I do – as Todd mentioned before, we need to look at – in some cases, we were able to dispose assets above marks. In others, we will need to make an assessment about what we think is the value of those positions. But I would pay attention to not to use the third quarter numbers and extrapolate and call it is better than what we expected because we didn't really give any guidance on that. So, I mean, I think that we are confident that the quality, broadly speaking, of the assets is there. They are non-core assets per se. The vast majority is not problematic and therefore I'm not overly concerned about the revenue or the cost to exit. As I mentioned before, it's more of a matter of addressing the cost to sustain those assets than it is about managing out the assets themselves. In terms of recovery of the funds, we see a – the win-back strategy is still in place. We have been – we are – very focused. And probably what I can offer as a comment is that as time goes by we saw it already in the second quarter of the year after the announcement of the transaction, and definitely, has been confirmed in the third quarter. Basically, the third quarter is a year after you started to see departure of assets and client advisors from Credit Suisse. Despite the massive outflows that you saw, the amount of assets that were able to be moved by the people that were serving those assets has been within what we expected, on average no more than 20%. So the first big issue, as I said, we have been able to keep the vast majority of the assets. So it's very difficult for people that move out to be able to bring the assets with them. So if you look at the numbers, it's quite – I can give you maybe a little bit of anecdotal evidence. I mean, we lost around – or Credit Suisse in the last 12 months lost around 500 client advisors. They moved so far USD 20 billions of assets. So – and let's say that we we're going to lose further assets because some of those people just left more recently, and we're going to see some outflows later on, but we are totally convinced that it's not going to be a multiple of that USD 20 billions, the future outflows. And we are working hard to recapture some of it. So, I think that our strategy now is more focused on regaining the clients that left because of fears of the instability of the system. And in that sense, we maintain our ambitions, as we say. Most likely, we're going to formulate these ambitions, as Todd mentioned, as a combined wealth management business going forward because, I mean, it's not really an issue any longer, Credit Suisse versus UBS, it’s one team. We are working on maximizing the outcome. And so we're going to just outline our net new money growth ambitions in our three- year plan in a way that reflects win-backs and organic growth.",34,True,False,19,False
UBS,2023-Q3,earnings,2023-11-07,36,qa,analyst,Benjamin Goy,Deutsche Bank,16,Good. Thank you.,35,True,True,20,True
UBS,2023-Q3,earnings,2023-11-07,37,qa,analyst,Chris Hallam,Goldman Sachs,847,"Yeah. Good morning, everyone. Just two from me. So, on profitability, clearly better than expected in the quarter. Previously, you'd guided for positive underlying PBT in H2 and breakeven in the third quarter. So, given the third quarter is already quite positive, does that change how we should think about Q4? I guess the old guidance implied a sequential improvement in the fourth quarter in terms of PBT. So just wondering whether that's still the right way to think about that. And then, second, and I appreciate it's a bit of a follow-up to some of the earlier questions on CS net new money. You've given the regional disclosure on a combined basis, but I just wanted to check whether the combined regional picture, sort of Asia strong, EMEA strong, Switzerland more balanced. Is that consistent across both the CS and UBS Wealth franchises?",36,True,True,21,False
UBS,2023-Q3,earnings,2023-11-07,38,qa,management,Todd Tuckner,,1198,"Thanks, Christopher. Yeah. On the second question, it is consistent, obviously ex the US given CS doesn't have a wealth presence there, but across, it is. I would say the APAC and EMEA proportionality holds obviously on the smaller base that we were talking in terms of the net inflows this quarter compared to the UBS side. But yes, that dynamic does hold. In terms of profitability in the fourth quarter, I would say that we certainly accelerated a bit of what we were forecasting back in August in terms of 3Q, 4Q where we said roughly breakeven in 3Q and further progress in 4Q. I think we've seen the progress that we've been able to accelerate. So really undertaking and executing integration at pace. And you see the results of that. I'd say 4Q in a way standing alone relative to how we saw it back in August is still around the same. So I would look – meaning I would say we expect 4Q to come in better than breakeven, which is what we said was the case back in August. And I would say balancing the execution on the cost side, but also considering some of how we're guiding on the revenue side I think that number you have an idea of where we, at this stage expect that number to come in.",37,True,False,21,False
UBS,2023-Q3,earnings,2023-11-07,39,qa,analyst,Chris Hallam,Goldman Sachs,22,"Thanks, Todd. Helpful.",38,True,True,22,False
UBS,2023-Q3,earnings,2023-11-07,40,qa,management,Sergio P. Ermotti,,957,"Okay. I think this was the last question. Let me thank you for dialing in and by just quickly reiterating, as you can see, we are in full execution mode, but also at the same time we are planning for the future. And the next milestones, other than the operational one I just or we just described, is to prepare the three-year plan that we will present in February. In the meantime, we are very focused really on, as I said, on execution. And I'm totally convinced that we are in a good place and of course, in our mission to really create some things that will not only be a huge restructuring story, but also something that has set the base for future growth and ambitions that we have. I mean, we look forward to present you the three-year plan in February. And I'm sure in the meantime, we're going to be in touch either directly or through my colleagues for the follow-ups of this call. Thank you for calling in and enjoy the rest of the day. Thank you.",39,True,False,22,False
UBS,2023-Q4,earnings,2024-02-06,6,qa,analyst,Kian Abouhossein,JPMorgan,1373,"Yes. First of all, thanks for taking my questions. Looking at the slides, I can put together a revenue picture as you're giving some details around return on risk-weighted assets in the long term, as well as your risk- weighted assets overall absolute. So, I get to about $48.5 billion of revenues, which implies around 70% cost income of $34 billion. And clearly, first of all, I wanted to see if the revenue assumption that I'm making here calculation is reasonable and what underlying scenarios you use to calculate that. And secondly, on the cost side, clearly, even if I assume some kind of growth rate in kind of cost inflation, I still see that most of the cost savings come from your legacy non-core reductions. So, it looks like a lot of flexibility. So, can you talk a little bit about – is my calculation correct to some extent? And secondly, how should I think about the cost flexibility as it seems to mainly come from Non-core and Legacy? That's the first question. If I may, just secondly, on the Investment Bank. You're clearly making a big investment push, and here I want to understand at what point do you see delivery has to be achieved. I think you mentioned end-2026 in terms of revenue improvement, but is there any milestones that have to be achieved order to illustrate that this cost income will continuously improve not just in the first quarter?",5,True,True,1,False
UBS,2023-Q4,earnings,2024-02-06,7,qa,management,Todd Tuckner,,1793,"Thanks for your questions. Let me take the first. So, I think in terms of the way you're thinking about it, I'd say the key is to think about a cost income ratio below 70% is really the driver as we exit 2026. You know, the revenue picture that we gave, as I commented, is not based on blue sky scenarios. You see that for two of the core business divisions, we effectively priced in, you know, flat revenue growth. NCL, we priced in flat revenue growth. We talked quite, you know, I think appropriately about what we would expect from GWM as it improves its asset base. And of course, on the IB, coming from a low 2023 and given the onboarding of the Credit Suisse bankers we discussed and getting them productive over the next 12 to 18 months, one could see that our revenue picture is, you know, is appropriate in that respect and not toppy. That said, you know, when you look at, say, the return on RWA, which is I think what you used as a basis, you know, that is certainly our ambition is to do the financial resource optimization to improve our – the ratio of revenues over RWA, and that's clearly something we know we need to do. You saw in the depiction of how dilutive the CS revenues have been on that metric. So clearly, we're going to keep working on that. But the key really to take away here is that, you know, as both Sergio and I said, we have the flexibility to, you know, pace the reinvestments of the $13 billion in gross cost saves depending on how that revenue trajectory develops. So, for us, that's really the key, maintaining less than a 70% cost income ratio. That's where the discipline comes in and as I said, pricing in what is an appropriate revenue picture and just ensuring we keep to the gross cost saves and then we could pace the reinvestment as appropriate.",6,True,False,1,False
UBS,2023-Q4,earnings,2024-02-06,8,qa,management,Sergio P. Ermotti,,1745,"Kian, vis-a-vis your second question on the IB, I think of course we do expect the onboarded resources, particularly in the banking part of the business, to start to ramp-up to average productivity of the incumbent UBS bankers. And that will happen and is already happening, to be honest, because we have been observing good mandates winning. Of course, now what we need is the second condition how do I – first one is do we win mandates? Do we get tractions? And the answer is clearly yes. So, I'm very pleased with that outcome. Now, the most difficult question to answer is, is the market going to be there to support monetizing those mandates? And you know what's going on. It's very difficult to predict the near future. So, past a very, very hard 2023 but the momentum is very good. So, I do think that is important to measure that. The other observation I tried to take on executed transaction will be are we gaining market shares? How do we do relatively to our competitors? A third element which is very important for me, how is the IB contributing to the value creation in our Wealth Management and P&C businesses because it is very, very important, is a pillar, is a very important driver and particularly now in the US but also for example in Australia, but also in APAC, in general. We can drive this real value creation by working closer together. But lastly, it will be over the cycle, can they deliver return on allocated equity, as we've said, as a target? So, it's a set of short-term and medium-term and long-term measures that we will use, but I'm confident that the trajectory we had in the last seven, eight years, which has volatility elements, will continue but in a way that accrue value to our shareholders and clients.",7,True,False,1,False
UBS,2023-Q4,earnings,2024-02-06,9,qa,analyst,Kian Abouhossein,JPMorgan,10,Thank you.,8,True,True,2,True
UBS,2023-Q4,earnings,2024-02-06,10,qa,analyst,Chris Hallam,Goldman Sachs,791,"Thanks. So, first, on slide 28. If I zoom in on 2026, you've guided to an exit run rates of 15% return on core Tier 1. But for the year as a whole, you flagged double digit, which I guess is sort of 10% to 12%. So, just wondering if there's something specific happening later towards the end of 2026 that's causing a sort of big jump up in profitability or perhaps whether I'm just being a bit too pessimistic on assuming that double digit means 10% to 12%? And then second, on distribution. We have the details in terms of what you want to do on the dividend this year, also the comments you've made on buybacks for 2024 and for 2025, but I was just thinking about how you think about the overall payout ratio longer term, 2026 onwards, and the split in that between dividends and buybacks.",9,True,True,3,False
UBS,2023-Q4,earnings,2024-02-06,11,qa,management,Todd Tuckner,,926,"Hey, Chris. So, on the first, I think what's that dynamic is effectively the benefit of having the full year of 2026 absorb all the savings that, you know, we're working super hard at to achieve over the next two to three years. So, during the course of 2026, we're still going to be taking significant cost out. In particular, the expectation is more in the middle and back office where, as I mentioned, you know, things are sequenced a bit. You know, we have to get the client tech decommissioning done and you'll start to see sort of a lot of the middle and back office functions, including semi-owned, where we'll see more of the cost take-out in the latter part of the journey. And so, what you're seeing really priced in at the end of 226 is the full harvesting, effectively the complete cost income story whereas in 2026 in-year, of course, you know, you're just having the averaging effect over the course of the year.",10,True,False,3,False
UBS,2023-Q4,earnings,2024-02-06,12,qa,management,Sergio P. Ermotti,,1033,"Yes, Chris. On buyback, of course, in 2026 we're going to have to factor in different considerations. But generally speaking, I would say that we want to continue to have a good mix. I think that our progressive dividend policy is extremely unlikely to change over the long term. So, I think that we want to continue to deliver a cash dividend growth every year. The pace will be a function as well of where the stock trades, right? So, I mean, at the end of the day, there is an element of balancing cash versus stock depending on where the stock trades. Having said that, I do recognize that also from a prudential and capital management standpoint of view, share buybacks offers more flexibility, right? So, what we want to always make sure that our cash dividend is sacrosanct and our progressive policy is also very, very important. Therefore, we always want to measure this in two ways. Our dividend will be then benchmark also in respect of making sure that we have an attractive story for more yield focused equity investors.",11,True,False,3,False
UBS,2023-Q4,earnings,2024-02-06,13,qa,analyst,Jeremy Sigee,BNP Paribas Exane,1124,"Thank you. And apologies, my video is not working actually so I'm audio only. So, sorry for that. Two questions if I could. So, I think what you said about RWA reductions is very welcome, you know, and the target of $510 billion in the medium term and that frees up a lot of capital, which is really great to hear. You've talked about optimization outside Non-core, so within the core divisions, and I just wonder if you could sort of talk about that a bit more. Just give us some examples of the kind of lazy assets that you think you can cut. So, that's my first question. The second one is back on the capital returns. You talked about 2024 and you talked about 2026 on the buybacks and I just wondered in terms of how we think about what you might be able to do in 2025. Is 14% CET1 the relative – the relevant thresholds? Are there other constraints that will constrain you in terms of what buybacks you can do in 2025? So, does it have to wait for the Swiss integrations to be done? Does it have to wait for non-core milestones? If you just could talk about the constraints that would affect that, that would be great.",12,True,True,4,False
UBS,2023-Q4,earnings,2024-02-06,14,qa,management,Todd Tuckner,,1007,"Okay. Hi, Jeremy. So, on the first in terms of RWA reduction, you were looking for examples in terms of optimization in the core. So, I'd say, you know, the classic example would be where on, say, on the Credit Suisse side. In Wealth Management, to give an example, we are inheriting a situation where there was just say a loan relationship between the bank and a client. And perhaps, you know, we weren't bringing to bear the holistic client array of services that is our expectation to sort of do. Now, it's been the blueprint for us in UBS. GWM. And so, that's just an example where you have kind of a monoline is a simple example of that. Another example could be pricing. So, you might not be getting the pricing for the risks that you're effectively taking with respect to that financing. So, I think those are two examples where, you know, we need to do work to ensure the holistic client coverage is brought to bear in a given situation or we're looking at pricing opportunities in particular cases.",13,True,False,4,False
UBS,2023-Q4,earnings,2024-02-06,15,qa,management,Sergio P. Ermotti,,1086,"Yeah, Jeremy, in respect of share buyback in 2025, I think it's a little bit early to discuss that. But I would say that first of all, the integration, the Swiss topic, is a 2024 matter. So, by mid-2024 or during 2024 latest, we know exactly how we manage the integration of the parent company, the US entities and the Swiss operation. That will so in 2025 is unlikely to play a role in our capital return policies. The 14% is a good assumption. And what we mean by around 14% means 13.8% to 14.2%, not 14.5%. When we have excess capital, well above the 14% is because we are creating the buffer to do share buyback, to offset temporary timing differences between cost to achieve in our integration journey and the savings we realize and have the necessary buffer to also phase in the reduction of our tax rate. So, in a sense, nothing really changes but we do indeed expect also the underlying profitability to improve, and therefore potentially giving us more flexibility. But this is something that we will focus in exactly 12 months' time and we will communicate our plans for 2025.",14,True,False,4,False
UBS,2023-Q4,earnings,2024-02-06,16,qa,analyst,Jeremy Sigee,BNP Paribas Exane,31,That's great. Thanks very much.,15,True,True,5,True
UBS,2023-Q4,earnings,2024-02-06,17,qa,analyst,Andrew Coombs,Citi,1473,"Good morning. Thank you for taking my questions. So, the first one would just be going back to some of the math that Kian outlined at the start. I'm just trying to understand your decision-making process. So, if you look at slide 20, I think you said the 9% revenue to RWA post-Basel IV. So, you're suggesting exit run rate $46 billion of revenues, 70% cost income, $32 billion of costs and that's a couple of billion below the full year 2026 consensus revenues and full year 2026 costs, appreciate we’re comparing exit versus full year there. But with that in mind, could you elaborate on where you've identified the additional cost opportunities given that you previously said $10 billion, you're now at $13 billion and you're on the tape of saying we are sacrificing some topline growth in order to enhance returns. So also, where you've made the decision to perhaps come out of some product areas where there was a revenue opportunity? That's the first question. Second question is on capital return. Again, trying to run the numbers, $510 billion RWAs, 14% core Tier 1. You need to be, on that basis, $71.5 billion in core Tier 1 capital. You're at $78 billion today. So, already a lot of excess capital there, then there's the retained earnings coming through. So, just trying to understand. Are there any other moving parts aside from that amortization in the FINMA waiver between tangible equity and core Tier 1 capital over the next three to four years? Thank you.",16,True,True,6,False
UBS,2023-Q4,earnings,2024-02-06,18,qa,management,Sergio P. Ermotti,,126,"So, I'll let Todd take the questions and only noting that you may have got the revenues wrong, but you may address this issue.",17,True,False,6,False
UBS,2023-Q4,earnings,2024-02-06,19,qa,management,Todd Tuckner,,2422,"Okay. Yes. So, Andy, hey. I will just go on the cost side because I think I addressed the revenue side anyway in response to Kian. I would – I'd also – it's also important to point out just quickly on that slide that as we say in there, it's pre-impact from the Basel III final and model update so that, you know, also will impact on the return of RWA. In terms of the additional cost opportunities that we found, as you asked, I mean, first, I would say we're just confirming what we said last year about greater than $10 billion and saying we had to go do the work to validate all the details. And so, you know, the $13 billion that we've come out with, neither Sergio nor I think that that's, you know, going further. It was for us always the neighborhood of where, you know, we thought the plan – the detailed bottom-up plans would get us. And ultimately, when we were communicating greater than $10 billion, you know, that was an informed estimate of course because we had done a fair bit of work. But of course, all the work that we've done over the last three months validating that, you know, that number. So, that's sort of the first thing is just important to emphasize that it's not as if we've gone deeper. But in terms – so on that basis, I would just say that the $13 billion remains for us on a gross basis, critical. You know, we said half is going to be personnel related. Half is – the other half will be consisting comprised of things like mainly tech but also real estate, also third party costs. So, again, it's a validation of what we've done and also as I highlighted going through the trajectories, giving you a sense of when we think these will head through. And just quickly on the – you asked about, you know, sacrificing topline growth. I think the point that both Sergio and I have made is just of course when you do a financial resource optimization work, and we've done this before, you know, naturally to reduce the balance sheet means at times, well, you know, you're going to be sacrificing revenues as assets come down. And so, you know, it all comes down to the accretion of return on CET1 ultimately and how we think about this in terms of trade-offs. So, that's how I would respond to that. And then I think you were saying any other differences, if I took your point on CET1 and tangible equity. Was that the point that you were making the differences, I think you were saying, Andy.",18,True,False,6,False
UBS,2023-Q4,earnings,2024-02-06,20,qa,analyst,Andrew Coombs,Citi,72,It's exactly that. Just trying to get with the capital build. Thank you.,19,True,True,7,False
UBS,2023-Q4,earnings,2024-02-06,21,qa,management,Todd Tuckner,,719,"Yes. Well, I was just pointing out in terms of convergence, as I highlighted, you know, historically one of the big differentiators between CET1, which we think, by the way, is the right is the right model anyway because that's the basis for being able to buy back shares and pay dividends, so we think, you know, measuring return on CET1 capital is right. But we know there's always interest in that CET1 versus TE. So, what I was just suggesting was that our – as our tax loss DTAs, which were one of the big differentiators, are amortizing down and being converted into temp difference DTAs which are CET1 accretive, that that becomes much less of a delta and therefore, you know, signals a move towards convergence.",20,True,False,7,False
UBS,2023-Q4,earnings,2024-02-06,22,qa,management,Sergio P. Ermotti,,1086,"Yeah, Maybe let me just add quickly to your comment on driving optimization of the balance sheet and return on risk-weighted assets. You mentioned if we are planning to exit products, I have to say that, you know, never say never because in the next two or three years, you never know how developments work out. But at this stage, everything that we don’t deem as a product that we want to have is part of non-core. So, it's all about repricing the existing core relationships and businesses. It's not about exiting businesses. I mean, I'm talking about meaningful businesses, of course, right? So, I don't expect – it's really and that's the reason why it's not an immediate effect because we have to manage the relationship. We have to manage the discussion with clients in a way that they understand risk-reward for us, for them. They understand the value of the advice we give to clients, the services and products we give. We also have to make sure that, you know, where applicable, we stop having discounts. And so, this is over time, of course, is going to help to close the gap.",21,True,False,7,False
UBS,2023-Q4,earnings,2024-02-06,23,qa,analyst,Andrew Coombs,Citi,357,"That's great. Perhaps I could just follow-up on the opening remark, I think you said my revenue calculation was wrong on slide 20. The $510 billion I think is post-Basel IV and in the footnote you said 9% post-Basel IV finalization model update. So, should we be taking $510 billion times the 9% or $510 billion times the 10% on the slide? Just to be clear.",22,True,True,8,False
UBS,2023-Q4,earnings,2024-02-06,24,qa,management,Todd Tuckner,,122,"Well, it would be $510 billion times the 9% since that would be the return inclusive of the – so that's apples and apples.",23,True,False,8,False
UBS,2023-Q4,earnings,2024-02-06,25,qa,analyst,Andrew Coombs,Citi,21,Brilliant. Thank you.,24,True,True,9,True
UBS,2023-Q4,earnings,2024-02-06,26,qa,analyst,Anke Reingen,RBC,457,"Yeah. Sorry. Hopefully that works. If you can talk about the path from the 15% to the 18% in 2028 return on core Tier 1 capital. Given you had 15% to 18% before, so how conservative is the timing as well as the 18% compared to your previous range and how much is at self-help versus market? And the second question is a Q4 question. Your net fee generating assets were negative in Q4. If you can maybe elaborate a bit on what's been driving this? Thank you.",25,True,True,10,False
UBS,2023-Q4,earnings,2024-02-06,27,qa,management,Sergio P. Ermotti,,1086,"Anke, I'll take this one. I think – and you take the second, Todd. I guess on the exit rate, we are trying to model what the potential will be and I outline that we can definitely converge back into a level of value creation that is in the middle range since maybe it's also appropriate to remember that if we wanted to really reiterate the old story, we would have talked about 15% to 18%., and what we are saying is that we believe the exit rate is 18%. So, I believe that the combined story over time will deliver a better, more stable, less volatile returns and those returns will be in the mid of that range between, you know, from above 15%, around 18%. So, I would say that's the nuances of the changes are the one I just mentioned. So, we are not talking about 15% to 18%. I believe that we are well-positioned to be sustainably in the high teens going forward. I don't think there is a level of being conservative five years ahead. We need to really work out the execution of the phase and understand what is the potential, and over time we will fine tune short-term ambitions.",26,True,False,10,False
UBS,2023-Q4,earnings,2024-02-06,28,qa,management,Todd Tuckner,,752,"And Anke, on the net new fee generating assets in the quarters, you mentioned they were negative. Just to unpack that a bit. We saw good NNFGA on the UBS platform. What you see a bit is more the Credit Suisse dynamic in terms of mandates on the Credit Suisse platform and in the fact that there was a net outflow of mandates that also could be as well from relationship managers who have left. We are countering that by virtue of having now have an aligned CIO view and aligned solutions and offerings that we're bringing out to both – on both platforms. So, we expect going forward that, you know, the CS mandates that perhaps we were seeing a bit less of than ideal. We should be able to stem that issue a bit going forward from an NNFGA perspective.",27,True,False,10,False
UBS,2023-Q4,earnings,2024-02-06,29,qa,analyst,Anke Reingen,RBC,10,Thank you.,28,True,True,11,True
UBS,2023-Q4,earnings,2024-02-06,30,qa,analyst,Alastair Ryan,Bank of America,650,"Yeah. Okay. Apologies. Technology is not my specialty. $100 billion net new assets in 2024 and 2025 but that feels like about dividends and interest given the shape of the balance sheet you provide in the slides. So, could you just talk – just expand a little bit on what else the underlying outflows assumptions you're making perhaps on some of the relationships you took over with Credit Suisse whether that's case? And secondly, cash, now 18% of the balance sheet. Very, very high liquidity coverage ratio. Is that something that's just the new run rate or can you bring that down as you complete the complex legal entity restructuring? Thank you.",29,True,True,12,False
UBS,2023-Q4,earnings,2024-02-06,31,qa,management,Todd Tuckner,,2140,"Hey, Alastair, I'll take those. So, on your first on net new assets, you know, the $100 billion over the next two years just reflects the fact that, you know, to the point that I think we've been making that while we're going to continue to grow the asset base, I mean, $100 billion is still $100 billion over the next – each of the next two years, $200 billion by the end of 2025 and that's a focus of the team. In terms of where we think, you know, the appropriate ambition would be, normally when we're just in growth – full growth mode and not looking to also ensure that, you know, appropriate hygiene on the balance sheet, that's reflecting that discount in there a bit. We still think it's a strong number. It's still growing the asset base. It's still providing a basis to grow our revenues, as I highlighted in my comments, but it is reflecting the fact that in addition to growing client relationships and bringing more and more aligned products and solutions to our clients, there are going to be situations, as we both highlighted, where, you know, perhaps we see potential outflows because of decisions we've made around given service for example, trying to a price alone, potentially unsuccessfully, and then seeing that roll off and then potentially the collateral moving out of the bank as a result. So, it's just appropriate to price in some of that as we do this, you know, good and necessary work to ensure ultimately stronger return on RWA and sustainably higher returns in the long run. In terms of cash or the HQLA that we have, yeah, you could assume going forward that that is structurally our run rate for now just given the new Swiss liquidity ordinance requirements that we're complying with. So, you can assume that that's right. Naturally, we're focusing on, you know, winning back deposits and continuing diversified sources of funding, not least given the structural funding gap we've inherited from the Credit Suisse subsidiary in Switzerland. So, you know, we're taking steps in our funding plan to narrow that. But in the end, you can assume that for now, that level of liquidity is sort of run rate level.",30,True,False,12,False
UBS,2023-Q4,earnings,2024-02-06,32,qa,analyst,Alastair Ryan,Bank of America,10,Thank you.,31,True,True,13,True
UBS,2023-Q4,earnings,2024-02-06,33,qa,analyst,Giulia Miotto,Morgan Stanley,630,"Hi. Good morning. You hear me well? Okay, perfect. So, my first question goes to GWM Americas. I think the target is low teens until 2026 and then up to mid-teens PBT margin. So, what strategic options are you taking to structurally lift profitability in this division? I think I heard this – rebuilding the banking platform in-house, but if you can give us more color on that. So that's my first longer-term question. Whereas on the short term, in terms of transaction margins, those are being subdued for a while and especially in Asia. What evidence are you seeing or are you seeing any evidence of that coming back? Thank you.",32,True,True,14,False
UBS,2023-Q4,earnings,2024-02-06,34,qa,management,Todd Tuckner,,2355,"Yeah. Hi, Giulia. So, on – in terms of the sorts of investments we're making, as you mentioned, you know, we think the core banking infrastructure work is critical because that effectively institutionalizes clients much more effectively in doing that. The more that you have a broader suite of products and capabilities to offer clients, the more in effect it becomes, you know, they become stickier. The clients and the advisors just become stickier. We know that playbook. We run that playbook in every part of the world outside the US. And so, it's something that for us is quite fundamental. And so, we're going to continue to do that and continue to invest in digital capabilities to make being both a client and an advisor of the US business of GWM better. There are also some other things that we're doing to bring that profit margin up. Sergio mentioned in his comments. A lot of it's also about products and capabilities and we're seeing that start to hit through. And that's just in terms of, again, borrowing a page from the playbook that we use outside the US, it's the global markets approach. So, it's having a more joint GWM-Investment Bank approach to serving clients from a transactional perspective, especially clients with more sophisticated needs, also from a lending perspective as well, having more of a focus on lending solutions as we've done outside the US as well. So, I think doing all that is where we think, you know, just doing the sort of good blocking and tackling will, you know, should support the profit margin in mid-teens over the next two to three years. In terms of transaction margins in APAC, yeah, I think we are seeing – we actually saw some good performance in the fourth quarter from a TRX perspective, in particular on the UBS platform, which is encouraging. So, we're – and also in APAC. Again, given just our diversification in the region, we're not just limited to, you know, one location potentially underperforming from an equity markets perspective, and we actually saw a good performance in the region. In particular, we saw good performance in transactions in Japan this quarter. And so, you know, we have the good, diversified approach to ensure that even if one – as I said, one particular part of the region isn't generating the sorts of margins that are ideal for us that we're able to compensate.",33,True,False,14,False
UBS,2023-Q4,earnings,2024-02-06,35,qa,analyst,Giulia Miotto,Morgan Stanley,7,Thanks.,34,True,True,15,True
UBS,2023-Q4,earnings,2024-02-06,36,qa,analyst,Stefan Stalmann,Autonomous Research,1033,"Yes. Good morning, everyone. Thanks for the presentation and for taking my questions. I hope you can hear me well. I wanted to first ask on the share buyback restart this year. I was a bit surprised that you make this link between the legal entity merger of the parent banks and the ability to restart the share buyback. Do you see actually a direct link there between Group payout capacity and what happens to the parent bank merger or is it just a short form for you to say if the merger works, that's a good indication that the integration is online, and that's why I can go back to share buybacks? And the second question is on capital requirements. You have obviously presented the plan very much on the basis of the rules as they currently stand, but we also have an upcoming review by the government and we don't know how that looks like. On a confidence scale of 1 to 10, where do you think the outcome will be? Do you think your numbers will still be proven fine after this review or do you think it could change? Thank you.",35,True,True,16,False
UBS,2023-Q4,earnings,2024-02-06,37,qa,management,Sergio P. Ermotti,,2301,"Thank you, Stefan. I think the link between share buyback and the parent bank merger and the underlying US operation and later on, the Swiss one, it's very relevant because if we have a delay, our ability to start to deliver on the cost synergies will come just later. And therefore, we would lose capital buffers that we believe is necessary. So, I think it's totally there is no gaming or nothing. It's just prudent reasonable way to look at the two major risks associated with such an integration is regulatory approvals to execute legal entity mergers. We are talking about 50-plus countries. Okay? And the second one is IT migration. This is probably more the 2024 into 2025 as we start to migrate. So, if we don't get into a good place with our parent company merger by the end of the second quarter, we have a delayed effect which has to be reflected in our prudence in terms of how we accrue capital. So, I hope this is very clear now. In terms of capital requirements, yeah, well, I mean, I can only say, you know, watch and listen to what has been said publicly by different international and domestic experts around the topic of capital and why Credit Suisse failed. Credit Suisse didn't fail because of lack of capital or lack of liquidity per se but it failed because, you know, partially, I would say the loss of trust and confidence, the lack of underlying profitability and that created a self-fulfilling problem. I think if you look at regulation, you know, the regulation was well applied and fully functioning for UBS. So, the same regulation should have worked for Credit Suisse. I do think that – I'm pretty convinced that any authorities and governments, before taking actions on capital, they will also have to sit down and look at what happened, like the commission that is investigating on the matter is doing, and everybody will have to pose and think about what they could have done better, being a little bit more self-critical about what happened. So, I believe the current regime and no experts is saying that more capital is necessary. So, I'm not going to give you an answer on my rating of confidence because there is only downside on that, but I can only tell you that facts are telling us a crystal clear story that capital is not the way to manage such a situation.",36,True,False,16,False
UBS,2023-Q4,earnings,2024-02-06,38,qa,analyst,Stefan Stalmann,Autonomous Research,32,Very clear. Thank you very much.,37,True,True,17,True
UBS,2023-Q4,earnings,2024-02-06,39,qa,analyst,Adam Terelak,Mediobanca,1054,"Morning. Thank you for the questions. I've got three on capital, one of which is a clarification. I wanted to dig into slide 36, the $15 billion of balance sheet optimization. Clearly, it's talking about net of gross as well. So, can we get a feeling for what the underlying moving parts are because it's clearly going in different directions and whether there's any kind of regulatory securitization type benefit to think about, say non-revenue costing RWA efficiencies to think about on the forward look. And then linked to that, clearly the lower RWA outlook has created lots of flexibility in your plan, but how do you guys think about redeploying your balance sheet if there are profitable growth opportunities particularly given that your stock is trading above tangible book or CET1? And then just a clarification. On the AT1 buildout, it says increasing to 18% by 2029 but I think you referenced 2026 as well in terms of that Tier 1 capital requirement. So, if you just give us color on the AT1 buildout timeline would be very helpful. Thank you.",38,True,True,18,False
UBS,2023-Q4,earnings,2024-02-06,40,qa,management,Todd Tuckner,,978,"So, let me – thanks for that, Adam. Let me just cover. The last one is 2029 because that's, you know, that is how we've modeled and also just given the way our expectations are on the Too Big To Fail requirements coming in impacting on going concern capital out until 2030. So, that is the correct read. In terms of the first question on slide 36, so the $510 billion effectively where we think we get to, of course, is net of growth. So, there is a growth that is priced in. So, the fact that we have, say, balance sheet optimization in the core businesses, we say net of growth. So, these are trade-offs that we're making and look, we've done this before and it's, you know, taking the balance sheet in areas where there are opportunities to generate greater returns on RWA. That's the work that we're doing, and obviously where there are opportunities to grow especially to start to begin to harvest the combination and the scale that we have. Clearly, that will be the case.",39,True,False,18,False
UBS,2023-Q4,earnings,2024-02-06,41,qa,management,Sergio P. Ermotti,,673,"Yeah, I guess a 5% return on risk-weighted assets is not acceptable, right? So, I think that's the reason I'm saying it makes no sense for us to try to overly impress anybody with growth on the top line if this is just destroying value or not sustainable. So, we are willing to take a step back in terms of growth. But still in some areas, are we going to grow? Now, It's very important to understand the restructuring element up until the end of 2026. Afterwards, we will grow. Of course, we will grow. So, we are not a restructuring story. We will grow again because our business will grow but from a base that I believe is going to be much more reliable and sustainable.",40,True,False,18,False
UBS,2023-Q4,earnings,2024-02-06,42,qa,analyst,Adam Terelak,Mediobanca,210,Could I have a follow-up in terms of what volume of RWA are sitting below kind of your aspiration in terms of RoRWA? Just trying to size the opportunity in terms of recycling your risk weights into high growth.,41,True,True,19,False
UBS,2023-Q4,earnings,2024-02-06,43,qa,management,Sergio P. Ermotti,,961,"Well, you look at the balance sheet of Credit Suisse that we onboarded has revenues on risk-weighted assets of 5% on average in 2022. Now, we are already taking actions but this is the volume you have to think about. So, we were perfectly happy with the return profiles of our Wealth Management and IB and Swiss bank operation. So, we need to now bring it back. And I think it is very important that, you know, it's all about giving clear directions to our people. Our new colleagues from Credit Suisse fully understand that they are now following what they believe also is the best way to create value for clients – for shareholders, but also for clients because we want to be predictable. We want to be a partner that is there and where the relationship allows us to tell what are our expectations and what is the client expectations, and that we'll need to be addressed and we now have a clear, aligned way of looking at how to develop and grow the business.",42,True,False,19,False
UBS,2023-Q4,earnings,2024-02-06,44,qa,analyst,Adam Terelak,Mediobanca,27,Right. Thank you very much.,43,True,True,20,True
UBS,2023-Q4,earnings,2024-02-06,45,qa,analyst,Benjamin Goy,Deutsche Bank,859,"Yes. Hi. Good morning. Two questions, please, one on the Global Wealth Management and one on Investment Bank. If you can add a bit more color on the $100 billion net new asset run rate that should rise to $200 billion per year by 2028. So, just wondering how much is reduced impact from business exits or kind of risk appetite, financial advisor leaving, and then how much is, say, acceleration of the platform of a unified platform? And then secondly, sounds like the Credit Suisse bankers you onboarded, pretty low revenues so far. It's picking up the next one to two years. I was just wondering because you mentioned for the markets position that it will be transferred end of Q1, but you also feel that in sales and trading, the Credit Suisse colleagues you onboarded have been underearning and whether they could see an acceleration this year. Thank you.",44,True,True,21,False
UBS,2023-Q4,earnings,2024-02-06,46,qa,management,Todd Tuckner,,1645,"Hi, Ben. So, in terms of the run rate of net new assets from $100 billion, I would say as Sergio just highlighted in response to the last question, you know, we for sure will grow. And once we feel like the balance sheet is in a better spot, we think that that will build quickly in terms of, you know, us focusing on growth. So, the bridge to $200 billion, while we're not disclosing specifically what we think the numbers are, you can expect that, you know, certainly in 2026 we should start to see that come up pretty significantly and then build to $200 billion by 2028. So, I would say it's not necessarily just, you know, linear straight line. We should see a bit of an acceleration early on in 2026, but I think there's some hard yards that we have modeled in to get to the $200 billion in the latter part of that five-year cycle. In terms of IB productivity on the markets side, I mean, one of the key points that I highlighted was, you know, actually onboarding on the markets side, fully onboarding not only the traders but their positions, which is now – it's been 4Q but really it's an intense piece of work in 1Q where we expect the majority of the positions to then be onboarded on UBS infrastructure. Once that happens, you know, we think that the markets personnel should be able to start generating, you know, appropriate revenues. Yes, there's a ramp, but it's not the same as in on the banking side where that productivity is going to take a longer ramp as you might appreciate it, but we should see and we expect that we'll see better productivity pretty quickly once the positions are onboarded on to the UBS infrastructure.",45,True,False,21,False
UBS,2023-Q4,earnings,2024-02-06,47,qa,analyst,Benjamin Goy,Deutsche Bank,22,Understood. Thank you.,46,True,True,22,True
UBS,2023-Q4,earnings,2024-02-06,48,qa,analyst,Tom Hallett,KBW,591,"Morning. Yeah. Hi, guys. So, most of my questions have been answered, but just maybe going back to NII. You say it will grow again in the second half of the planning period. Am I right in just assuming that's the second half of 2025? So, i.e., kind of NII should decline three to early 2025? And then secondly, you know, one of your peers in the US said that deposit mix changes were kind of ending. Is that what you're seeing as well? And could you maybe just clarify the wider international business, what's going on with deposit mix changes there or what you expect going forward? Thanks.",47,True,True,23,False
UBS,2023-Q4,earnings,2024-02-06,49,qa,management,Todd Tuckner,,1747,"Sure. Hey, Tom. So, in terms of NII, yeah, we see the recovery coming from more mid 2025. So that's correct, that's the right read. So, you know, again, just given how we're pricing in rate reductions, you know, whether they come, I think as you know the different views. But whether they come over 12 months or 18 months, we're running our models, but we definitely have rate reductions before we see stability, you know, into 2025 for sure. And then that stability then corresponds as well with what we think would be a pick-up in loan volumes and loan revenues overall on top of, of course, the funding efficiencies that I talked about at length during my comments that really start to accelerate the recovery in NII in the latter part of the or the second half effectively of the three-year planning cycle. In terms of deposit mix effects, absolutely. We've seen a tapering in the US. We started seeing even last quarter, even in 3Q, we're seeing that continue to taper. Still seeing a little bit of that, though, where there's spillover and higher rates in some of the non-US dollar currencies in particular in Switzerland. So, we're still seeing a bit of deposit mix shifts, but we sort of price them more or less out of our outlook, you know, once we get beyond 1Q. And in terms of how that looks across I think the US, we're now – we've seen stability first time since 4Q 2021 that we've had net deposit inflows so that's good. In APAC, we've actually seen some good deposit inflows also not least just given win-back. So, there's that impact as well. And in Switzerland, we're seeing a bit of a slightly downward move in terms of deposit inflows. So, just to give you a sense of sort of the deposit volume as I see it across the spectrum.",48,True,False,23,False
UBS,2023-Q4,earnings,2024-02-06,50,qa,analyst,Tom Hallett,KBW,29,That's very clear. Thank you.,49,True,True,24,True
UBS,2023-Q4,earnings,2024-02-06,51,qa,analyst,Andrew Lim,Société Générale,1036,"Fantastic. Thanks for taking my questions. So, the first one, on capital. I'm really trying to square your RWA guidance with how you feel about buybacks. So, looking at that equation, you know, that $510 billion on RWAs, obviously quite low versus consensus. But if you take consensus capital of, say, $80 billion, $81 billion, then you are looking at about 15.8% CET1 ratio. So, we even get to the conclusion that your buyback potential is quite a lot higher than what you've indicated or maybe your expectation for CET1 capital is maybe materially lower than $81 billion. So, I just wanted to see how you feel about that. And then the second question is on the NII guidance that you've given. Obviously, we've drill down into the deposit mix shift there. But you’ve noted that one of your competitors are also one of the big drivers there has been deleveraging of Lombard loans and I wanted to see if that was actually a big driver for yourselves as well and how this has impacted your thoughts on NII for this year and going forward?",50,True,True,25,False
UBS,2023-Q4,earnings,2024-02-06,52,qa,management,Todd Tuckner,,716,"Yeah. Thanks. Thanks for that, Andrew. So, I'll take – on the second one, no, we're not seeing – I mean, we've had some deleveraging that we've highlighted in prior quarters but we're not seeing that as a major factor in our guidance at this point other than around the impacts from the resource optimization that I've highlighted. But in particular around Lombard deleveraging, we're not pricing that to any significant degree into our guidance. And I was just trying to pick up on your first point where you were, sorry, you were trying to square if – where the RWA levels are in terms of how that informs the way you want to think about share buybacks? I just want to understand your point if you can repeat them.",51,True,False,25,False
UBS,2023-Q4,earnings,2024-02-06,53,qa,analyst,Andrew Lim,Société Générale,523,"Yes. So, let’s say we’re taking that consensus of $81 billion CET1 capital, you’ve indicated $510 billion on RWA. So, that would be 15.9% CET1 ratio. So, actually it is quite a lot of buffer, maybe $5 billion or so above $5.5 billion buybacks that you might be pointing towards for 2026. So, you know, there’s either a lot more capacity for you to actually push up your buybacks there or maybe you’re thinking that CET1 capital might be a bit lower than what consensus think. So, I just want to see what you think about it.",52,True,True,26,False
UBS,2023-Q4,earnings,2024-02-06,54,qa,management,Todd Tuckner,,757,"Yeah, I think – okay. Clear. So, yeah, I think in terms of your CET1 capital calculations, I'm not sure that squares with how we model under one baseline scenario. But I think it's fair to say that, you know, if we generate as we go out to 2026, the extent to which we're able to generate the returns that we expect to generate at the end of 2026, that there will be sufficient capacity, as Sergio said, to be able to undertake as much share buybacks as we had, in fact, more so than pre-acquisition levels. So, I think, you know, I won't comment specifically on whether your CET1 number is the same number we consider under one scenario but I think it's fair to say that there is share buyback capacity naturally if we hit these targets that we've set out.",53,True,False,26,False
UBS,2023-Q4,earnings,2024-02-06,55,qa,analyst,Andrew Lim,Société Générale,14,Great. Thanks.,54,True,True,27,True
UBS,2023-Q4,earnings,2024-02-06,56,qa,analyst,Nicolas Payen,Kepler Cheuvreux,648,"Yes. Morning. I have two questions, please. Two on Wealth Management. The first one would be on your pre-tax profit margin targets in the US. You're targeting mid-teens by 2026 and still significantly below what your US peers are doing. So, I wanted to know what kind of levers you can pull through to have this convergence towards the profitability levels that we are seeing of the US peers. And the second one will be on the net inflow that you are targeting. Is there any geographies where you see the most potential or where you are the most excited about where you – where the CS merger is bringing new capabilities and new outlook? Thank you.",55,True,True,28,False
UBS,2023-Q4,earnings,2024-02-06,57,qa,management,Todd Tuckner,,1876,"Yeah. Thanks, Nicolas. So, on the – look, on the pre-tax profit, you know, as we've laid out, I think Sergio in his prepared comments and mine in response to a question earlier, you know, we're building back to mid- teens through the work that we've described, which we think is quite important at that point in time, getting to what we think is an appropriate level given, you know, where we are now. Then at that stage, we have, you know, options to consider beyond that to narrow the gap further, and that's certainly the plan. So, you know, it's a little bit of walk before we run and we wanted to just be clear that we, you know, the things that we think that need to happen in the US business that we’re going to do over the next three years will set us up for success and being able to sort of then, at that stage, drive greater returns and narrow the gap further beyond 2026. In terms of the geographies in GWM that we're excited about, I mean, just off the top, and I've talked about this before, but certainly places where we become really meaningful, we're excited about many places that the CS integration brings to bear on Wealth. But, you know, when it comes to minor places where, meaningfully, change is what we had in the particular region just given maybe a focus on different client segments, maybe we exited. So, two examples come to mind would be Brazil, more on the former in terms of the client segment we focused on. Another is Australia where we exited, again more of an affluent practice that we had many years ago, and we have an opportunity now to inherit a business in Australia aligned, by the way, with the IB in Australia which is quite exciting. And that business is more, you know, the high net worth and the ultra that is our bread and butter. So, two examples where, and for different reasons of what excites us in terms of the acquisition.",56,True,False,28,False
UBS,2023-Q4,earnings,2024-02-06,58,qa,analyst,Nicolas Payen,Kepler Cheuvreux,10,Thank you.,57,True,True,29,True
UBS,2023-Q4,earnings,2024-02-06,59,qa,analyst,Piers Brown,HSBC,558,"Yeah. Good morning. Most of my questions have been answered, but maybe just a final one on litigation. Just whether there's anything in the plan for a sort of a business as usual normalized charge for litigation. I know you've taken a lot of adjustments on CS acquisition and you've gotten the $4 billion of balance sheet reserves at this stage, but having had a good chance to look at the case book at this point. Is there anything in there which you think might still burden the P&L over the course of the targets that you’ve laid out this morning? Thanks.",58,True,True,30,False
UBS,2023-Q4,earnings,2024-02-06,60,qa,management,Todd Tuckner,,475,"Hey, Piers. Thanks for the question. Yeah, I mean, just refer you to the litigation note which, you know, gives both the UBS heritage and Credit Suisse heritage legacies there, say that's the best bet. Otherwise, I’ll just tell you that our provision levels are augmented by the PPA that I described in August. We're comfortable with the levels we're at just given the – where those matters sit, but that's, you know, all I would comment in terms of litigation at this stage.",59,True,False,30,False
UBS,2023-Q4,earnings,2024-02-06,61,qa,management,Sergio P. Ermotti,,457,"I won't abuse of your patience. You have been with us, thank you, for 2 hours-plus. Thanks for the questions. Thanks for attending. I hope you got enough information. But most importantly, if you have any further needs or any further questions, please reach out to Sarah's team, IR, or I'm sure between myself and Todd, we'll have a chance to catch-up with many of you in the next few weeks. Thank you for attending and enjoy the rest of the day. Thank you.",60,True,False,30,False
UBS,2024-Q1,earnings,2024-05-07,3,qa,analyst,Alastair Ryan,Bank of America,848,"Yeah. Thank you. Good morning. A billion dollar beat in the quarter. I never did quite get the hang of forecasting lark. Just on that then -- so non-core, very strong performance and appreciate the updated runoff profile you give us on slide 6. Is there any reason that you're just reverting to natural runoff or can we expect continued sales if markets stay favorable because clearly there's quite a meaningful driver of the very favorable capital ratio and the interactions of all of those. And then secondly, the project to improve the revenue to risk-weighted assets in wealth management, are presumably, you wouldn't represent the Q1 performances kind of the payoff of that project is? It's too early but just what's the profile of that project? How long is that repricing sitting on the net new asset generation and has it started? Thank you.",2,True,True,1,False
UBS,2024-Q1,earnings,2024-05-07,4,qa,management,Sergio P. Ermotti,,162,"Alastair, before I pass to Todd, I wanted to -- you were the first to ask the question not by coincidence since I understand it's your last day at the office, so.",3,True,False,1,False
UBS,2024-Q1,earnings,2024-05-07,5,qa,analyst,Alastair Ryan,Bank of America,28,"Yes, yes. Thank you, Sergio.",4,True,True,2,False
UBS,2024-Q1,earnings,2024-05-07,6,qa,management,Sergio P. Ermotti,,91,"Well, enjoy -- enjoy your time off going forward. So, I'll pass it over to Todd. Thank you.",5,True,False,2,False
UBS,2024-Q1,earnings,2024-05-07,7,qa,management,Todd Tuckner,,1748,"Hey, Alastair. Thanks for the questions. So on NCL, I mean first reverting to natural runoff. I mean, we've been consistent in just reflecting the natural runoff profile. What I think the slide 6 really does indicate is, it really narrows that, that delta between where we started, you know, as you can see where we set our ambition is to reduce to 5% and, you know, that the natural runoff profile has really come in. You see that the delta between the natural runoff profile and where we, our ambition is narrowed. So that should, eliminate whatever uncertainty was considered, but I do think that it's appropriate still to reflect it that way in terms of, you know, whether we can do more of course we're going to continue to do what we can. We'll try to position -- we'll try to exit positions, at or above their, their book values wherever possible. But, you know, it's appropriate to continue to stick with our guidance on NCL, in terms of, you know, our approach, and in terms of our expectations around revenues. On GWM in terms of revenue over the RWA, I mentioned that we're starting to see progress, which of course does suggest you asked, has it started and it has. In fact, it started at the end of last year and the business is quite active in it. And, and so, we would expect that we're going to continue to make progress on driving up RWA efficiency with respect to revenues in that respect over the course of the next couple of years. You asked how long that will impact. How long will it go? How long will it impact net new assets? We said, it's going to take the better part of two years which is why we guided net new assets of around 200 billion over that two-year timeframe. And we think that's the appropriate guidance still.",6,True,False,2,False
UBS,2024-Q1,earnings,2024-05-07,8,qa,analyst,Alastair Ryan,Bank of America,39,"Okay. Thank you. And Sergio, thank you.",7,True,True,3,True
UBS,2024-Q1,earnings,2024-05-07,9,qa,management,Sergio P. Ermotti,,15,Sure. Pleasure.,8,True,False,3,True
UBS,2024-Q1,earnings,2024-05-07,10,qa,analyst,Chris Hallam,Goldman Sachs,1393,"Yeah. So two for me, by the end of the year, I guess, you'll be effectively halfway through the integration process in terms of gross savings. So as you get through that process, are you starting to get a better picture of what you could expect for the net savings figure in relation to the 13 billion? Todd, I think you mentioned the majority earlier. And does that change at all the phasing of the multi-year return on core tier 1 path you laid out the full year? And then second question. Sergio, you referenced earlier that insufficient capital didn't cause the collapse of CS and I guess, in the final instance, what we really saw was a crisis in client confidence that drove that liquidity shortfall. So when we talk about capital distribution, it's sort of automatic to assume that higher or earlier capital distribution, results in lower capital ratios, which in turn, reduces resilience. But when you talk to clients, how important is that distribution ambition as an indicator and driver of confidence in the business i.e,. like could you argue that ultimately aligning your distribution strategy more closely with the distribution policies we see elsewhere in European financials, actually increases client confidence in the business and improves resilience. There's a big perception difference basically between the firm that’s buying back stock versus a firm that’s issuing stock?",9,True,True,4,False
UBS,2024-Q1,earnings,2024-05-07,11,qa,management,Todd Tuckner,,1341,"Yeah. Hey Chris, I’ll take the first so on, on whether the opex progress that we saw, sort of informs a better view on the net that we’ll get to. Look, you know I think we're quite pleased with that 1Q operating expense performance. We did highlight that we expect gross saves to be halfway to our 13 billion ambitions at the end of the year which is a bit better than we highlighted in February in large part because of the 1Q performance that we saw. But look, we still -- our ambition is a cost-to-income ratio of less than 70% at the end of 2026. That's what we're really focused on to manage to and so how we pace any investments, which we'll continue to make in, for example, the resilience of our infrastructure, the organic growth in our core businesses, how we pace that will be a function of the revenue environment. So it is still -- it is still way too early to change that perspective. But of course, we are pleased with the opex performance we saw in 1Q. As to how that impacts on the return on CET1 path that you mentioned, I would say that coupled with the updated NCL full-year PBT guidance I gave, would have roughly 100 to - slightly above basis point impact on the return on CET1, but I would still say mid single-digits is the right way to think about the full year ROCET1, even with the 1Q performance that we produced.",10,True,False,4,False
UBS,2024-Q1,earnings,2024-05-07,12,qa,management,Sergio P. Ermotti,,1530,"Yes, Chris, first of all, of course, you know, having a strong capital position and a balance sheet for all seasons, as we call it, having a strict risk management approach and policies and being very disciplined in a way we consume and manage all our resources is the pillar number one of our strategy. And I think it's almost a prerequisite to create the trust that clients need to have in any bank or any organization. So in that sense, I would only add that another very important indicator, which sometimes is in conflict with clients is your funding cost. Of course, our clients would like to have always a higher returns on the deposits and the investment they place with us. But on the other hand, when they see our funding cost being as competitive as we have now, they have the ultimate confirmation of the strength and the solidity of our franchise. So ultimately, at the end of the day, it's always a trade-off between different dynamics by, I would say, emotional and psychological dynamics. But I can only tell you that, of course, last but not least, having a full alignment of client trust and satisfaction, having shareholders being happy, and having your employees being happy is the ultimate way to create sustainable value and trust in any bank. And this is our philosophy. So of course, having an ability to compete in terms of growth and our global ambitions, but at the same time, being able to deliver attractive returns to shareholders, it's very important to influence the three stakeholders I mentioned.",11,True,False,4,False
UBS,2024-Q1,earnings,2024-05-07,13,qa,analyst,Chris Hallam,Goldman Sachs,17,Right. Thank you.,12,True,True,5,True
UBS,2024-Q1,earnings,2024-05-07,14,qa,analyst,Kian Abouhossein,JPMorgan,1435,"Yes. Thank you for taking my question. I have a lot of detailed questions, but I wanted to ask two questions actually to Sergio, if I may. The first one is Sergio, your first comment on the call today were, we were asked to do a critical role in Switzerland. And -- the key here is you were asked to buy a distressed asset, a G-SIB asset and when you buy something, which you are asked to buy, you clearly are in control of the process. And I would assume just like you do in an M&A transaction, you know that better than me, you have a MAC clause and in this instance, I would assume after all the financial crisis issues that we had in 2012-2013 with mergers by regulators, there would have been an agreement that there's not over-regulation for UBS post the NewCo transaction. And I wanted to see if there's anything like this. The second question I have is Sergio you also comment that the assessment of capital will be based on what the final outcome is once we better know the outcome of these regulations. And one option is also to look at your legal entities and maybe close some of the legal entities or exit, and clearly a lot of capital is tied up in the US. They make lower returns if I look at US wealth ex-LatAm as well as the US IB, I assume its lower returns. So one option would be a restructuring or exiting of markets to rather than reducing capital return. I wanted to see if that is also an alternative. Thank you.",13,True,True,6,False
UBS,2024-Q1,earnings,2024-05-07,15,qa,management,Sergio P. Ermotti,,1938,"Thank you. Yeah, very good question. Yeah, I think that -- let me put it that way that some of the conditions that were discussed and agreed at over that weekend that were clearly, defined and communicated for example, the one in respect of the antitrust and the competitive nature in our local markets that has been very well defined and agreed. Others, I would say, were also discussed and agreed. Let me put it that way. I'm not so sure we can talk about a MAC clause but as I mentioned in my opening remarks, we are delivering on our commitments. So I probably stop here. And in respect of the amount of capital and I think it's clearly too early to speculate or respond to speculations around the capital. I just want to underline that when we talk about our parent company, you know, UBS had already up for -- one of the best in class capitalization, the quality of our capital in the parent company was very strong. What I mentioned that is already embedded in our plan. We are absorbing USD 9 billion of concession granted to Credit Suisse. We are absorbing the progressive buffers that will come in as a consequence of market share and size. And we believe this is feasible and is part of the plan. So, before we speculate about what we would do to respond to any other changes in regulatory requirements, we need to understand what they are, because, believe me, we have not been consulted. We don't know what they are. And so, we need to have the full picture before we respond to this kind of situations. But let me just say that having a global franchise, being competitive globally, is what makes us a very attractive bank to our clients. Shrinking back to greatness is not a strategy and is not what will serve, not only our clients and our shareholders well, but I'm also convinced is not going to serve well, Switzerland and its ambitions to be one of the leading financial center in the world. That's pretty clear to me.",14,True,False,6,False
UBS,2024-Q1,earnings,2024-05-07,16,qa,analyst,Kian Abouhossein,JPMorgan,10,Thank you.,15,True,True,7,True
UBS,2024-Q1,earnings,2024-05-07,17,qa,analyst,Giulia Miotto,Morgan Stanley,679,"Yeah. Hi. Good morning. So two questions from me as well. The first one just going back on the capital proposal again. And you said, you were not consulted on this document and you need to see what the final proposal looks like. So looking forward, what are the next steps? Do we need to wait until June or are you now part of the discussion, do we expect to have more clarity throughout the year? That's the first question. And then the second question more related to the quarter, there was some performance in transaction fees better than I expected in wealth. I'm wondering, is this just a transitory Q1 thing or is this continuing and what should we expect there? Thank you.",16,True,True,8,False
UBS,2024-Q1,earnings,2024-05-07,18,qa,management,Sergio P. Ermotti,,796,"I pick up the first one, and then I'll pass it to Todd for the second. I mean, the reason - we are not yet clear if we're going to be formally part of any consultation or any discussions, of course, as I mentioned in my remarks, we will make sure that our considerations are heard by the regulatory bodies and policymakers and so that we can contribute to fact-based discussions. And of course, we also hope that the report of the investigating commission of the parliaments will highlight some of the reasons why Credit Suisse failed, and that should be a crucial element in contributing to fact-based discussions on future regulations. So, June, as you mentioned, June, June is not a credible date because the commission is not expected to report before the end of the year. I also think that..",17,True,False,8,False
UBS,2024-Q1,earnings,2024-05-07,19,qa,analyst,Giulia Miotto,Morgan Stanley,25,"June 2025 I meant, sorry.",18,True,True,9,False
UBS,2024-Q1,earnings,2024-05-07,20,qa,management,Sergio P. Ermotti,,308,"That one is, I don't know about June 2025. I think that it's very unlikely that we're going to have more clarity about this matter in terms of what it means before year end or the early -- or even the early part of next year. So in the meantime, we have to accept some level of uncertainty around this topic.",19,True,False,9,False
UBS,2024-Q1,earnings,2024-05-07,21,qa,management,Todd Tuckner,,1421,"Yeah, hi Giulia, on the second question about TRX in GWM. So yeah, very strong 1Q. In terms of how we -- how one should think about it, overall in going forward, I'd say a few things. I mean, naturally, the environment needs to be conducive to strong transactional flows – and 1Q was, but I would really highlight that it wasn’t so much just beta. But actually, it’s an environment where you started to see risks come on, you saw some uncertainty, and it’s an environment that plays to our strengths, where we were able to advise in particular, across our regions in more complex, structured products where we saw significant volume up, so really played to our strengths and then also, I think structurally reflects a couple of things in addition that I would say it gives us confidence as we look out forward. One is that the align product shelf, so across Credit Suisse and UBS coming together, and the way we've approached clients from that sense. And on the US side, as I highlighted, just really borrowing from the playbook outside the US, inside the US to really approach clients more jointly with the investment bank is also paying off. So we see there are some structural things that bode well as we look out. Of course, the environment needs to be conducive, but also in an environment like the current one is one that plays to our strengths as mentioned and really allows us to drive transactional flows higher.",20,True,False,9,False
UBS,2024-Q1,earnings,2024-05-07,22,qa,analyst,Giulia Miotto,Morgan Stanley,7,Thanks.,21,True,True,10,True
UBS,2024-Q1,earnings,2024-05-07,23,qa,analyst,Jeremy Sigee,BNP Paribas Exane,715,"Thank you. Good morning. Two questions, please. One is, you talked about the Investment Bank and the core businesses that you've retained from Credit Suisse and the people you've brought over. I just wanted to – are they now fully productive in revenue terms? Or is there some lag still to come through, as those people ramp up? Are they up to speed already at this point? And then my second question is sort of, again, on the capital theme. I saw in the report, you reiterate your intention to do the 1 billion of buybacks in the second half of this year. I guess, that's a small enough amount that you can do it pretty much regardless of the new capital proposals. But I just wanted to hear your thoughts on that.",22,True,True,11,False
UBS,2024-Q1,earnings,2024-05-07,24,qa,management,Sergio P. Ermotti,,1180,"Well, let me take the first question is very – you know, of course everybody is now up and running and productive. And – but when you look at Banking, as you know, what does it mean being productive? It does, you know, there is a phase of going out and pitching and winning mandates and then it takes time until they get executed. So, in a sense if you are asking me if they are productive in pitching and being engaged with clients, they are. Everybody is full speed. The momentum in winning mandates is great. You could see it in the fourth quarter. In the first quarter, we have executed many of them. And we are very comfortable that the investments and the trajectory of growth that we see going forward, if market conditions stay there to allow the execution of those mandates, are very promising. In respect of the billion, so I think that you know, at this stage, the only constraints we have right now is the waiting until the parent bank merger is executed. We expect this to be in at the end of May and if everything goes through successfully, pending the regulatory approvals that we need, we intend to restart the share buybacks with up to a billion dollars for 2024.",23,True,False,11,False
UBS,2024-Q1,earnings,2024-05-07,25,qa,analyst,Jeremy Sigee,BNP Paribas Exane,24,"Very helpful, thank you.",24,True,True,12,True
UBS,2024-Q1,earnings,2024-05-07,26,qa,analyst,Andrew Coombs,Citi,1157,"Good morning. Two questions please, basic follow ups. Firstly on the Non-core result, obviously a tremendous result both in terms of the RWA run-down but also the gains that you've booked during the quarter. Thank you for the revised guidance for the full year. I just wanted to better understand the source of those gains in Q1, I think you said conduit and corporate loan books and longevity portfolio. You then don't expect that to repeat going forward. Is that because the low hanging fruit has already been achieved or because you're now selling a different type of asset, or anything you can elaborate there will be helpful. And then the second question, thank you for the opening remarks, Sergio. On the parent bank capital, I just wanted to check, the 9 billon you referenced, is that in relation to a 400% risk-weight on foreign subsidiaries, or is it the 300% as it currently is phased? And then more broadly, a question to the both of you, in the event that the risk weight on foreign subsidiaries does go up, to what extent do you think you can mitigate that through the fungibility of capital, dividend, trapped capital and so forth? Thank you.",25,True,True,13,False
UBS,2024-Q1,earnings,2024-05-07,27,qa,management,Todd Tuckner,,1213,"Hi, Andrew. I'll address the first question. I mean, in terms of the source of the gains, I think as, you know, as you mentioned, and as of course I highlighted, it came from a number of the sort of sectors within NCL, Conduit, and Corporate Loans, Longevity, Securitized Products. We're also seeing, you know, strength in Credit and Equities and Macro as well. And, you know, the team has been doing a great job in unwinding these complex, longer dated transactions. And that continues to be what they're going to be focused on doing. So the source of the gains comes from, you know, the ability to add a lot of value to these complex transactions. And you know, to be able to get the transactions closed out at levels that are above book value. And as I highlighted, that's not an expectation that people should continue to have, not least just given that sometimes we're going to make decisions to get out of positions where we know there's significant cost takeout or there's suboptimal capital at the moment, it's very suboptimal from a capital efficiency perspective, and so getting out would release that. So they're going to be a number of factors that – which is why, you know, we don't see 1Q repeating.",26,True,False,13,False
UBS,2024-Q1,earnings,2024-05-07,28,qa,management,Sergio P. Ermotti,,1163,"So if I can add on that one, before I touch on the second question. I think that's the – first of all, there is definitely no low hanging fruit and if you look at our natural decay profile change, it shows you that we are not really going for easy to sell but rather complex transactions that also helps in many cases to unwind costs, because priority number one in Non-core is to take down cost, and not necessarily to take down risk weighted assets and market or credit risk weighted assets. So, in that sense, it's very important that in many cases we are able, thanks to the good work the team is doing in managing these unwinds, to leverage the fact that we are not a forced seller. We are only going to dispose assets when they create value to shareholders. And that's a – is a completely different position to be in because our capital is strong. We can allow some delays or some time to elapse between the two. Now on the 9 billion, so there are two factors actually; one is the 250% risk weightings and 400% for foreign companies and the elimination of the filter – of the regulatory filter that Credit Suisse had. The two combined account for 9 billion.",27,True,False,13,False
UBS,2024-Q1,earnings,2024-05-07,29,qa,analyst,Andrew Coombs,Citi,216,"And the ability to mitigate any increase in the foreign subsidiaries going forward? Assume it’s something you're already working on given the already base increase, to what extent you think you could accelerate that.",28,True,True,14,False
UBS,2024-Q1,earnings,2024-05-07,30,qa,management,Sergio P. Ermotti,,544,"No the mitigation – look the mitigation I go back to is – I mean, I have to – it’s like replay, push the button again and replay what I told you or what I said before, we cannot speculate or respond to speculation or do analysis on things that we don't know. What we know is that we're going to hold, as a consequence of the Credit Suisse acquisition, 9 plus 10 billion, so almost 20 billion of additional capital on an already very strong capital position UBS had. That's the fact. The rest, I don't know and we will comment when we know more.",29,True,False,14,False
UBS,2024-Q1,earnings,2024-05-07,31,qa,analyst,Andrew Coombs,Citi,42,"Brilliant, very clear. Thank you for that.",30,True,True,15,True
UBS,2024-Q1,earnings,2024-05-07,32,qa,analyst,Anke Reingen,RBC,1007,"Yeah, thank you very much for taking my question. I'm just – I'm sorry to follow up, just one thing. I mean, is it fair to say that a result of the uncertainty and not really changing any step in your strategy and execution of the merger and specifically, with Q4 results, you mentioned, the potential amortization of additional DTA, just confirming this – at the current stage, this is going ahead. And then on the net new assets, the 17 billion [edit: 27 billion] in Q1, that’d be running below, if I were thinking about $100 billion for this year – should it be rather than 100 billion this year, is it more like the 200 billion over the years – or two years – and more backend loaded towards the 2025 to reach the 200 billion? And has the decline in relationship managers had any impact on the net new assets growth in Q1? In the past, you gave us some numbers about departed relationship managers and the assets they have taken with them. Is that the case, as being relatively low? Thank you very much.",31,True,True,16,False
UBS,2024-Q1,earnings,2024-05-07,33,qa,management,Sergio P. Ermotti,,678,"Thank you, I’ll take the first question. I think that, Anke, I think – this is a very complex integration, and we cannot afford to be distracted in the execution of it. So we are sticking to our strategy. We are sticking to our plan. We need to do that and at the same time, stay close to our clients. And so that's the reason why engaging in hypothetical change of strategy or methodology we use in assess our – anything that goes around capital – would be absolutely very distracting and not in the best interest of any stakeholders, because what we want to have is a successful completion of this integration. And so we stay focused on the existing strategy and our approach.",32,True,False,16,False
UBS,2024-Q1,earnings,2024-05-07,34,qa,management,Todd Tuckner,,1220,"Yeah Anke, on the second question, in terms of net new assets in GWM. I would just reiterate that the trajectory that we highlighted over the next two years is, among other things, a function of the financial resource optimization and balance sheet initiatives that the team is hard at work in undertaking. So 27 billion in the quarter is a strong result, we're on track to deliver on our ambitions, which we said was 200 billion over the course of two years. So I would continue to think about that in those terms. In terms of the RMs who have left, you mentioned that we had given some numbers in the past. Yeah, I mean, that has continued just to taper. As an impact, just given the number of RMs who have left, has become sort of a non-topic at this point in time. In terms of any current period, and in terms of the assets that they’ve taken with them, it is a very small percentage, ultimately, of the given – especially given the fact that the RM workforce in Credit Suisse is down 40% from the end of 2022 levels, and we've been able to retain the lion share of the assets. So, we consider that to be sort of a story not terribly worth following, and in the end, we stay focused on our plans and our commitments.",33,True,False,16,False
UBS,2024-Q1,earnings,2024-05-07,35,qa,analyst,Anke Reingen,RBC,159,Thank you. Can I just ask on the DTA please? Are you reiterating that we expect to convert that 2 billion and the 500 million you talked about with Q4 results?,34,True,True,17,False
UBS,2024-Q1,earnings,2024-05-07,36,qa,management,Todd Tuckner,,83,"Yeah. There's no change in terms of our approach to DTAs at the current time, Anke.",35,True,False,17,False
UBS,2024-Q1,earnings,2024-05-07,37,qa,analyst,Anke Reingen,RBC,31,Thank you very much. Thank you.,36,True,True,18,True
UBS,2024-Q1,earnings,2024-05-07,38,qa,analyst,Benjamin Goy,Deutsche Bank,794,"Hi. Good morning. Two questions, please. One on your favorite topic, capital. Just conceptually, trying to understand, because when the press it’s reported, or the Minister of Finance speaks, about capital, and we naturally assume it’s CET1 capital, but do you think it could also partially include additional tier 1 capital, which might make it more manageable for you? And then secondly, on your Global Wealth Management net new loans in the quarter, another decline, it’s very similar to the Q4 decline. Just trying to reconcile that with your risk appetite returning statement – being conscious of the yield curve’s still not favorable but wondering if it's also more of a risk alignment still going on in the background, which is why your outstanding remains negative? Thank you very much.",37,True,True,19,False
UBS,2024-Q1,earnings,2024-05-07,39,qa,management,Sergio P. Ermotti,,287,"Benjamin, the first one is very short. As I say, we don’t speculate or respond to speculation in respect of any numbers that has been flagged out there. So it’s not – we are not in a position to understand where and how those numbers are calculated, therefore we refrain from doing that.",38,True,False,19,False
UBS,2024-Q1,earnings,2024-05-07,40,qa,management,Todd Tuckner,,943,"Yeah, and Benjamin hi. On the GWM net new lending side, we are seeing continued deleveraging, some of that is market driven and some of that – i.e. rates driven, and some of that is as a function of the resource optimization work that we're doing. So, that's an outcome that we're managing, to the extent it is the latter, we are looking to drive higher revenues. And therefore, I’m looking for the NIM to sort of hold up in that respect, because we're improving the revenue over RWA consideration. But obviously, in the current rates environment, too, we're seeing either the ends of deleveraging and still yet some reticence to re-lever in some of our regions. So I expect that we won't have a lot of momentum on re- levering in the current rates environment until we start to see rates come down, over – if, assuming they do – over the next, say 12 to 18 months, so that external factor won't be, to me, a big driver in terms of releverage.",39,True,False,19,False
UBS,2024-Q1,earnings,2024-05-07,41,qa,analyst,Benjamin Goy,Deutsche Bank,32,Understood. Thank you very much.,40,True,True,20,True
UBS,2024-Q1,earnings,2024-05-07,42,qa,analyst,Piers Brown,HSBC,792,"Yeah. Good morning. Thanks for the questions. Just two from me, just coming back on the cost issue, and the costs take out in the quarter in the NCL unit. I mean, it's quite impressive, you're down 26% quarter-on- quarter. And the cost takeout seems to be tracking more or less in line with the asset reduction. Just, I mean, the question is, should we expect that sort of linear relationship to continue or was it something particular in terms of frontloading costs takeout in the first quarter in NCL? And then the second question is back to regulation, not on capital but just wondering if there's anything in any of the remarks, comments, reports, published by the Competition Commission that we need to be mindful of, just in terms of the domestic market shares of the new group. Thanks.",41,True,True,21,False
UBS,2024-Q1,earnings,2024-05-07,43,qa,management,Todd Tuckner,,1003,"Hey Piers. In terms of the first question on the NCL cost takeout. There isn't a linear relationship, I would say. It's, it could be, the relationship really doesn't have to flow linearly. And that's because, the cost takeout will often come as a result of taking out a portfolio that sits on a given system or supported by a given infrastructure or application that we’re able to shut down. But there is of course, a relationship between the asset takeout and the cost takeout. I wouldn't say it's linear because you can have, you can be taking out portions of a portfolio that still needs at least a large share of the headcount supporting that, whether it's the front office or mid or back, that's still supporting the broader portfolio. And if you're not really able to decommission the associated technology, you may not get the saves there. So not linear, but for sure, it's something we watch very carefully and we're pleased to see that it is moving with a reasonably high-degree of correlation.",42,True,False,21,False
UBS,2024-Q1,earnings,2024-05-07,44,qa,management,Sergio P. Ermotti,,821,"Now on the competitive position. Let's forget for a second that we have a crystal clear agreement on that topic. Even if you go down to the substance, which is, I think, is relevant for us, for consumers, for clients, or everybody to understand. When you look at facts, it's quite clear that we have no dominant position in Switzerland, in banking. So I think that no matter if you look at deposits, at loans and mortgages, you look at branch – number of branches; in any dimension, UBS is not the largest bank in Switzerland in that sense. I think we are the leading bank in Switzerland because of our capabilities, but that should not be confused with market share and size. So in that sense, we are fairly comfortable that both the agreement and the facts support our position that our plan is the right one to pursue.",43,True,False,21,False
UBS,2024-Q1,earnings,2024-05-07,45,qa,analyst,Piers Brown,HSBC,10,Thank you.,44,True,True,22,True
UBS,2024-Q1,earnings,2024-05-07,46,qa,analyst,Tom Hallett,KBW,480,"Hi. Morning. So just a quick one on Wealth Management NII, I think you were baking in three US rate cuts for this year in your guidance. If that was zero, what would that – or how would that alter your guidance? And then secondly, on the treatment of software intangibles, I suppose it's fair to say it gets a bit more of a benefit relative to your European peers. I mean, if you were to align the rules with Europe, what sort of impact would that have on your capital? Thank you.",45,True,True,23,False
UBS,2024-Q1,earnings,2024-05-07,47,qa,management,Sergio P. Ermotti,,326,"So, on the second question, as I said before, we are not speculating on any change in our regulatory framework. The only thing I can say is that both in absolute global terms, but also vis-à-vis the European peers, we have a pretty strong capital position, not only in absolute terms, but also the quality of our capital base.",46,True,False,23,False
UBS,2024-Q1,earnings,2024-05-07,48,qa,management,Todd Tuckner,,695,"Hey Tom, on GWM NII, yes, we modeled in as mentioned three US dollar rate cuts. If there were fewer than those – and Sergio even commented earlier that there is some upside, but of course, in our NII, but of course that depends on client behavior. It depends on how the balance sheet, you know, behaves. So statically, yes, that would be corrected to be upside. If there were no rate cuts, you probably have some uptick of a point or two on the NII. But of course, you know, we need to consider the dynamic relationship between client behavior and our balance sheet. So it's difficult to predict, but yes, I would just take away that – likely to be some degree of upside, all other things equal.",47,True,False,23,False
UBS,2024-Q1,earnings,2024-05-07,49,qa,analyst,Tom Hallett,KBW,16,Okay. Thank you.,48,True,True,24,True
UBS,2024-Q1,earnings,2024-05-07,50,qa,ir,Sarah Mackey,,206,"Thank you. I think there are no further questions. So with that we can close the call. And thank you, Sergio and Todd for joining us today. We look forward to speaking to everyone again with our 2Q results.",49,True,False,24,True
UBS,2024-Q2,earnings,2024-08-14,3,qa,analyst,Giulia Miotto,Morgan Stanley,795,"Hi. Good morning. Thank you for taking my questions. I'll ask two, please. So my first one, thank you very much for the guidance on NII in GWM which was something the market was looking forward to. Can I just ask a clarification? If you look at the current forward curve, when do you expect NII to bottom exactly? Do you think second half 2024 and then we can grow, or possibly first half of 2025? So that's the first question. And then the second question is, instead, on the capital of the parent and in particular the CSI, it seems to have a lot of excess capital and upstreaming that could reduce the impact of – the potential impact from the proposal in Switzerland. Can we expect UBS to upstream some of that capital or how are you thinking about excess capital at subsidiaries? Thank you.",2,True,True,1,False
UBS,2024-Q2,earnings,2024-08-14,4,qa,management,Todd Tuckner,,1324,"So, regarding the NII guidance in terms of the implied forward curve. So as I mentioned, you know, we ended up pricing in, as you saw, and modeled for a 25 basis point rate cuts through the end of the year. If you look out in, in terms when the implied forward curve would suggest bottoming out, you know, we're probably pricing in more like 7 depending on what you're looking at. So, you know, I mean, from here, while difficult to speculate, it could be sometime in mid-2025, but I spent time what I think is really important to recognize is that, you know, in a lower NII – lower interest rate environment, there are significant offsets and tailwinds in the business that we expect to see. And that was a point that we wanted to really ensure is well understood because ultimately transaction revenues, re-leveraging and driving up NII from re-leveraging, and also recurring fees from mandate sales, you know, all have upside in an environment of lower interest rates. In terms of the parent bank capital, you mentioned our UK – Credit Suisse's UK subsidiary that has excess capital, of course, we're working on restructuring and on all of our subsidiaries where we can. And ultimately, you know, we will as appropriate upstream the capital in any of the subsidiaries in order to alleviate the capital at the parent bank.",3,True,False,1,False
UBS,2024-Q2,earnings,2024-08-14,5,qa,analyst,Giulia Miotto,Morgan Stanley,10,Thank you.,4,True,True,2,True
UBS,2024-Q2,earnings,2024-08-14,6,qa,analyst,Andrew Coombs,Citi,1241,"Good morning. Let's just drill down to the areas where you've perhaps delivered ahead of expectations. So firstly, on the Non-core, another successful quarter of actively reducing the RWAs and some further gains on some of those division exits. You're now talking about narrowing that gap in the natural runoff. So based on the natural runoff you’ll be at 6% and you're aiming for 5%. So I think that is only another USD 5 billion inside of active RWA management in that business. And now you alluded to the close of the US mortgage servicing business will get you some way towards that. So, should we assume that active management within the NCL book is now largely complete or will be largely complete by the end of this year? And then my second question is just on costs. Previously, I think you were expecting to be at 50% by end 2024. You're now 55% guiding by end of 2024 of the total cost saving target of next so USD 500 million of cost saves you realized earlier than expected. Which division is it that these cost are coming through earlier than expected? And in your mind, is it purely just a timing issue that coming through earlier as opposed to a quantum issue that you're delivering more cost savings than expected? Thank you.",5,True,True,3,False
UBS,2024-Q2,earnings,2024-08-14,7,qa,management,Todd Tuckner,,2069,"Yeah, thanks a lot, Andrew. On the second one in terms of on the costs and the performance and outperformance we're continuing to see. I mean, that's really driven, as I highlighted in my comments by NCL for sure, NCL is driven the lion's share of the gross cost saves to date while the other divisions have contributed, it has been really a function of their active rundown of positions, but also the restructuring of various parts of Credit Suisse as a G-SIB that we've highlighted in the past is an important part of taking out the costs. And a lot of those costs reside, you know, in NCL. So, they've been really the benefactor of the cost performance. And as we look out towards the end of the year, the additional progress that we anticipate, even though, as I suggest, we expect a bit a moderate deceleration in the gross cost saves, that's expected to be yielded also by NCL. And as I highlighted, you know, the core business divisions will then – the ratio of core to non-core or non-core to core in terms of cost takeout will invert as we get into the second half of the integration agenda and we'll start to see the significant cost reductions hitting through in particular GWM and P&C. And just on the first, in terms of how we see the natural runoff and the success we've had in the quarter, you know, of course, we're not counting on, you know, extrapolating and we take economic decisions as they arise and the opportunities arise. And so, you know, difficult to extrapolate the great outcome that we've had to date to suggest a different outcome than the natural roll-off. And that's why we continue to disclose it. So, you know, that becomes clear. What is important and Sergio commented this in his remarks that, you know, the uncertainty delta continues to narrow. And that's what you know, I think it's important that, you know, ultimately, while we can't count on anything in particular in terms of what can come off the balance sheet of NCL, in terms of extrapolation, what we can say is that the uncertainty delta has narrowed very significantly.",6,True,False,3,False
UBS,2024-Q2,earnings,2024-08-14,8,qa,analyst,Andrew Coombs,Citi,189,That's clear. Thank you. I guess the follow on would just be your previous guidance was for a typical run rate of close to zero revenues from NCL per quarter and presuming that's unchanged?,7,True,True,4,False
UBS,2024-Q2,earnings,2024-08-14,9,qa,management,Todd Tuckner,,310,"Yeah. As I said Andrew, that we see in the long-term, that's for sure the case in the short-term, i.e. the 2H guidance that I offered, we see some modest upside to current book values on the revenue side. So, some modest uptake in driving the billion underlying PBT loss guidance that I offered in my comments.",8,True,False,4,False
UBS,2024-Q2,earnings,2024-08-14,10,qa,analyst,Andrew Coombs,Citi,10,Thank you.,9,True,True,5,True
UBS,2024-Q2,earnings,2024-08-14,11,qa,analyst,Jeremy Sigee,BNP Paribas Exane,1125,"Hi there. Thank you. Two questions, please. First one, just follows on from just exactly what you were talking about there, the guidance for the P&L drag from NCL. Obviously, it's going better than expected, which is great to see. What would we expect now – previously you were talking about USD 2 billion P&L drag exit rate in 2025 and then USD 1 billion exiting 2026. And obviously it's going much better than that with sort of a UBS 1 billion drag in the second half that you're integrating. What should we expect for 2025? And could the NCL drag be finished within 2025 rather than carrying on into 2026? Any update on that would be really helpful. And then my second question, just a more sort of specific one on investment banking costs. They drifted up a little bit more than revenues in the second quarter, it's not a big move, but the cost income deteriorated against those strong revenues rather than perhaps you might have hoped it could have improved a little bit. So, any comments on the drivers, whether there's any one-offs in there or anything unusual, just how we should interpret that IB cost number, please",10,True,True,6,False
UBS,2024-Q2,earnings,2024-08-14,12,qa,management,Todd Tuckner,,347,"So, Jeremy, thanks. On the second one in the comp on IB costs, it's the comp quarter, of course, only has Credit Suisse personnel in for a short period of time for just the one month when you look at the year-on-year comp, whereas the current quarters as you know the people we've added for the full quarters. So that's driving that that variance.",11,True,False,6,False
UBS,2024-Q2,earnings,2024-08-14,13,qa,analyst,Jeremy Sigee,BNP Paribas Exane,115,"I'm sorry, speaking Q-on-Q, I think the costs are up 3% and the revenues are up 1%. So, I was thinking more Q-on-Q.",12,True,True,7,False
UBS,2024-Q2,earnings,2024-08-14,14,qa,management,Todd Tuckner,,216,"On – yeah on Q-on-Q, it would be just some compensation-related effects that were hitting through driving the Q-on-Q. But I'd have to - Go back and look at that. But really, it's more year-on-year that we focused on.",13,True,False,7,False
UBS,2024-Q2,earnings,2024-08-14,15,qa,analyst,Jeremy Sigee,BNP Paribas Exane,24,Which is variable. Okay.,14,True,True,8,False
UBS,2024-Q2,earnings,2024-08-14,16,qa,management,Todd Tuckner,,686,"On the – in terms of the guidance on the P&L drag and in NCL, in terms of what we should expect. Look, I mean, we're really pleased with the performance we've had to date, as I said in my last comments, there's no way to extrapolate from that performance is straight line and to assume that that's the, you know, the pace of which will continue. So, you know, we – our guidance remains, that's where in terms of the P&L drag at the end of 2026 is right now, still our best estimate when we come back and talk about an outlook in the fourth quarter going forward, you know, potentially we update that and see where we are. But for now, that's our best estimate in terms of where we land.",15,True,False,8,False
UBS,2024-Q2,earnings,2024-08-14,17,qa,analyst,Jeremy Sigee,BNP Paribas Exane,32,Understood. Thank you very much.,16,True,True,9,True
UBS,2024-Q2,earnings,2024-08-14,18,qa,analyst,Kian Abouhossein,JPMorgan,1204,"Yes, thanks for taking my questions. The first one is related to Wealth Management. First of all, thanks again for the disclosure. I hope some of the US peers are listening as this was very helpful relative to what I heard before from US peers. Sweep deposits last Disclosure was $35.7 billion. I was wondering where we are roughly right now in the US entity? If you could also share – share with us the advisory part of that so we can kind of understand the adjustment factor and what rate you are paying now versus what rate you will be paying for the fee deposits on this advisory mandates? And in that context, if you could briefly talk about lending, which was down ex-US, just to understand how much of that is related to adjustments of your offering to the CS client versus actually losses in lending? And then the second question is on legal entity on page 19, a very useful chart. And you talk about further legal entity simplification in the US as well as the UK legal entity going into a branch, I was wondering what capital relief you expect from that or maybe even in subjective terms, if you can talk a little bit about the changes that will happen in when you describe it here on the page.",17,True,True,10,False
UBS,2024-Q2,earnings,2024-08-14,19,qa,management,Todd Tuckner,,2711,"Thanks, Kian for the question. So on, in terms of the second one, first, the simplification that we talk about is continuing in the UK and in the US, but also in other parts of the world, to continue merging subsidiaries out of existence to create and unlock more capital, funding and tax efficiencies, so that's what we're getting to. So we're working all through that, you know, we just, of course, the big parent bank and Swiss bank mergers, we reparented the IHC, but now there's still a lot of work that will continue to unlock these benefits. So in terms of capital relief, naturally, to the extent that, and this goes a little bit to the question that was asked earlier in terms of the repatriation of excess capital, say in a subsidiary, of course, that is part of the analysis that we go through as we work through it. But it's, you know, there are contingencies to the timeline in terms of what triggers and what the timing could be to merge some of these entities out of existence. In terms of GWM, so, you know what I can say on the sweep deposits, first of all, advisory is about a third of the total, the total that we have in sweeps. So, just to give – to dimension that a bit, this is I think that's probably useful to understand. And then as far as the pricing it goes, of course, the way we're, first of all, it's a function of interest rates because I mentioned we're going to introduce the new rates in advisory in the fourth quarter because we have to change systems and go through some transitional work to get there. So, we have to see also where interest rates are. So in terms of an absolute price that I can’t offer, but what I can say is that we will for sure price in the value of the insurance coverage we offer on deposits that benefit from multiple programs, multiple bank programs and reciprocal programs that we've invested in and that will feature into the price of the rate we ultimately offer. In terms lending balances ex-US the main driver of that, I mean, you know, clearly we've seen deleveraging in a higher interest rate market for outside the US, particular in APAC for several quarters running. You know, we're looking forward and seeing some signs of tapering there, but we continue to see that. As I highlighted, you know, as rates come down, we do expect that should taper and then start – we start to see clients re- leverage. But so, the rate environment is driving some of that but the other part of it, perhaps the more significant driver is the financial resource optimization work we're doing that, you know, a consequence of that is that loans will roll off our platform, which is one of the points I highlighted in connection with the net new asset report.",18,True,False,10,False
UBS,2024-Q2,earnings,2024-08-14,20,qa,analyst,Kian Abouhossein,JPMorgan,244,And it's not just on sweep. I know that Morgan Stanley has confirmed 2% rate to be paid. Should we look at similar rates and could you just also remind us of where we are on the sweep volumes at the moment? Last number we saw was $35.7 billion?,19,True,True,11,False
UBS,2024-Q2,earnings,2024-08-14,21,qa,management,Todd Tuckner,,656,"Yeah. What I can say Kian is that the number is across to come in a little bit and it's driven – is in also some of the comments I made on mix is driving the 2Q result. So you could assume that number has come a little bit lower and all I could say, you know, get anything further on the rate is, you know, as mentioned competitive dynamics you know will ultimately feature and how we what – we ultimately settle on a price – on price for the sweep deposits. So, you know, as I said, I gave some views on considerations that we – that we will factor in. But as far as an absolute price, you know, that's not at this point something that we have settled on.",20,True,False,11,False
UBS,2024-Q2,earnings,2024-08-14,22,qa,analyst,Kian Abouhossein,JPMorgan,7,Thanks.,21,True,True,12,True
UBS,2024-Q2,earnings,2024-08-14,23,qa,analyst,Anke Reingen,RBC,843,"Yeah, thank you very much for taking my question – questions. The first one is just on the Basel IV impact of the USD 25 billion on the 1st of January 2025. I guess you said you will give us a bit more detail with potentially before year-end. But I mean, you previously talked about a USD 15 billion net of, yeah, Non-core rundown. Do you have a – can you give us a better indication of how the USD 25 billion will actually look on the 1st of January 2025? And then, sorry, coming back on the NII guidance, just confirming the P&C reiterating of guidance that's on the US dollar basis rather than Swiss francs. And just conceptually, I mean I see, I mean, you now assume more rate cuts than before, but the guidance is reiterated. Can you just maybe highlight what the missing pieces that allows you to reiterate guidance? Thank you very much.",22,True,True,13,False
UBS,2024-Q2,earnings,2024-08-14,24,qa,management,Todd Tuckner,,1125,"Yeah, thanks, Anke. So on Basel III final, you know, as mentioned, we still expect a USD 25 billion impact is 5% of risk-weighted assets. So in that range, as you mentioned, we guided in the fourth quarter in our investor update that USD 15 billion is in the core, USD 10 billion’s in non-core I think for now, that split remains pretty robust in terms of how we're thinking, how we're seeing it, and naturally will continue to work down the NCL portfolio to make that impact lessened over time. In terms of the NII guidance for P&C, just, you asked for clarity on – it is in Swiss francs so we're guiding in Swiss francs, we'll offer both in the future to sort of help, as I mentioned in 3Q, we see low – a low-single- digit down in Swissy, but flat sequentially in USD. And as I mentioned, you know, I think that's a good outcome that we've had a number of headwinds that we've been working through, so to reaffirm the guidance for the full year is also a function of some management actions that have been taken, including some loan repricing actions that have helped. So those are the drivers of the NII guidance for P&C.",23,True,False,13,False
UBS,2024-Q2,earnings,2024-08-14,25,qa,analyst,Anke Reingen,RBC,204,"Sorry, just to follow up. So on the 1st of January 25, as the 25 – I mean, the 5% increase in RWA or should it be lower because some mitigation or NCL run down has already kicked-in or reduced the impact?",24,True,True,14,False
UBS,2024-Q2,earnings,2024-08-14,26,qa,management,Todd Tuckner,,256,"No, no, the estimate is on the same basis we gave it in 4Q terms of the impact because it's mainly FRTB driven. So for now assume the guidance remains and as I said, if we have an update before we go live with it - of course we'll come back and provide it.",25,True,False,14,False
UBS,2024-Q2,earnings,2024-08-14,27,qa,analyst,Anke Reingen,RBC,26,Okay. Thank you very much.,26,True,True,15,True
UBS,2024-Q2,earnings,2024-08-14,28,qa,analyst,Chris Hallam,Goldman Sachs,1037,"Yeah, good morning and thanks for taking my questions. So first, you've guided for banking to generate almost twice the baseline revenues by 2026 assuming supportive markets. So, obviously performance was very strong in the second quarter. But then we saw this period of elevated volatility at the start of August. Has that changed anything in terms of how close we are now to supportive markets? And how would you expect the recovery to progress through the second half of this year? And then second question, just on profitability, at the start of the year, you said you'd expect to get to around 45% of the USD 13 billion gross savings by the end of 2024, and you've got that by the end of the first half. And you also guided for mid-single-digit underlying return on core tier one this year and mid to high for next year. Consensus is at 6% for this year and 9% for next year. But in the first half you're already above 9%. So how should we be thinking now about the path for underlying return on core tier one through 2024 and 2025?",27,True,True,16,False
UBS,2024-Q2,earnings,2024-08-14,29,qa,management,Sergio P. Ermotti,,848,"Thank you, Chris. I'll take the first question. So, look, you know, I think, of course, the market environment, it's quite volatile and there are element of fragility that we see. But, you know, what is most important for us is to look through the short-term market dynamics. And, you know, I can tell you that I'm very confident that we are building up a very compelling pipeline in terms of mandate that we win still not announced and things that can be then executed in a normalized market environment. So, of course, if we see the kind of the volatility we had in a couple of weeks ago, that would not be very helpful for the pipeline. But in general, I'd stay, you know, I would say that - positive in respect of our momentum. So, a good pipeline and good momentum in winning mandates. But, of course, it will also depend on market conditions.",28,True,False,16,False
UBS,2024-Q2,earnings,2024-08-14,30,qa,management,Todd Tuckner,,549,"And Chris, on the second, in terms of a return on core tier 1 and how it relates to our guidance. So, you know, as you mentioned, we initially guided it mid - for mid-single-digits for 2024 and mid-to-high for 2025. So naturally, if there's an update, we'll bring it to you and we talk about our 2025 expectations later this year. In terms of where we are, you know, as Sergio highlighted in his comments are the first six months we generated an underlying return on CET1 of 9.2%. So, obviously we're comfortably ahead of the target of mid for 2024.",29,True,False,16,False
UBS,2024-Q2,earnings,2024-08-14,31,qa,analyst,Amit Goel,Mediobanca,1310,"Hi. Thank you. Thanks for taking my questions. So one, just to follow up, just to make sure I also had some of the previous guidance correctly. And I think you mentioned the cost of the reprice on sweep to be about USD 50 million annually. And so, I mean, I guess, given the one third advisory disclosure, that would imply only, you know, just over 40 bps of incremental cost on that portion and effectively nothing on the rest. So, I mean I was just kind of curious, I mean, in a way that you could continue to see outflows, so I'm wondering what the capacity is for the group to replace that funding at similar cost? And then also just linked to that, if I look then at the total sweep and the cost of the sweep, it seems like that the earnings are pretty similar to what Wealth Management Americas generates. So I'm just kind of curious how you think about Wealth Management Americas profitability and with some of these headwinds, how you think you'll get back to that mid-teens operating margin? And then secondly, just curious on the parent, you know, is there any scope to shift exposure from foreign participations to domestic in addition to capital repatriation? And, you know, whether that can be reflected in participation values and, you know, if there is potentially will change coming. Thank you.",30,True,True,17,False
UBS,2024-Q2,earnings,2024-08-14,32,qa,management,Todd Tuckner,,1438,"Thanks, Amit. Yeah, in terms of the second one, shifting exposure domestically, you know, whether that helps, it's way too early to speculate on how we're going to address and what actions we take. We don't know what the standards are. So, and where they'll move to mean – where the standards will move, assuming they move. And so to speculate about what mitigating actions might be available to us is way too early. Terms of sweeps, yeah, I disclosed that the impact on pre-tax profit is expected be around USD 50 million annualized in the US Wealth Business. You know, I did say that that's net of offsetting factors. So, that includes an array of banking initiatives and expense programs across various categories. So, there, I wouldn't take the USD 50 million as gross income, but actually, as I said, it is a net impact. And I think, look, you know, I saw interesting that you asked the question and then, you know, lead to how we're going to address, you know, the pre-tax margin issues. You know, we – nothing has changed on that. We're, you know, we're focused on that, we know we have to do. The sweep deposit issue, you know, is a modest hit on that, of course, because it's something we're saying is adverse to PBT. We think it's manageable and now we're getting on with the work of improving the margins on the basis of how we described that in the past. So, we know we have to do there and we're taking steps to achieve that.",31,True,False,17,False
UBS,2024-Q2,earnings,2024-08-14,33,qa,analyst,Benjamin Goy,Deutsche Bank,728,"Hi, good morning. Two questions, please. So the first one on GWM in particular, America, the cost/income ratio remains above 90% and it was better during low interest rate times. So just wondering with the mix shift from NII, and NII falling [indiscernible] most likely, you see upside to year-end 2026 cost/income ratio improvement in target. And then secondly on the capital side, you obviously have the group guiding for 14% CET1, but you see the 12.5% more the binding constraint and that's the first half of the question. The second, with Switzerland being the only geography introducing FRTB and not delaying it, do you think that's the final piece of the puzzle in terms of higher capital requirements for you? Thank you.",32,True,True,18,False
UBS,2024-Q2,earnings,2024-08-14,34,qa,management,Sergio P. Ermotti,,927,"Let me take the second part of the question. Of course, you know, with the 14% guidance we have right now it stays as it is, and the 12.5%you mentioned it look-through fully applied 2030 at current requirements, we will see exactly how things develop in the next few quarters in terms of future requirements. From FRTB standpoint of view, of course, as you mentioned, Switzerland will introduce that on January 1. It will be a short-term competitive disadvantage, we don't believe it's – we believe it's manageable short-term. Of course, this, should other jurisdictions not converge, not to converge to Basel III full implementation over the next couple of years then, of course, that would be – it will be more problematic and we would need to think about how to address this matter. So, we remain confident that we will be able to have a level playing field in how we operate and compete globally. But it remains to be seen.",33,True,False,18,False
UBS,2024-Q2,earnings,2024-08-14,35,qa,management,Todd Tuckner,,1011,"And Benjamin, here's how we think about the – your cost/income ratio question for GWM. You know, we're – we have a look through cost to income ratio presently of around 80%. You know, naturally when we plan the USD 13 billion of gross cost saves and the less than 70% cost income ratio, GWM factors in quite prominently in that piece of work. And that's why, you know, I've highlighted that the cost income ratio will be benefited by the work that just going to get going in the next quarter or two, which is the client account migration work and platform consolidation starting in APAC and parts of Europe before the Swiss booking center. That will drive significant cost down and ultimately, you know, which is why I believe that Wealth and P&C will benefit significantly in the latter half of the integration work. So in terms of where we get our cost income ratio, it will – GWM's cost to income ratio in the end will be a big contributor to the group meeting its target of less than 70% by the end of 2026.",34,True,False,18,False
UBS,2024-Q2,earnings,2024-08-14,36,qa,analyst,Benjamin Goy,Deutsche Bank,274,"Thanks for that. This was in particular on the Americas for GWM Americas, but you probably won't see much of a cost save benefit, but correct me if I'm wrong. Yeah, indeed from the 90 – from the 90% right now, more towards the 85%, accelerate with the different revenue mix?",35,True,True,19,False
UBS,2024-Q2,earnings,2024-08-14,37,qa,management,Todd Tuckner,,581,"Question was on the Americas, sorry I didn’t hear it. Look, as I said also to the before and I've said previously, we're working towards the mid-teens profit margin over the next couple of years. That's where, you know, we know we have to narrow the gap where we are, that's where we are working towards. And that also features into the, you know, the less than 70% cost/income ratio by the end of 2026, getting to that level. So, you know, nothing that I've guided to today has changed any of that. We're very focused on taking the steps to achieve that by that in that timeframe.",36,True,False,19,False
UBS,2024-Q2,earnings,2024-08-14,38,qa,analyst,Benjamin Goy,Deutsche Bank,10,Thank you.,37,True,True,20,True
UBS,2024-Q2,earnings,2024-08-14,39,qa,analyst,Tom Hallett,KBW,298,"Hi. Thanks for taking my questions. Just – what do you assume in terms of loan and deposit growth in the Swiss business NII guide and your GWM growth in the second half of the year? And then secondly, how do you see deposit mix shift and deposit betas evolving within that guide as well? Thank you.",38,True,True,21,False
UBS,2024-Q2,earnings,2024-08-14,40,qa,management,Todd Tuckner,,1448,"Yeah, thanks, Tom. So in terms of – in terms of volumes in each of the businesses, you know, I expect loans in both of the businesses through the end of 2024 to come slightly in, largely because of the balance sheet work that I highlighted in my comments. So, I think in both cases, loans would come in. I see deposits as well through on the GWM side as well towards the end of the year. I mean, roughly flat at this point, I see P&C growing deposits whether, you know, through the rest of this year but certainly as we look out over the longer term. So, I would say a little bit of downward pressure in terms of loans in large part just given the balance sheet work that we're doing. On a deposit side, I see more of sort of flat to growing in the near to mid-term in terms of the balance sheet. And in terms of, deposit mix shifts look, I think in the end we're, you know, we've been seeing as many banks have the effects of deposit mix and cash sorting and rotation for some period of time, you know, as rates start to come down, we expect that the cash sorting will continue to taper and it'll be less of an impact in terms of the NII. And, you know, that's a little bit of what we're seeing in our outlook is just given the fact that we expect and are modeling rates coming in, that we are seeing sort of in a way, the last vestige of mix shifts, though, as while rates remain a bit higher. So that's how we see the deposit mix shift evolving.",39,True,False,21,False
UBS,2024-Q2,earnings,2024-08-14,41,qa,analyst,Tom Hallett,KBW,10,Thank you.,40,True,True,22,False
UBS,2024-Q2,earnings,2024-08-14,42,qa,management,Sergio P. Ermotti,,144,"Okay, there are no more questions. Thank you all for calling in and your questions. And see you in end of October for the Q3 results. Thank you.",41,True,False,22,False
UBS,2024-Q3,earnings,2024-10-30,3,qa,analyst,Kian Abouhossein,JPMorgan,1027,"Yes, thanks for taking my questions. The first question is on buyback in 2025. The second quarter stage, you were not commenting yet on buyback. Clearly, that changed at a recent conference and reconfirming this, Sergio, today as well. I just wanted to understand what the thinking is in terms of changing the buyback view in 2025 and how that fits into the regulatory regime changes that might come in the future. And in that context, if you could just also indicate if you will make any comments with the full-year results, as you will give us a buyback for 2025, how that fits with regulatory changes, especially I’m referring to the parent bank capital issue? And then the second question is on US wealth management. Are you seeing a peak in yield-seeking from depositors at this point? And we're hearing from US peers that there are some stabilization in sweep accounts. So I'm just trying to understand how lower rates will impact sweep, but also potentially impact loan growth, as I can see it's flattish in the quarter.",2,True,True,1,False
UBS,2024-Q3,earnings,2024-10-30,4,qa,management,Sergio P. Ermotti,,1926,"Okay. Thanks, Kian. Well, look, if I – if you go back into our remarks, my remarks, in the past, I always clearly stated that starting a buyback program in 2024 would be at the start of a journey that would not be a stop-and-go kind of strategy. So I always, and we always, flagged the fact that in 2025 we would have a share buyback. Now we are reiterating that guidance by saying that we do expect in the early part of 2025, as we present Q4 results, to tell, like we did this year, the amount of ambitions or the size of the ambitions we have for 2025. So in that sense, I think that's – I just – we are just reiterating our commitments, also in respect of our ambitions for 2026 is that, of course, they are subject to requirements – potential new requirements in Switzerland, and then we will assess. But our ambition is to have similar returns we had before the acquisition by 2026. Now for 2025, early 2025, your question, are we going to have more clarity? I don't know. We are not really in control of the timing. I think, I suspect, that we won't be able give a lot of guidance on that – in that sense, because, as you know, we are still going through technical discussions. The consultation process probably is gonna start late this year or even in the early part of next year and is gonna to take a few– few months, so it's very unlikely that in February we will be able to give much more clarity on this topic. And so this is very unlikely then to affect 2025 capital returns ambitions. And, you know, that also implies that there is no change in terms of the parent bank. As you saw, our parent bank, our overall capital position it's very strong. And also, when you look at our parent bank capital at 13.3% is very solid, is already on a fully applied basis and with a methodology on how we look at valuation of assets and subsidiaries, that is quite conservative definitely compared to what we saw in the past.",3,True,False,1,False
UBS,2024-Q3,earnings,2024-10-30,5,qa,management,Todd Tuckner,,1346,"Hi, Kian. Regarding your second question, in terms of lower rates and impact on our US wealth business. So first on the loan side, absolutely I would expect across the division that lower rates will – and I made this comment earlier in my remarks – you know, should spur additional lending opportunities across the division, including in the US. On the deposit side, in particular on sweeps, so first I'd say a couple of things, that we are seeing sweep deposits continue to taper. But in the quarter, we did have smaller outflows, so still about a billion of outflows. You know, I'd say that some of the market dynamics that I see in this regard, you know, one is that we're not yet pricing sweeps higher versus maybe some of the peer set are doing. Secondly, you know, we have a higher percentage of assets with ultra-high net worth. And for sure, that asset band tends to have a much lower percentage of AuM in sweeps. So that's going to be a market dynamic for us that will always weigh on, you know, that, that sensitivity, just given that with a more high net worth client base where there's more sensitivity in terms of deposit pricing, you know, naturally then there'll be lower balances and sweeps. That said, you know, I expect as rates come down that we will see – we will continue to see sweeps balance taper, if not starting to grow.",4,True,False,1,False
UBS,2024-Q3,earnings,2024-10-30,6,qa,analyst,Kian Abouhossein,JPMorgan,10,Thank you.,5,True,True,2,True
UBS,2024-Q3,earnings,2024-10-30,7,qa,analyst,Chris Hallam,Goldman Sachs,1009,"Yes, so good morning, everybody. Just two questions from me. So 2025 profitability, you've guided for high single-digit return on core tier 1. Consensus is at 9%. You're already at 9.2% in the nine-month stage this year. So how should we be thinking about the outlook for returns and earnings growth in ‘25 versus ‘24? And also, any specific items to be aware of in the fourth quarter that could bring the ‘24 return on core tier 1 down meaningfully from what we've seen so far this year? And then second, and again, it's a bit of a follow up on US wealth. So 12% pre-tax margin in the quarter, are there any one-offs in that number? And you've highlighted before your desire to bring, you know, a broader suite of products and capabilities to clients to drive that margin up towards the mid-teens target. What are the key signposts we should look out for you to sort of be delivering on that strategy? And given the comments yesterday from Colm on M&A, how does M&A fit into that strategy as well? Thank you.",6,True,True,3,False
UBS,2024-Q3,earnings,2024-10-30,8,qa,management,Todd Tuckner,,2398,"Yeah. Hi, Chris. So maybe just address your second question initially. Just in terms of the pre-tax profit in the Americas region. No, no one-offs. Just, you know, I would comment that, first of all, strongest revenue quarter ever. So there, you know, certainly seeing that as a strength. You know, we continue to see revenues growing nicely, up 3% sequentially in the region and 9% year-on-year and so, no one-offs. You see as well, I highlighted in my comments the transaction revenues continue to be a real plus for us, you know, as we borrowed a page from our strategy outside the US in terms of working hand in hand with the IB and working with clients and bringing them our product shelf in transactions. So really generating good transactional growth in that respect. Look, we're going to – we know what we need to do and we're going to stay focused on continuing to, you know, chip away at our goals. It's not going to happen overnight and we'll continue to come back and talk about, you know – in fact in the fourth quarter, we'll give more of a perspective on how we see things and the signposts you can look to. In terms of 2025 and, you know, I'd say, you know, first off, you know, if you look out into 4Q, you asked, I mean, other than the, you know, the seasonality that we highlighted in the fourth quarter, a bit on the top line that you would normally see, despite the momentum we saw coming into 4Q. Also, a little bit on the expense side, as I highlighted in my comments, a bit of the, you know, somewhat seasonal uptick and some one-offs like the UK bank levy. But away from that, no, I mean, nothing that we're seeing, and nothing on the CET1 capital ratio that I would – that I would highlight. You know, as we look out, you know, I don't think we want – we don't think it's appropriate to draw a straight line or extrapolate from the strong return on CET1 we've generated this year. I think we just have to keep doing the things that we said we're going to do. We know we have costs that have to continue to come out at this point. That's going to be the biggest driver of getting us to a cost-income ratio below 70% and returns to around 15% by the end of 2026. We know that's the ambition for us and we're going to work over the next two years to get there. But, you know, at this point, I wouldn't extrapolate necessarily from our ’24 performance to draw a line into ‘25.",7,True,False,3,False
UBS,2024-Q3,earnings,2024-10-30,9,qa,analyst,Chris Hallam,Goldman Sachs,23,Okay. Thanks very much.,8,True,True,4,True
UBS,2024-Q3,earnings,2024-10-30,10,qa,analyst,Giulia Miotto,Morgan Stanley,838,"Yes, hi. Good morning. So two questions from me. Todd, you mentioned some balance sheet optimization efforts that have lifted revenues over RWAs by 3 percentage points. I was wondering if you could shed some light on, you know, these measures and how much is left to come? I think in Q4, you highlighted some NII [ Edit: NNA ] impact, and I was wondering how much of that has already come through? And then aside from the quarter, and going back to the US wealth business, in my understanding, once you get to 15% PBT and once you have done with the CS integration, you could consider some inorganic growth opportunity to further improve margins. But isn't this at odds with the Too Big to Fail proposal the way it is written at the moment, which sort of penalizes growth in foreign subsidiaries? And how do you square the two? Thank you.",9,True,True,5,False
UBS,2024-Q3,earnings,2024-10-30,11,qa,management,Todd Tuckner,,1765,"Hi, Giulia. Yeah, so on the balance sheet optimization, yeah, thanks. Thanks for recalling that point in my remarks, was, that is something we're, you know, quite proud of, that work which is driving up the, you know, the efficiency on the capital deployed in the businesses that we inherited. And so this has been a big piece of work that's been driven by the business – really across the entire business. And so the impact is appreciable as you saw. So just some insight into it, so – and I've talked about this a bit before, but effectively, you know, when we look at the capital deployed typically around lending relationships that had been largely inherited – albeit we can look at still, you know, the ones that are more heritage UBS as well, you know, to the extent that they're sub-hurdle – we've been taking the steps to drive additional revenues, you know, through repricing efforts, but importantly, to expand the product shelf and offering available to those clients who might be monoline clients. And so that's been a big effort and you could see that in the uptick in the revenue over RWA as we expand effectively the offering to those clients who may have just been clients who were, you know, had a loan with us, with Credit Suisse, and now have a much broader array. And so, you know, it's a win-win as we bring a lot of value. I mentioned the impact on net new assets because naturally, as you attempt to optimize the balance sheet, while we've been successful, there will be times when you try to reprice that, you know, there will be clients, and in particular securities, leaving the platform. And so that's where the NNA headwind is that I talked about that we're capturing in our otherwise impressive net new asset performance in the quarter.",10,True,False,5,False
UBS,2024-Q3,earnings,2024-10-30,12,qa,management,Sergio P. Ermotti,,1363,"Yeah. Giulia, on the second question, I think that first of all, I think it would be premature to draw a conclusion around what the new regulation will be. Having said that, you have to balance that, you know, one aspect that has been clearly outlined by the Swiss Federal Council proposal is that their intention, or their desire, to keep Switzerland, and broadly speaking, also UBS, as a competitive global player. So I can't really see how this is possible with the, you know, with a regime that would penalize expansion globally. So in that sense, I think it's, we – as we mentioned before, we do believe that whatever the new regime will be, it will be something that fits into this strategic direction outlined by the Federal Council, and a desire to correct some aspect of the current regulation, which broadly speaking, is a very strong regulation, one of the most demanding ones when fully applied and consistently applied. That was not the case in the Credit Suisse situation. UBS is a completely different situation. We believe we have a very strong capital position, a balance sheet for all seasons, and we are able to sustain both a global business model, but also staying very close to our own markets and sustain the economy. So, you know, when we have all the facts, we will draw strategic conclusions on what to do. It's now premature to do that.",11,True,False,5,False
UBS,2024-Q3,earnings,2024-10-30,13,qa,analyst,Giulia Miotto,Morgan Stanley,10,Thank you.,12,True,True,6,True
UBS,2024-Q3,earnings,2024-10-30,14,qa,analyst,Stefan Stalmann,Autonomous Research,877,"Hi, good morning and thank you very much for taking my questions. The first one I wanted to ask is, I noticed that your sensitivity to a downward shift of the yield curve has actually come down a lot. In the second quarter, you guided for minus 1.5 billion. Now it's only 300 million, and that is despite the fact that the rate environment hasn't changed dramatically during the third quarter. Could you maybe explain what has changed then? And another question not directly related to the results, but there were stories that you might be interested in some kind of joint venture in India, potentially with a player called 360 ONE. You may not be able to comment on this specifically, but hypothetically, would this be indicative of any strategic desire to shift more onshore and more into potentially lower wealth brackets if you contemplate such a move? Thank you very much.",13,True,True,7,False
UBS,2024-Q3,earnings,2024-10-30,15,qa,management,Todd Tuckner,,425,"Hey, Stefan. How are you? On the first – yeah, good spot. So the – that asymmetry is a function of now, in the lower interest rate environment in Swiss franc terms, it's just the loan flooring dynamics that come into play from negative interest rates. So you see that the down 100 basis points scenario will have a much more limited impact, or an asymmetrical impact to the up 100 basis point impact, in particular in Swissy.",14,True,False,7,False
UBS,2024-Q3,earnings,2024-10-30,16,qa,management,Sergio P. Ermotti,,493,"Yeah. And on the second question, you're right, we are not going to comment on any speculations or rumors, but, you know, we do believe that Asia-PAC is a growth business. We have now a stronger presence in India thanks to the combination of the UBS and Credit Suisse capabilities. We always look at ways to enhance our businesses in each key locations where we operate, but I wouldn't draw a conclusion that we are thinking about major strategic moves in terms of segment focus at this stage.",15,True,False,7,False
UBS,2024-Q3,earnings,2024-10-30,17,qa,analyst,Stefan Stalmann,Autonomous Research,37,Okay. Thank you very much. Thank you.,16,True,True,8,True
UBS,2024-Q3,earnings,2024-10-30,18,qa,analyst,Jeremy Sigee,BNP Paribas Exane,949,"Morning. Thank you. Just a couple of follow ups on wealth management actually and they’re both things that you've touched on, but I just want to get into a bit more detail. The first one was on advisor numbers, which are coming down a little bit more, sort of as expected in this quarter. But I just wondered where you are in that process and what the outlook is for, you know, how much more reduction in advisor numbers do you expect? And is there a point at which that returns to growth mode, or does it stay in optimization mode for a continued period of time? So, advisor numbers. And then the second question was just to talk a bit more about Asia in wealth management. You referred to the stimulus, you referred to the pickup in transaction activity, so I just wondered where you think we are in that process? And for example, whether you're seeing signs of re-leveraging and just how much improvement you see ahead of us in that Asia process?",17,True,True,9,False
UBS,2024-Q3,earnings,2024-10-30,19,qa,management,Todd Tuckner,,2741,"Hi, Jeremy. Yeah. So first on Asia. Yeah, we're really pleased with the performance in GWM APAC and thanks for recognizing that as well. You know, you see the sequential progress, this, you know, having transaction-based income up in 3Q versus 2Q, really proud of that result. And then you see the year-on- year quite strong. You know, in terms of where we are, I think, you know, this – we have, I would argue we have a long road ahead in the sense of good upside, just given that, you know, the business is first coming together now on the same platform. I mean, we shouldn't underestimate the importance of that. You know, with the Hong Kong client account migration just having been completed this past weekend, and we're looking forward to Singapore and Japan in the fourth quarter. I mean, these are things that are really going to just further bring the business together. And, you know, I think from here, lower rates, you know, let's see, but re-leveraging opportunity, as you mentioned, the business is very focused. I think the business is, you know, is positioning itself to fire on all cylinders in APAC. And I'm very, very bullish about that. So in terms of where we are in the process, I think, you know, obviously it's been a good backdrop in this last quarter, but I think there are really good things ahead. In terms of the advisor numbers, I would sort of, you know, look at that in two ways. First, you know, on the non-US or what we call the Swiss and International part of GWM, you know, I would say from an advisor perspective, it is still – optimization’s probably the word – to come together. I think, you know, it's – lion's share of that's been complete. You know, I've talked about the Credit Suisse client advisors leaving for some period of time, and that's been an old story, and it's just really the tail of it that we talk about maybe as a headwind a bit, on net new assets. But in terms of the advisor headcount, you know, I just see the teams as they come together as well once all the platform work is complete, you know, I think then we get to a point and that of stability, and from there the business can make targeted investments in specific regions to grow for sure, but to already leverage at scale. I think the US we need to, a bit, take a wait-and-see, and see what the leadership comes back with a bit and they – as they do their strategic reviews and we'll talk – Sergio and I will come out and talk a bit in the fourth quarter about that. You know, I think, you know, it has been a story of somewhat trying to get more productive with a smaller advisor workforce over a number of years. And we'll have to see if that's, you know, the direction of travel that the current leadership wants to go.",18,True,False,9,False
UBS,2024-Q3,earnings,2024-10-30,20,qa,analyst,Jeremy Sigee,BNP Paribas Exane,17,Great. Thank you.,19,True,True,10,True
UBS,2024-Q3,earnings,2024-10-30,21,qa,analyst,Amit Goel,Mediobanca,1083,"Hi. Thank you. Yeah. So two questions for me, also one on the US wealth business. I found it really interesting, the commentary about potentially looking at acquisitions. I guess what I'm just wondering is then, you know, from a strategy standpoint, if part of the issue in terms of operating margin is the scale and the cost base relative to the revenues, you know, is it now then the case that it's cheaper to acquire than to simply just hire? Because, you know, the US, you know, as you say, is, the focus has been on productivity, reducing FA numbers. So I'm just trying to think, is that because, you know, these 400% recruitment deals are now just too expensive to make it worthwhile, but it's actually just cheaper to buy an organization? And then secondly, just going back on the deposits and the roll-off of the fixed term deposits within wealth, I'm just curious, were those kind of written 12 months ago and, you know, were those done at, kind of, quite high rates? So just curious if there's also potentially some of that effect into Q4 and start of next year? Thank you.",20,True,True,11,False
UBS,2024-Q3,earnings,2024-10-30,22,qa,management,Todd Tuckner,,1379,"Yeah. Hi, Amit. Yeah. So on the deposits question, yeah, these were written, you know, basically they're – they have a year maturity so you start to see, we start in 2Q already, ones that were written just in the wake of the acquisition, you know, all the way through, I would say, you know, the end of the year of 2023 into the very beginning of this year. And they had – they were competitive in terms of pricing for sure, as part of, you know, stabilizing the franchise and engaging with clients. So for sure and so now as they mature, you know, the question, and that's what I've been highlighting in the last couple of quarters, the question becomes, you know, what we call landing, we refer to them as landing those deposits in the sense of converting them into other parts of the platform as we've been doing successfully. Retaining is the key, you know, is the key objective and retaining them in a more profitable manner. We're doing that quite successfully, but it's a headwind on NNA that we've absorbed, in these NNA metrics that I've been highlighting insofar as you know, there is still some that are leaving the platform. In terms of the outlook we still see elevated, I think 3Q is the peak, but we still see elevated maturing FTDs in the fourth quarter and into the front part of the first quarter before, you know, we could get this issue a bit in the rearview.",21,True,False,11,False
UBS,2024-Q3,earnings,2024-10-30,23,qa,management,Sergio P. Ermotti,,1275,"Well, in respect, again, I guess on this potential inorganic thing, you know, I have to say that Colm made it very clear that it's not a tomorrow-morning kind of issue, so I think it's totally premature to speculate how – if and how – we would do any such a move. Our priority right now is to improve what we do in the US, bringing the margins to, narrowing the margins to our peers and doing better what we have today, and then potentially by doing that, and we're going to create also the optionality and to really choose what is – fits best, is it an organic growth or is it inorganic, and what fits the best in our business model, which is asset gathering-centric. The scale issue in the US is pretty much driven by the fact that we have a banking platform, a G-SIB platform de facto as – through the intermediate holding company – that can accommodate different banking businesses, which we don't have. So again, I think that, you know, once we finish this chapter of restoring the profitability at the levels we want to be, and we fully extract the value of our investments in the Investment Bank and the collaboration between the Investment Bank and Wealth Management and Asset Management, we will determine the next phase. Now, it's really way too early to speculate.",22,True,False,11,False
UBS,2024-Q3,earnings,2024-10-30,24,qa,analyst,Anke Reingen,RBC,778,"Hi. Yeah, thank you very much for taking my question. Just two small ones on capital, please. The first one is on the core tier 1 ratio staying, I mean ex the accelerated amortization, stable quarter-on-quarter. And that's in spite of a really strong, like, profit capital generation. I mean, I realized there are a number of things going on, including FX, but is there something else we should keep in mind that only means the capital ratio is flat or you're investing more capital into organic growth? Otherwise, I guess given the strong earnings, the expectation will be the capital generation drives the ratio higher. And then secondly, just on the Basel IV impact, just to confirm, would that be at the UBS AG, would the impact be around 30 basis points as well? Thank you.",23,True,True,12,False
UBS,2024-Q3,earnings,2024-10-30,25,qa,management,Todd Tuckner,,1380,"Hi Anke. Yeah. So on the first – on your first question in terms of the capital accretion, ex the acceleration of transitional adjustment, I think there are a few factors to consider. You know, one is the FX sensy, I mean you mentioned that, but you know we disclosed that there is an FX sensy of 18 basis points on our capital with respect to a 10% depreciation in the dollar, you know, versus our major currencies. If you look at – if you look at currencies in 3Q in particular, the Swissy dollar was down around 6% from the beginning of the quarter until the end. And the pound versus the dollar, similar dynamic. So that accounts for, you know, close to 0.1% on the capital ratio that the currency effects this quarter as you mentioned so that's one piece. Another piece is just the temporary difference deferred tax assets, you know, given the reduction in the CET1 level of capital from the acceleration, we are at the 10% threshold. So we lose a bit, you know, goes over the 10% and therefore lose the benefit of the temp difference DTA, which has a modest impact. And then third, just slightly increasing the accrual for future award hedging, future share award hedges. That's in our capital so that also has an impact. So those all contribute to probably why you would have expected maybe on net profit, other things equal, to be potentially slightly above the 15 handle.",24,True,False,12,False
UBS,2024-Q3,earnings,2024-10-30,26,qa,analyst,Anke Reingen,RBC,14,"Ok, thank you.",25,True,True,13,False
UBS,2024-Q3,earnings,2024-10-30,27,qa,management,Todd Tuckner,,546,"Sorry, on the Basel III final impact on the parent bank. It won't be the entire 30 basis points affecting the parent bank but it should be most of – the most of it, there might be some that falls outside. But again, if you're talking also the parent bank standalone, it won't be all of it because still a fair bit of activity that's subject to the Basel III changes, you know, are happening in subsidiaries, not in the parent bank itself. So I would expect that there'll be some but not all of the 30 basis point impact in the parent bank itself.",26,True,False,13,False
UBS,2024-Q3,earnings,2024-10-30,28,qa,analyst,Anke Reingen,RBC,20,Thank you very much.,27,True,True,14,True
UBS,2024-Q3,earnings,2024-10-30,29,qa,analyst,Andrew Coombs,Citi,996,"Hi, good morning. Thanks for taking my questions. A couple, both related to revenues. Firstly, coming back to the US sweep deposits and repricing. Thank you firstly for the additional color around the slightly less than 50 million PBT impact. But can I ask if you could possibly break out revenue gross impact versus the cost save offset on that? And also, do the class action suits in the SEC probe have any implications on pricing dynamics in your mind for the industry as well as for you going forward? And then the second question actually on loans, if you adjust out for FX, you've seen a CHF 10 billion decline Q-on-Q. You reiterated this point about committing to CHF 350 billion loan book across P&C and GWM Switzerland. You're now running a bit below that, I think you’re closer to CHF 340 [billion]. So, just to be clear, is the CHF 350 [billion] a commitment throughout this period or is it a case of you expect to trend down and then recover back to that CHF 350 [billion]? Thank you.",28,True,True,15,False
UBS,2024-Q3,earnings,2024-10-30,30,qa,management,Todd Tuckner,,1089,"Hey, Andrew. So on the second one, look, it's a commitment you know to maintain around that level. So, you know, we've been doing the balance sheet work that I've been highlighting in my remarks, both in P&C and GWM. And, you know, in P&C, we actually saw net new loan outflows, as I highlighted, of about CHF 6 billion this quarter. This is a commitment that we've made to the market and you can look at that as an ambition that we’ll continue to focus on and commit to. But, of course, we're also running the business so there might be volatility quarter-on-quarter on that. In terms of – in terms of the sweep, you were looking for some more information. You know, I had mentioned in the past that, look, the gross would be a low single-digit percentage of the divisional net interest income. So with you know, that was even based on where rates were when we gave the guidance last quarter so as rates now are coming in, you know, as mentioned, that will have a lower impact on the gross as well as a lower impact on the net. That should give you, though, a general sense of the impact.",29,True,False,15,False
UBS,2024-Q3,earnings,2024-10-30,31,qa,analyst,Benjamin Goy,Deutsche Bank,557,"Yes. Good morning. Two questions, please, from my side. First on Investment Bank. You outperformed across equities and fixed income, would just be interested in a bit more color, what you attribute to between the two? Is it lower base, is Credit Suisse now fully at revenue run rate or business mix? Anything else you would flag? And then secondly, GWM and also P&C net interest income outperformed your own guidance. Just wondering why that was in your view and why the Q4 guidance could be conservative or not? So what could be worse this time? Thank you.",30,True,True,16,False
UBS,2024-Q3,earnings,2024-10-30,32,qa,management,Todd Tuckner,,1503,"Yeah. Hi, Benjamin. So on the second, in terms of, you know, our guidance last quarter, we extended duration of our equity and we saw higher reinvestment income as I highlighted in my comments and that had, you know, a positive effect on GWM's NII. And therefore we came in flattish versus sort of a low-to-mid guidance. So, that would explain that. On the P&C side, I think we saw some positive effects of the balance sheet optimization work that had, you know, a strong impact in the third quarter as an offset to the rate impact as I highlighted. So those were – there were some offsets that, which we're always working obviously to drive in this lower rates environment. There were some offsets that had us outperform in the quarter. So I mean, the guidance I gave for 4Q is how we see it at the moment, largely driven by the impact of rates. But of course, we're going to always look to drive offsets where we can. In terms of the IB, you know, I'd say, you know, the – on the Markets side, I mean it's effectively the you know, the Credit Suisse team has been embedded for some time. The positions have been all largely transitioned over. So it's you know, it's all steam and full steam ahead in terms of that. Credit Suisse is supporting Markets on the research side but yeah, it's the performance I would say, is not about it being a lower base. I think in Markets it's been about a team that's – a strong team that's gotten stronger and you see in supportive markets how the team is performing.",31,True,False,16,False
UBS,2024-Q3,earnings,2024-10-30,33,qa,analyst,Benjamin Goy,Deutsche Bank,10,Thank you.,32,True,True,17,True
UBS,2024-Q3,earnings,2024-10-30,34,qa,analyst,Piers Brown,HSBC,867,"Good morning, guys. Just got two questions. One is a follow-up on the previous investment bank question. But in terms of the global banking business, I mean, you're still showing good year-over-year momentum, but much weaker quarter-on-quarter I think as you guided into 3Q. But could you just talk about how you're thinking about execution of the pipeline, given market conditions in the fourth quarter and prospect of further volatility? And then the second question is on NCL so, again, as you've guided the slowing of the pace of RWA growth, you're about just under 5 billion this quarter from 8 billion last quarter and 16 billion in the third – in the first quarter. So would it be fair to draw from that, that the opportunities to actively run off the portfolio are fairly limited at this stage and we're really on to a natural roll off path from here? Thanks.",33,True,True,18,False
UBS,2024-Q3,earnings,2024-10-30,35,qa,management,Todd Tuckner,,1770,"Yeah. Hi, Piers. So on the second look, you know, Sergio and I have said consistently that in NCL we're going to prioritize cost takeout in the way we think about de-risking the book. That still is the team's focus. You know, it's had a great run and continued to do so in 3Q with de-risking another 5 billion of RWA, you know, so I mean, I wouldn't necessarily draw conclusions other than to say that the pace that they were running at is a pace that would be very hard to sustain, given that we had, you know, we articulated ambitions for the end of 2026 that they've been making quick work at. But – and we'll come back and re-guide as I mentioned in my comments in 4Q about how we see the next two years. But certainly you, you can't draw a straight line from the performance that they've had, you know, live-to-date. In terms of the Banking performance in the quarter. Look, I still think it was a good performance. It outperformed the fee pool. We had a very strong first half of the year. 2Q was exceptionally strong. We had a bit of bring forward as well of some deals that we were able to get done in 2Q. And probably had the inverse dynamic happening in 3Q, where we had some deals, you know, pushed into the fourth quarter and those deals on the margin can make a difference on the performance in the comparative. But we remain very, very bullish on the pipeline. You know, naturally, of course, the uncertainties that we highlighted in our comments about 4Q, you know, are clearly potential issues to navigate, i.e., the US elections, other geopolitical concerns and tensions that may impact on banking overall. But I think, you know, we're going to continue to gain market share. And, you know, we're bullish on Banking's ability to execute on its pipeline.",34,True,False,18,False
UBS,2024-Q3,earnings,2024-10-30,36,qa,management,Sergio P. Ermotti,,792,"Todd, I would only maybe add to that. From a comparison standpoint of view, it's worthwhile to note that strategically we are underweight in debt capital markets. So, in a sense, when you look at the performance, you have to look at the third quarter was a pretty strong quarter for debt capital markets. So I think that we are very happy with the developments that we've seen in Banking and the ability to win mandates. Now, of course, we need to see if we can execute it if the market will – if the market will be there, but just very, very confident that it's a good momentum. So that was the last question so thanks for dialing in and for your questions and we'll catch up in February for the Q4 results, and we're going to give you also an update on our 2025 and 2026 journey. Thank you.",35,True,False,18,False
UBS,2024-Q4,earnings,2025-02-04,5,qa,analyst,Chris Hallam,Goldman Sachs,1243,"Yeah. Good morning, everybody. So on integration, on the one hand, you ran ahead of plan in 2024, clearly, the RoCET1 has ended up much better than expected, but on the other hand, you're also guiding to around an extra 1 billion in cumulative integration cost by year end 2026 with an unchanged exit rate on returns. So, I guess, to what extent can we characterize this? Is it essentially the easy part of the integration has now come to an end and now the hard work on decommissioning and data integration begins, i.e., have we seen, have we sort of front loaded the integration tailwinds or is there still scope to outperform here over the next couple of years? And then second, on capital, you have the caveats on the buyback target that this is on the basis of no material and immediate change in the current capital regime. What's your assessment of the likelihood that such changes could be both material and immediate, versus the potential for them being material, but with a long phase in or smaller than expected, but with immediate applicability? And what is your best sense on when we might get final clarity and resolution on this topic? Sergio, I think you mentioned earlier that the public consultation begins in May. Thank you.",4,True,True,1,False
UBS,2024-Q4,earnings,2025-02-04,6,qa,management,Sergio P. Ermotti,,1040,"Let me pick up the second question and then I'll pass it to Todd. So, I think in terms of, you know, the caveating on our capital returns is quite consistent with previous language. You know, being, you know, staying at 14%, delivering on our financial plans, but also reducing the risk of the execution of the integration. So in that sense, you know, I just want to remind that the massive migration of data we're going to go through in 2025 creates potential operational risk. So we have to be prudent about how we also look at share buybacks. Having said that, I'm still confident that we will be able to do that. Now, you know, I have no more visibility than you have in respect of how things are going to develop other than what is publicly presented. I have, you know, I can continue to say that it is for us not appropriate to speculate on any outcome. And, you know, so we will engage till the last minutes to make sure that whatever proposal is put on the place is reflecting of the concerns and topics that I raised in my remarks.",5,True,False,1,False
UBS,2024-Q4,earnings,2025-02-04,7,qa,management,Todd Tuckner,,858,"And Chris, on the first one, just to point out a few things that no, it's not – the change is not reflective of what we consider to be more, more complex versus less complex. Important to note that, you know, when we developed this view a year back, this was seen as a very low multiplier when you look at 13 billion of cost to achieve versus the gross cost saves that we anticipated. And we're still even with 14 billion at a very low multiplier. And so it should be seen in that light, but it's important to highlight that the changes were invited by certain assumptions we modeled a year ago and we saw changes which I highlighted in my comments earlier. But also importantly, we've identified incremental opportunities as we've worked through the integration to unlock additional shareholder value, and that's taken some incremental cost to achieve that.",6,True,False,1,False
UBS,2024-Q4,earnings,2025-02-04,8,qa,analyst,Chris Hallam,Goldman Sachs,23,Okay. Thanks very much.,7,True,True,2,True
UBS,2024-Q4,earnings,2025-02-04,9,qa,analyst,Anke Reingen,RBC,696,"Sorry. Yeah. Thank you much for taking my question. Two questions, please. On the first one coming back to the too big to fail was, I mean, you stressed a few times the potential impact on your return currently, on your current assumptions based on 14%. I know there's a lot of uncertainty, but do you think considering depending on the outcome, you will have room to offset your ROE dilution for more capital requirements? And then thank you on the US wealth management operation, a few details here. I'm just wondering obviously you talked about improving the performance of the US operations a few times before. So what will be different this time that this will work out? Thank you very much.",8,True,True,3,False
UBS,2024-Q4,earnings,2025-02-04,10,qa,management,Sergio P. Ermotti,,280,"Thank you, Anke. Unfortunately, as I mentioned before, there is no easy fixes and there is no potential offset on the table that is not already planned and communicated. So no easy fixes, no low hanging fruits. Whatever comes is on top of our plans, and it will be dilutive. Todd?",9,True,False,3,False
UBS,2024-Q4,earnings,2025-02-04,11,qa,management,Todd Tuckner,,860,"Hi, Anke. You know, look, in terms of what's different, we wanted to highlight the things that we're doing now and demonstrate the initiatives we're undertaking and the plans that we have that will help us chip away. You know, we're being realistic in terms of what we think the margins can be over the mid-term, and we have a very comprehensive way at that. There is no silver bullet where there's one thing where you say that's going to effectively transform the pre-tax margin. But what I think you heard me say, and Sergio alluded to in his opening, is that we're very focused to actually across these various levers. We're implementing them all. And they're, you know, in the collective, we're going to contribute to improving the efficiency of the business. So I'd say that's our focus and that's where we look, that's the outcome we're looking to drive.",10,True,False,3,False
UBS,2024-Q4,earnings,2025-02-04,12,qa,analyst,Anke Reingen,RBC,10,Thank you.,11,True,True,4,True
UBS,2024-Q4,earnings,2025-02-04,13,qa,analyst,Jeremy Sigee,BNP Paribas Exane,719,"Yeah. Morning. Thank you. Two questions, please. Firstly, just to sort of revenue in the quarter, the capital markets growth. So ECM and DCM was a bit less than some of the peer groups, 11% year-on-year. I just wondered if there's any mix reasons for that or if there's any sort of delay still in Credit Suisse teams becoming fully productive. So just a question on capital markets revenues. And then second question is on the foreign subsidiaries topic. It sounds like you've reduced the UBS Americas CET1 ratio to around 20% from the previous 27%. In the past, you've run that anywhere from 14% to 22%. Is it realistic to think about going back into the mid to high teens in that subsidiary on a, say, five-year view?",12,True,True,5,False
UBS,2024-Q4,earnings,2025-02-04,14,qa,management,Todd Tuckner,,682,"Hi, Jeremy. Just on the second one. So we are targeting and as you acknowledge from the capital repatriation, the CET1, capital in the IHC has come down significantly. We are targeting a lower CET1 capital ratio, say, in the upper teens level, but on a like-for-like basis under the Swiss standards, that's more in line with the 13% to 15% CET1 capital ratio. So that addresses that. On the IB question, I'll – just to point out on DCM, clearly, we're underweight versus peers. So you're seeing that manifest in the, in our performance. In ECM, as I highlighted, you know, we're building, but the timing of our pipeline build is likely to yield more payback later in 2025 into 2026.",13,True,False,5,False
UBS,2024-Q4,earnings,2025-02-04,15,qa,analyst,Jeremy Sigee,BNP Paribas Exane,16,Okay. Thank you.,14,True,True,6,True
UBS,2024-Q4,earnings,2025-02-04,16,qa,analyst,Kian Abouhossein,JPMorgan,1012,"Yes, thanks for taking my question. I really only have question regarding the key slide 32. Sergio, I get the message: don't get overexcited in terms of how capital would be repatriated and solve potentially a capital issue. But if I look at slide 32 and I got very excited when I saw the 13 billion, but clearly, it hasn't ended up in the parent bank. It has been further upstreamed. It looks like it. And I'm just trying to understand the rationale of the upstream and also trying to understand if there's room to downstream again, if necessary. And in that context and also trying to understand how much more capital is there in CS International? It should be something like 5 billion to 6 billion from what I calculate. And if there's any other subsidiaries that you would highlight, where there's room for potential further upstreaming into the parent going forward? So really just trying to square the process. I'm a little bit confused in that sense and if you could help me, I would really appreciate it.",15,True,True,7,False
UBS,2024-Q4,earnings,2025-02-04,17,qa,management,Sergio P. Ermotti,,554,"Thank you, Kian. I'm sorry, and I really appreciate your enthusiasm. And I'm sorry that you started with an enthusiasm and then you ended up being confused. So in that sense, I can only reiterate that we don't really have some, so much low-hanging fruits here. There is no short fixes. There are technicalities that I think that Todd can explain you now, but that's essentially the situation. So we have been quite coherent and consistent in saying and planning for capital, you know, well ahead of the curve when we started to plan for the 2026 targets.",16,True,False,7,False
UBS,2024-Q4,earnings,2025-02-04,18,qa,analyst,Kian Abouhossein,JPMorgan,98,"Sergio, just to add. I'm a bank analyst. I can get excited very quickly so just to put in context.",17,True,True,8,False
UBS,2024-Q4,earnings,2025-02-04,19,qa,management,Sergio P. Ermotti,,19,Well don’t tell me.,18,True,False,8,False
UBS,2024-Q4,earnings,2025-02-04,20,qa,management,Todd Tuckner,,1055,"Kian, I think it's worth just pointing out that, remember, when we acquired Credit Suisse and the capital ratios at the parent bank were, you know, distressed relative to what the UBS AG's fully applied capital ratio was and the strength and resilience of our capital on the UBS side. Also to consider, you know, the equity double leverage that was there on the Credit Suisse side. And as we inherited that, the pressure it put, you know, on our own, just given what we had to address and pushing up that double leverage. So, you know, taking out the capital and rebalancing the capital from former Credit Suisse subsidiaries in, say, the UK and the US, you know, up to the parent and fundamentally at group level, as you say, has been part of the plan, but also helps to alleviate the pressure in the equity double leverage. And I think that's an important point to mention. And that's why we made the comment that, you know, if there's going to be onerous capital imposed on the parent bank, it's going to be funded with the retention of future profits.",19,True,False,8,False
UBS,2024-Q4,earnings,2025-02-04,21,qa,analyst,Kian Abouhossein,JPMorgan,243,"And just on double leverage, how much of the 13 billion do you actually require for double leverage and how much do you allocate for payback to shareholders? So we just get an idea how much is potentially excess in the holding, if there's any.",20,True,True,9,False
UBS,2024-Q4,earnings,2025-02-04,22,qa,management,Todd Tuckner,,225,"It's a – look, of that amount that we have repatriated, there's a significant part of it that is used to support moving to a more normalized level of equity double leverage level, a significant portion of it. Thank you, Kian.",21,True,False,9,False
UBS,2024-Q4,earnings,2025-02-04,23,qa,analyst,Kian Abouhossein,JPMorgan,133,"Thank you. Okay. And just on the 6 billion in the CS International, roughly 5 to 6 billion, is that correct, that's what's remaining?",22,True,True,10,False
UBS,2024-Q4,earnings,2025-02-04,24,qa,management,Todd Tuckner,,512,"Yes, I highlighted that in my comments as well that that's what we see. You know, naturally, it's a function of timing and ensuring that we continue to run down the positions in that entity and get the support from the regulator to repatriate the remaining capital in that entity as we transfer our positions, as I mentioned. And, you know, there could be leakage between now and then if we have losses in the entity. So, you know, conservatively, I mentioned around 5 billion that would come from CSI from here.",23,True,False,10,False
UBS,2024-Q4,earnings,2025-02-04,25,qa,analyst,Kian Abouhossein,JPMorgan,10,Thank you.,24,True,True,11,True
UBS,2024-Q4,earnings,2025-02-04,26,qa,analyst,Giulia Miotto,Morgan Stanley,763,"Yes. Hi. Good morning. Thank you for taking my questions. I have two. Going back to slide 31 on the Non-core deleveraging, how is it possible that, if I exclude op risk, which I understand is driven by a formula, that's fine. But on credit and market risk, capital risk came down by 42 billion since Q2 2023, and now you only plan to cut 7 billion in 2025. Why wouldn't we expect a faster deleveraging there given the market is still very supportive? And then secondly, thanks for all the additional detail on the GWM in the US. On the NII discussion in that division, which I look forward to the disclosure in Q1 - I guess having operating under a national charter other than Utah would help. But how quickly do you expect to get that license, please? Thank you.",25,True,True,12,False
UBS,2024-Q4,earnings,2025-02-04,27,qa,management,Todd Tuckner,,1664,"Giulia. So on the credit and market risk ambition in terms of the levels taking it down, you know, I think this goes really to the point I highlighted in my comments in the context of the underlying PBT we see in 2025 versus 2024. I made comments that, you know, the positions at this point are much smaller than we've seen. They're hedged at times. They could be – could have transfer restrictions associated with them. We have to ensure the counterparty is willing to terminate. There could be exotic security types with bespoke features that limit potential buyers. So there are a lot of issues as you get down into the portfolio and you have much smaller positions in these books, that's going to take, you know, extensive amount of work to see, you know, chip away at progress. So a lot of the, you know, the big rocks and larger positions that generated significant RWA reduction, but also invited an ability to exit at levels above book value, you know, we're going to become further and farther and less likely as we move forward. So I think it's just important to understand that in the context as well of the RWA rundown. In terms of your second question on the national charter and the timing, look, we're working on moving forward with getting the application in. There's a lot of work being done. And we're going to work as quickly as we can to get that rolled out and to enhance our banking product offering. I mean, we're not standing still at the moment. We're doing a lot of work in that respect now also to, you know, go live. But certainly, having that license will unlock certain product capabilities that just aren't possible until we have it.",26,True,False,12,False
UBS,2024-Q4,earnings,2025-02-04,28,qa,analyst,Giulia Miotto,Morgan Stanley,77,"Got it. But is it fair to expect that, you know, three years longer, shorter?",27,True,True,13,False
UBS,2024-Q4,earnings,2025-02-04,29,qa,management,Todd Tuckner,,283,"Giulia, I think that's just something we'll continue to update you on. I don't want to predict the process because we're working obviously also with supervisors to get that, get the license approved. So the timeline is something we're working actively on, but we'll keep you updated.",28,True,False,13,False
UBS,2024-Q4,earnings,2025-02-04,30,qa,analyst,Giulia Miotto,Morgan Stanley,22,Understood. Thank you.,29,True,True,14,False
UBS,2024-Q4,earnings,2025-02-04,31,qa,management,Sergio P. Ermotti,,541,"And maybe just to add on, on Non-core, we always said that at the end of the day, of course, if we really want to take down market and credit risk overnight, we could probably find a price at which to do it. But now if that price is well in excess of our cost of capital and expected return, that would be a stupid trade. So we are constantly looking to optimize shareholder interest as we wind down this asset. So it doesn't really make sense to create new capital at a cost that is well above, how we expect to deliver in terms of returns.",30,True,False,14,False
UBS,2024-Q4,earnings,2025-02-04,32,qa,analyst,Giulia Miotto,Morgan Stanley,18,Got it. Thank you.,31,True,True,15,True
UBS,2024-Q4,earnings,2025-02-04,33,qa,analyst,Stefan Stalmann,Autonomous Research,749,"Hi. Yes, good morning. Thank you very much for taking my questions. I wanted to ask about the US wealth management plans, please. It looks like you're tilting away the business mix from the high end of the market towards more affluent and lower wealth brackets, which is pretty much the opposite of what you've been trying to achieve over the last 20 years, I would say. What has changed? Why are you coming to this different assessment of the relative attractiveness of different wealth brackets in the US? And the second question, I just wanted to make sure that I understood this correctly. The share buyback plans and aims that you outlined, they are not yet accrued and deducted from CET1 capital at the year end, isn't it? Thank you very much.",32,True,True,16,False
UBS,2024-Q4,earnings,2025-02-04,34,qa,management,Todd Tuckner,,1428,"Hi, Stefan. The – yeah, with respect to the 2 billion [ Edit: 3 billion ] that we aim to buy back, you know, based on the conditionality that Sergio described, that is correct. On the US wealth side, I think it's just important to point out that it's not a shift in strategy. What we said was we're looking to rebalance more into the high net worth and affluent client segments. And the reality there is that one where we're quite overweight in ultra, which is, of course, you know, our strength. But it's also important to point out that the return on assets in that segment versus as you move down client segments is, of course, lower, and so the profitability as you move down segments is higher. And so what we're trying to do is rebalance so to stay obviously very, to stay very penetrated in ultra, but to increase our penetration in high net worth and affluent sort of to create a better balance in line, more in line with the market, a bit more in line, although of course, we want to stay more overweight at the top end because as I said, that's our strength and our what we bring to – the strength that we bring to the table. But it is really important to emphasize that, yes, that versus the market, you could see that as we have on slide 26, that, you know, we're looking just to shift and rebalance, you know, more into high net worth and affluent where the profitability is improved. And yeah, the point is that...",33,True,False,16,False
UBS,2024-Q4,earnings,2025-02-04,35,qa,analyst,Stefan Stalmann,Autonomous Research,9,Thank you,34,True,True,17,False
UBS,2024-Q4,earnings,2025-02-04,36,qa,management,Todd Tuckner,,63,...it's a – It's a rebalancing as opposed to a strategy change.,35,True,False,17,False
UBS,2024-Q4,earnings,2025-02-04,37,qa,analyst,Stefan Stalmann,Autonomous Research,154,Okay. Yeah. Just to quickly follow up on the first part of the question. Is the 1 billion share buyback plan also not deducted from CET1 capital or is it?,36,True,True,18,False
UBS,2024-Q4,earnings,2025-02-04,38,qa,management,Todd Tuckner,,54,That's in [Edit: the CET1 capital i.e. not deducted] .,37,True,False,18,False
UBS,2024-Q4,earnings,2025-02-04,39,qa,analyst,Stefan Stalmann,Autonomous Research,35,It’s in. Okay. Thank you very much.,38,True,True,19,True
UBS,2024-Q4,earnings,2025-02-04,40,qa,analyst,Andrew Coombs,Citi,1159,"Good morning. One follow-up on GWM Americas and then perhaps I can touch on P&C, NII. On the GWM Americas, you highlighted a couple of times how you are adjusting the FA incentives to align them better with your strategic goals around net new money, sign acquisition and NII growth. I bet if you can just elaborate a bit more there on exactly what changes you are making, how you think those changes compare to your US peer group, especially given your comment in the near term it might lead some FA attrition and lower net new money? That's the first question. Second question on the P&C NII, it obviously has been of your biggest headwinds. You're guiding to, I think that was, well a much more pronounced drop this year than last year. But you're still expecting it to plateau after the second quarter. So if I just ask, what are your rate assumptions? Take the SNB rate. And I think you made a comment that it should plateau regardless of where the rate trajectory is thereafter. So perhaps if you could elaborate on that. And then also what your loan assumptions, given that your loan balances shrunk by another couple of billion this quarter. Thank you.",39,True,True,20,False
UBS,2024-Q4,earnings,2025-02-04,41,qa,management,Todd Tuckner,,3052,"So first, on your first question in respect to the FA comp changes, you know, I think the changes that I highlighted that aligned better with our strategy also are more aligned to what we believe or observe are the comp models at our competitors as well. We had certain features we think that were perhaps off market and we are looking more to align with what our peers do. But I think the more important point though is that, you know, in discussing this with, you know, many financial and getting their take on these changes, it's clear that those who are very aligned with our strategy of bringing value to their clients and growing their books of business and, you know, as I said, bringing more solutions to their clients from essentially across what we can offer, those FAs will benefit in this model, and they'll get paid more. And I think that's the key point. My comment about FA attrition is just that those who may have benefited from features that we have eliminated may decide that it – that they would be better off trading away and we have to cater for that prospect in our in our modeling and so that's why I mentioned that. But, you know, it's important to keep in mind that the changes we're making are really not intended to reduce compensation, but to increase it as long as it's being done in ways that are very aligned with our strategy. And I think that's the most important point. On P&C, net interest income, you had several questions. I mean, in terms of rate assumptions, well, first of all, you know, the current rates are at 50 basis points, having come down 125 basis points over the last three quarters of 2024. There's an expectation, if you look at implied forwards, that the rate curve will approach near-zero. So there is really a lack of deposit margin room for maneuver as we look out, which is why, you know, we think that the full year 2025 NII, especially if rates move down further, will be even more pronounced than the Q1 guidance. I talked about plateauing, you know, once we inflect because if you look at the yield curve, it's actually quite flat if not even inverted, but it's certainly flat. And as such, you know, we don't see movements in it. So therefore, you know, if it's effectively hitting a trough, I see it plateauing. And then I commented that, which was your other question, you know, if rates move, obviously, if they move up, it gives us a bit more deposit margin room for maneuver. If they move down into negative territory, that is also helpful because we can typically charge certain clients and also drive greater lending NIM as well. As far as the expectation around loan balances, we have a stable outlook for lending in P&C and also a stable outlook for deposits in P&C. So we're quite focused continuing to do balance optimization, ensure that the pricing reflects the appropriate cost of risk and capital. And on the deposit side, we've been very thoughtful in how we have moved pricing down in relation to the central bank dropping rates in order to retain deposits where possible.",40,True,False,20,False
UBS,2024-Q4,earnings,2025-02-04,42,qa,analyst,Stefan Stalmann,Autonomous Research,34,Very helpful. Thank you very much.,41,True,True,21,True
UBS,2024-Q4,earnings,2025-02-04,43,qa,analyst,Amit Goel,Mediobanca,874,"Hi. Thank you and thank you for the clarifications on the capital. I've got just a couple of questions again on the US business. And so I guess, one, I was just wanted to understand a bit better, you know, as you get to the 15% PBT margin in 2027, you know, what is the kind of plan or thought process in terms of getting to kind of peer levels or 25%, 30% operating margin in the future or do you, I don't know if you think peers are overearning? But what the step is there? And if, you know, building out the more comprehensive banking offering and delivery model is part of that, but what cost is involved in that? And then secondly, also just curious, in terms of the PBT margin that you're targeting to sustain in 2027, I think previously you were talking about mid-teens in 2026. So just to check, is that slightly later or is it the same basic expectation? Thank you.",42,True,True,22,False
UBS,2024-Q4,earnings,2025-02-04,44,qa,management,Todd Tuckner,,1254,"Yeah. So in terms of the expectations, we haven't really articulated that other than I've said in the past that expected mid-teens in the midterm. We talked about the business and Sergio and I've been doing this. So I don't think it's inconsistent. But where we're talking over the next couple of years to continue to build and we think by 2027, we'll be at that at the mid-teens level. I mean, as far as comparing to peers and we don't – this isn't a comparison to peers for us or sorry, narrowing. It's not about effectively catching peers, but it's more about narrowing the gap. That's what we've said consistently, in order to, you know, to improve the overall cost-to-income ratio for the business overall. And in the US, to put us in a position where we're contributing significantly more to the overall profitability of Global Wealth Management. In terms of the banking capabilities and the other capabilities I talked about, those investments are catered for in my comments. I did say that we're making incremental technology investments and also investments in our capabilities and in the collective, you know, that's also being priced into our 2025 pre-tax margin expectation. But also as we, you know, as we guided looking out to 2027 as well.",43,True,False,22,False
UBS,2024-Q4,earnings,2025-02-04,45,qa,analyst,Amit Goel,Mediobanca,326,"Thank you. Can I just follow up just in terms of that investment and in terms of points of operating margin, would that be kind of 2, 3 or 5 percentage points of operating margin that you're investing in those years or just to think about thereafter, how much could potentially drop out or how much is just ongoing investment?",44,True,True,23,False
UBS,2024-Q4,earnings,2025-02-04,46,qa,management,Todd Tuckner,,597,"I'd just say the investments that we're making, we already – we've been investing in the business. So it's important to keep that in mind. But we are making, now we're ensuring that the investments that we make in technology are done in a way where the payback is improved, as I mentioned, improved ROI. We’re also funding incremental investments, as I say, and that is captured in the pre-tax margin expectation for 2025 and as we grow it. So, you know, I wouldn't model it falling out. I mean, this will be technology investments we're going to continue to make for the business to help it grow.",45,True,False,23,False
UBS,2024-Q4,earnings,2025-02-04,47,qa,analyst,Amit Goel,Mediobanca,10,Thank you.,46,True,True,24,True
UBS,2024-Q4,earnings,2025-02-04,48,qa,analyst,Antonio Reale,Bank of America,961,"Good morning. It's Antonio from Bank of America. Two questions for me, please. Actually, it's two follow-ups, really. One on capital and one on the P&C. So you've repatriated the 13 billion capital at the parent company this quarter. And despite that, your CET1 ratio at the AG level was only up 20 bps or so Q-on-Q to 13.5% now. Could you please explain why that was the case and maybe talk us through the moving parts? I'm sorry if it's a repetition, but I think it's important. And the second question is, again, a follow-up on your Swiss business. You've talked about your NII guidance. Can you just remind us your sensitivity to rates and hedging structure in Switzerland? And more in general, what flexibility would you have to mitigate some of this trend on NII with the rest for the P&L? You've alluded to more cost synergies. So if you can share a little bit more about the moving parts of the P&L, that would be that would be super helpful. Thank you.",47,True,True,25,False
UBS,2024-Q4,earnings,2025-02-04,49,qa,management,Todd Tuckner,,1451,"So in terms of the mitigants a bit to the headwinds, you know, we're definitely focusing on driving as you saw in 4Q continuing to drive where possible, non-NII revenue growth improve on recurring revenue and P&C and also on transaction revenues. That will be a focus to partially offset the headwinds that we see in P&C. I mean as far as abilities to effectively hedge or extend duration, I mean that's just not when the rates are this low and with the flat yield curve, you know, extending duration, for example, on non-maturing deposits doesn't offer much of an advantage at all. In fact, it could lock in funding costs and rather than allow us to benefit from future rate cuts, including if they go below zero and also creates some mismatched risk, mismatch risk as well. So, you know, if the rates are going to near zero, as I said, we have very limited room for maneuverability, and we just have to wait until we see some daylight in terms of changes in that yield curve. On the capital question you had in terms of what you're missing, I think in terms of the CET1 capital ratio at UBS AG after it received the capital from the subsidiaries, you know, we are accruing a dividend to the parent to address the point that I made before in response to Kian's question. So it's a dividend accrual that will serve as an offset to the – sorry, dividend accrual to group. To be clear, to offset the capital repatriated to AG, its first tier subsidiary.",48,True,False,25,False
UBS,2024-Q4,earnings,2025-02-04,50,qa,analyst,Antonio Reale,Bank of America,20,Thank you very much.,49,True,True,26,True
UBS,2024-Q4,earnings,2025-02-04,51,qa,analyst,Piers Brown,HSBC,832,"Yes, good morning, everybody. I just got two follow-ups. One, I just wanted to make sure on if I got the message correct on client risk appetite. I mean, you've talked about the move into sweep accounts and obviously the fourth quarter NII was much better than we anticipated. But then on the transaction side, you're little bit below street expectations. When I look at the loan number, that's still declining. So just appetite for re- leveraging and sort of look forward on the client activity into the first quarter. Can you comment that, please? And then just a technical question maybe on the Basel III final outcome. I mean, I said it's basically no change to CET1. I think you had guided to a 30 basis points impact originally. So what's moved in your favor on implementation of Basel III final that's caused a delta? Thanks.",50,True,True,27,False
UBS,2024-Q4,earnings,2025-02-04,52,qa,management,Todd Tuckner,,1523,"Hi Piers, so on – I'll just take your second question first. So in terms of the Basel III, look, I guided down last quarter to a lower level than I had been guiding. You know, as we started to get more visibility and make progress, the team has done an excellent job at ensuring that we were able to mitigate where we can in some of the aspects that were at work or infrastructure improvements, model alignments, also exiting positions and running down risks. So all of those things contributed to our ability to be able to, you know, ultimately print the day-one level that's far inside where we had guided. In terms of re-leveraging opportunities, you know, for sure in Global Wealth Management with rates, you know, potentially higher, you know, we're not or not going, coming down as quickly as perhaps we anticipated a quarter ago or certainly two quarters ago. You know, that's going to be helpful. That's going to be helpful for deposit margins as I mentioned, but probably, we'll have a little bit of a chilling effect on re- leveraging, which is something that with rates coming down, we expect to see both in, you know, in all parts of the of the wealth business, which involves really where we have US dollar exposure in the US business naturally, but also in our APAC part of the business. And so we, you know, if rates sort of back up, then we'll have positive effects on deposit margins, but the extent of re-leveraging that we're pricing into the outlook, you know, we may see that come in less aggressively.",51,True,False,27,False
UBS,2024-Q4,earnings,2025-02-04,53,qa,analyst,Piers Brown,HSBC,127,"That's perfect. Thanks. Just on global banking, you mentioned a 20% change in pipeline, was it up or down? I didn't catch that.",52,True,True,28,False
UBS,2024-Q4,earnings,2025-02-04,54,qa,management,Sergio P. Ermotti,,465,"What we mentioned, it's not our pipeline. What we said is that according to market data. So the industry is down 26% year-to-date [ Edit: 21% ], so for the first month. So our pipeline is building up. We are very confident about the ability to generate new business and build up our market share. But you know, if you look at according to market data, January, on January, you know, the amount of fees and activity is down 26% [ Edit: 21% ] if I remember correctly.",53,True,False,28,False
UBS,2024-Q4,earnings,2025-02-04,55,qa,management,Todd Tuckner,,142,"So yeah, it came in – the final number came in, yes, sorry, Piers, I got your question. The fee pool is down around 21 percentage for January.",54,True,False,28,False
UBS,2024-Q4,earnings,2025-02-04,56,qa,analyst,Piers Brown,HSBC,50,"21, okay. So in any case, to handle in front so...",55,True,True,29,False
UBS,2024-Q4,earnings,2025-02-04,57,qa,management,Todd Tuckner,,8,Exactly.,56,True,False,29,False
UBS,2024-Q4,earnings,2025-02-04,58,qa,management,Sergio P. Ermotti,,49,So that's industry and not UBS. Just to be clear.,57,True,False,29,False
UBS,2024-Q4,earnings,2025-02-04,59,qa,analyst,Piers Brown,HSBC,20,"Ok, Thanks very much",58,True,True,30,False
UBS,2024-Q4,earnings,2025-02-04,60,qa,management,Sergio P. Ermotti,,162,Okay. So there are no more questions. There are no more questions. So thank you for calling in and for your questions. So I'll touch base next quarter. Thank you.,59,True,False,30,False
